{"type":"FeatureCollection","name":"usgs_ds781","features":[{"type":"Feature","properties":{"Name":"DepthToTransition_BolinasToPescadero","ID":"DepthToTransition_BolinasToPescadero","Agency":"USGS","DataLink":"https://pubs.usgs.gov/ds/781/BolinasToPescadero/data/DepthToTransition_BolinasToPescadero.zip","MetadataLink":"https://pubs.usgs.gov/ds/781/BolinasToPescadero/metadata/DepthToTransition_BolinasToPescadero_metadata.xml","DataType":"raster","DataSource":"usgs_ds781","Info":"USGS DS 781","LastUpdate":"20260914165013"},"geometry":{"type":"Polygon","coordinates":[[[-122.784697,37.229799],[-122.407086,37.229799],[-122.407086,37.946123],[-122.784697,37.946123],[-122.784697,37.229799]]]}},{"type":"Feature","properties":{"Name":"TransgressiveContours_BolinasToPescadero","ID":"TransgressiveContours_BolinasToPescadero","Agency":"USGS","DataLink":"https://pubs.usgs.gov/ds/781/BolinasToPescadero/data/TransgressiveContours_BolinasToPescadero.zip","MetadataLink":"https://pubs.usgs.gov/ds/781/BolinasToPescadero/metadata/TransgressiveContours_BolinasToPescadero_metadata.xml","DataType":"raster","DataSource":"usgs_ds781","Info":"USGS DS 781","LastUpdate":"20260914165014"},"geometry":{"type":"Polygon","coordinates":[[[-122.784697,37.229799],[-122.407086,37.229799],[-122.407086,37.946123],[-122.784697,37.946123],[-122.784697,37.229799]]]}},{"type":"Feature","properties":{"Name":"SedimentThickness_BolinasToPescadero","ID":"SedimentThickness_BolinasToPescadero","Agency":"USGS","DataLink":"https://pubs.usgs.gov/ds/781/BolinasToPescadero/data/SedimentThickness_BolinasToPescadero.zip","MetadataLink":"https://pubs.usgs.gov/ds/781/BolinasToPescadero/metadata/SedimentThickness_BolinasToPescadero_metadata.xml","DataType":"raster","DataSource":"usgs_ds781","Info":"USGS DS 781","LastUpdate":"20260914165014"},"geometry":{"type":"Polygon","coordinates":[[[-122.784697,37.229799],[-122.407086,37.229799],[-122.407086,37.946123],[-122.784697,37.946123],[-122.784697,37.229799]]]}},{"type":"Feature","properties":{"Name":"Isopachs_BolinasToPescadero","ID":"Isopachs_BolinasToPescadero","Agency":"USGS","DataLink":"https://pubs.usgs.gov/ds/781/BolinasToPescadero/data/Isopachs_BolinasToPescadero.zip","MetadataLink":"https://pubs.usgs.gov/ds/781/BolinasToPescadero/metadata/Isopachs_BolinasToPescadero_metadata.xml","DataType":"raster","DataSource":"usgs_ds781","Info":"USGS DS 781","LastUpdate":"20260914165015"},"geometry":{"type":"Polygon","coordinates":[[[-122.784697,37.229799],[-122.407086,37.229799],[-122.407086,37.946123],[-122.784697,37.946123],[-122.784697,37.229799]]]}},{"type":"Feature","properties":{"Name":"Bathymetry_OffshoreSanFrancisco","ID":"Bathymetry_OffshoreSanFrancisco","Agency":"USGS","DataLink":"https://pubs.usgs.gov/ds/781/OffshoreSanFrancisco/data/Bathymetry_OffshoreSanFrancisco.zip","MetadataLink":"https://pubs.usgs.gov/ds/781/OffshoreSanFrancisco/metadata/Bathymetry_OffshoreSanFrancisco_metadata.xml","DataType":"raster","DataSource":"usgs_ds781","Info":"USGS DS 781","LastUpdate":"20260914165017"},"geometry":{"type":"Polygon","coordinates":[[[-122.62,37.7],[-122.42,37.7],[-122.42,37.86],[-122.62,37.86],[-122.62,37.7]]]}},{"type":"Feature","properties":{"Name":"BathymetryHS_OffshoreSanFrancisco","ID":"BathymetryHS_OffshoreSanFrancisco","Agency":"USGS","DataLink":"https://pubs.usgs.gov/ds/781/OffshoreSanFrancisco/data/BathymetryHS_OffshoreSanFrancisco.zip","MetadataLink":"https://pubs.usgs.gov/ds/781/OffshoreSanFrancisco/metadata/BathymetryHS_OffshoreSanFrancisco_metadata.xml","DataType":"raster","DataSource":"usgs_ds781","Info":"USGS DS 781","LastUpdate":"20260914165017"},"geometry":{"type":"Polygon","coordinates":[[[-122.62,37.7],[-122.42,37.7],[-122.42,37.86],[-122.62,37.86],[-122.62,37.7]]]}},{"type":"Feature","properties":{"Name":"Contours_OffshoreSanFrancisco","ID":"Contours_OffshoreSanFrancisco","Agency":"USGS","DataLink":"https://pubs.usgs.gov/ds/781/OffshoreSanFrancisco/data/Contours_OffshoreSanFrancisco.zip","MetadataLink":"https://pubs.usgs.gov/ds/781/OffshoreSanFrancisco/metadata/Contours_OffshoreSanFrancisco_metadata.xml","DataType":"raster","DataSource":"usgs_ds781","Info":"USGS DS 781","LastUpdate":"20260914165018"},"geometry":{"type":"Polygon","coordinates":[[[-122.62,37.7],[-122.42,37.7],[-122.42,37.86],[-122.62,37.86],[-122.62,37.7]]]}},{"type":"Feature","properties":{"Name":"BackscatterA_8101_2004_OffshoreSanFrancisco","ID":"BackscatterA_8101_2004_OffshoreSanFrancisco","Agency":"USGS","DataLink":"https://pubs.usgs.gov/ds/781/OffshoreSanFrancisco/data/BackscatterA_8101_2004_OffshoreSanFrancisco.zip","MetadataLink":"https://pubs.usgs.gov/ds/781/OffshoreSanFrancisco/metadata/BackscatterA_8101_2004_OffshoreSanFrancisco_metadata.xml","DataType":"raster","DataSource":"usgs_ds781","Info":"USGS DS 781","LastUpdate":"20260914165019"},"geometry":{"type":"Polygon","coordinates":[[[-122.62,37.7],[-122.42,37.7],[-122.42,37.86],[-122.62,37.86],[-122.62,37.7]]]}},{"type":"Feature","properties":{"Name":"BackscatterB_8101_2007_OffshoreSanFrancisco","ID":"BackscatterB_8101_2007_OffshoreSanFrancisco","Agency":"USGS","DataLink":"https://pubs.usgs.gov/ds/781/OffshoreSanFrancisco/data/BackscatterB_8101_2007_OffshoreSanFrancisco.zip","MetadataLink":"https://pubs.usgs.gov/ds/781/OffshoreSanFrancisco/metadata/BackscatterB_8101_2007_OffshoreSanFrancisco_metadata.xml","DataType":"raster","DataSource":"usgs_ds781","Info":"USGS DS 781","LastUpdate":"20260914165020"},"geometry":{"type":"Polygon","coordinates":[[[-122.62,37.7],[-122.42,37.7],[-122.42,37.86],[-122.62,37.86],[-122.62,37.7]]]}},{"type":"Feature","properties":{"Name":"BackscatterC_8101_2008_OffshoreSanFrancisco","ID":"BackscatterC_8101_2008_OffshoreSanFrancisco","Agency":"USGS","DataLink":"https://pubs.usgs.gov/ds/781/OffshoreSanFrancisco/data/BackscatterC_8101_2008_OffshoreSanFrancisco.zip","MetadataLink":"https://pubs.usgs.gov/ds/781/OffshoreSanFrancisco/metadata/BackscatterC_8101_2008_OffshoreSanFrancisco_metadata.xml","DataType":"raster","DataSource":"usgs_ds781","Info":"USGS DS 781","LastUpdate":"20260914165021"},"geometry":{"type":"Polygon","coordinates":[[[-122.62,37.7],[-122.42,37.7],[-122.42,37.86],[-122.62,37.86],[-122.62,37.7]]]}},{"type":"Feature","properties":{"Name":"BackscatterD_7125_2006_OffshoreSanFrancisco","ID":"BackscatterD_7125_2006_OffshoreSanFrancisco","Agency":"USGS","DataLink":"https://pubs.usgs.gov/ds/781/OffshoreSanFrancisco/data/BackscatterD_7125_2006_OffshoreSanFrancisco.zip","MetadataLink":"https://pubs.usgs.gov/ds/781/OffshoreSanFrancisco/metadata/BackscatterD_7125_2006_OffshoreSanFrancisco_metadata.xml","DataType":"raster","DataSource":"usgs_ds781","Info":"USGS DS 781","LastUpdate":"20260914165022"},"geometry":{"type":"Polygon","coordinates":[[[-122.62,37.7],[-122.42,37.7],[-122.42,37.86],[-122.62,37.86],[-122.62,37.7]]]}},{"type":"Feature","properties":{"Name":"Geology_OffshoreSanFrancisco","ID":"Geology_OffshoreSanFrancisco","Agency":"USGS","DataLink":"https://pubs.usgs.gov/ds/781/OffshoreSanFrancisco/data/Geology_OffshoreSanFrancisco.zip","MetadataLink":"https://pubs.usgs.gov/ds/781/OffshoreSanFrancisco/metadata/Geology_OffshoreSanFrancisco_metadata.xml","DataType":"raster","DataSource":"usgs_ds781","Info":"USGS DS 781","LastUpdate":"20260914165022"},"geometry":{"type":"Polygon","coordinates":[[[-122.62,37.7],[-122.42,37.7],[-122.42,37.86],[-122.62,37.86],[-122.62,37.7]]]}},{"type":"Feature","properties":{"Name":"Faults_OffshoreSanFrancisco","ID":"Faults_OffshoreSanFrancisco","Agency":"USGS","DataLink":"https://pubs.usgs.gov/ds/781/OffshoreSanFrancisco/data/Faults_OffshoreSanFrancisco.zip","MetadataLink":"https://pubs.usgs.gov/ds/781/OffshoreSanFrancisco/metadata/Faults_OffshoreSanFrancisco_metadata.xml","DataType":"raster","DataSource":"usgs_ds781","Info":"USGS DS 781","LastUpdate":"20260914165023"},"geometry":{"type":"Polygon","coordinates":[[[-122.62,37.7],[-122.51,37.7],[-122.51,37.86],[-122.62,37.86],[-122.62,37.7]]]}},{"type":"Feature","properties":{"Name":"Folds_OffshoreSanFrancisco","ID":"Folds_OffshoreSanFrancisco","Agency":"USGS","DataLink":"https://pubs.usgs.gov/ds/781/OffshoreSanFrancisco/data/Folds_OffshoreSanFrancisco.zip","MetadataLink":"https://pubs.usgs.gov/ds/781/OffshoreSanFrancisco/metadata/Folds_OffshoreSanFrancisco_metadata.xml","DataType":"raster","DataSource":"usgs_ds781","Info":"USGS DS 781","LastUpdate":"20260914165024"},"geometry":{"type":"Polygon","coordinates":[[[-122.55,37.7],[-122.51,37.7],[-122.51,37.74],[-122.55,37.74],[-122.55,37.7]]]}},{"type":"Feature","properties":{"Name":"Habitat_OffshoreSanFrancisco","ID":"Habitat_OffshoreSanFrancisco","Agency":"USGS","DataLink":"https://pubs.usgs.gov/ds/781/OffshoreSanFrancisco/data/Habitat_OffshoreSanFrancisco.zip","MetadataLink":"https://pubs.usgs.gov/ds/781/OffshoreSanFrancisco/metadata/Habitat_OffshoreSanFrancisco_metadata.xml","DataType":"raster","DataSource":"usgs_ds781","Info":"USGS DS 781","LastUpdate":"20260914165025"},"geometry":{"type":"Polygon","coordinates":[[[-122.617704,37.697159],[-122.415778,37.697159],[-122.415778,37.857326],[-122.617704,37.857326],[-122.617704,37.697159]]]}},{"type":"Feature","properties":{"Name":"SeafloorCharacter_OffshoreSanFrancisco","ID":"SeafloorCharacter_OffshoreSanFrancisco","Agency":"USGS","DataLink":"https://pubs.usgs.gov/ds/781/OffshoreSanFrancisco/data/SeafloorCharacter_OffshoreSanFrancisco.zip","MetadataLink":"https://pubs.usgs.gov/ds/781/OffshoreSanFrancisco/metadata/SeafloorCharacter_OffshoreSanFrancisco_metadata.xml","DataType":"raster","DataSource":"usgs_ds781","Info":"USGS DS 781","LastUpdate":"20260914165026"},"geometry":{"type":"Polygon","coordinates":[[[-122.785224,37.696678],[-122.415053,37.696678],[-122.415053,37.939818],[-122.785224,37.939818],[-122.785224,37.696678]]]}},{"type":"Feature","properties":{"Name":"f208nc_video_observations","ID":"f208nc_video_observations","Agency":"USGS","DataLink":"https://pubs.usgs.gov/ds/781/video_observations/data/f208nc_video_observations.zip","MetadataLink":"https://pubs.usgs.gov/ds/781/video_observations/metadata/f208nc_video_observations_metadata.xml","DataType":"raster","DataSource":"usgs_ds781","Info":"USGS DS 781","LastUpdate":"20260914165027"},"geometry":{"type":"Polygon","coordinates":[[[-123.751261,37.847433],[-122.582776,37.847433],[-122.582776,38.920457],[-123.751261,38.920457],[-123.751261,37.847433]]]}},{"type":"Feature","properties":{"Name":"f307nc_video_observations","ID":"f307nc_video_observations","Agency":"USGS","DataLink":"https://pubs.usgs.gov/ds/781/video_observations/data/f307nc_video_observations.zip","MetadataLink":"https://pubs.usgs.gov/ds/781/video_observations/metadata/f307nc_video_observations_metadata.xml","DataType":"raster","DataSource":"usgs_ds781","Info":"USGS DS 781","LastUpdate":"20260914165028"},"geometry":{"type":"Polygon","coordinates":[[[-123.06489,37.07877],[-122.34079,37.07877],[-122.34079,38.04581],[-123.06489,38.04581],[-123.06489,37.07877]]]}},{"type":"Feature","properties":{"Name":"Bathymetry_OffshorePointReyes","ID":"Bathymetry_OffshorePointReyes","Agency":"USGS","DataLink":"https://pubs.usgs.gov/ds/781/OffshorePointReyes/data/Bathymetry_OffshorePointReyes.zip","MetadataLink":"https://pubs.usgs.gov/ds/781/OffshorePointReyes/metadata/Bathymetry_OffshorePointReyes_metadata.xml","DataType":"raster","DataSource":"usgs_ds781","Info":"USGS DS 781","LastUpdate":"20260914165029"},"geometry":{"type":"Polygon","coordinates":[[[-123.09,37.94],[-122.89,37.94],[-122.89,38.1],[-123.09,38.1],[-123.09,37.94]]]}},{"type":"Feature","properties":{"Name":"BathymetryHS_OffshorePointReyes","ID":"BathymetryHS_OffshorePointReyes","Agency":"USGS","DataLink":"https://pubs.usgs.gov/ds/781/OffshorePointReyes/data/BathymetryHS_OffshorePointReyes.zip","MetadataLink":"https://pubs.usgs.gov/ds/781/OffshorePointReyes/metadata/BathymetryHS_OffshorePointReyes_metadata.xml","DataType":"raster","DataSource":"usgs_ds781","Info":"USGS DS 781","LastUpdate":"20260914165030"},"geometry":{"type":"Polygon","coordinates":[[[-123.09,37.94],[-122.89,37.94],[-122.89,38.1],[-123.09,38.1],[-123.09,37.94]]]}},{"type":"Feature","properties":{"Name":"Contours_OffshorePointReyes","ID":"Contours_OffshorePointReyes","Agency":"USGS","DataLink":"https://pubs.usgs.gov/ds/781/OffshorePointReyes/data/Contours_OffshorePointReyes.zip","MetadataLink":"https://pubs.usgs.gov/ds/781/OffshorePointReyes/metadata/Contours_OffshorePointReyes_metadata.xml","DataType":"raster","DataSource":"usgs_ds781","Info":"USGS DS 781","LastUpdate":"20260914165032"},"geometry":{"type":"Polygon","coordinates":[[[-123.09,37.94],[-122.89,37.94],[-122.89,38.1],[-123.09,38.1],[-123.09,37.94]]]}},{"type":"Feature","properties":{"Name":"BackscatterA_8101_OffshorePointReyes","ID":"BackscatterA_8101_OffshorePointReyes","Agency":"USGS","DataLink":"https://pubs.usgs.gov/ds/781/OffshorePointReyes/data/BackscatterA_8101_OffshorePointReyes.zip","MetadataLink":"https://pubs.usgs.gov/ds/781/OffshorePointReyes/metadata/BackscatterA_8101_OffshorePointReyes_metadata.xml","DataType":"raster","DataSource":"usgs_ds781","Info":"USGS DS 781","LastUpdate":"20260914165033"},"geometry":{"type":"Polygon","coordinates":[[[-123.09,37.94],[-122.89,37.94],[-122.89,38.1],[-123.09,38.1],[-123.09,37.94]]]}},{"type":"Feature","properties":{"Name":"BackscatterB_Swath_OffshorePointReyes","ID":"BackscatterB_Swath_OffshorePointReyes","Agency":"USGS","DataLink":"https://pubs.usgs.gov/ds/781/OffshorePointReyes/data/BackscatterB_Swath_OffshorePointReyes.zip","MetadataLink":"https://pubs.usgs.gov/ds/781/OffshorePointReyes/metadata/BackscatterB_Swath_OffshorePointReyes_metadata.xml","DataType":"raster","DataSource":"usgs_ds781","Info":"USGS DS 781","LastUpdate":"20260914165034"},"geometry":{"type":"Polygon","coordinates":[[[-123.09,37.94],[-122.89,37.94],[-122.89,38.1],[-123.09,38.1],[-123.09,37.94]]]}},{"type":"Feature","properties":{"Name":"BackscatterC_7125_OffshorePointReyes","ID":"BackscatterC_7125_OffshorePointReyes","Agency":"USGS","DataLink":"https://pubs.usgs.gov/ds/781/OffshorePointReyes/data/BackscatterC_7125_OffshorePointReyes.zip","MetadataLink":"https://pubs.usgs.gov/ds/781/OffshorePointReyes/metadata/BackscatterC_7125_OffshorePointReyes_metadata.xml","DataType":"raster","DataSource":"usgs_ds781","Info":"USGS DS 781","LastUpdate":"20260914165035"},"geometry":{"type":"Polygon","coordinates":[[[-123.09,37.94],[-122.89,37.94],[-122.89,38.1],[-123.09,38.1],[-123.09,37.94]]]}},{"type":"Feature","properties":{"Name":"Geology_OffshorePointReyes","ID":"Geology_OffshorePointReyes","Agency":"USGS","DataLink":"https://pubs.usgs.gov/ds/781/OffshorePointReyes/data/Geology_OffshorePointReyes.zip","MetadataLink":"https://pubs.usgs.gov/ds/781/OffshorePointReyes/metadata/Geology_OffshorePointReyes_metadata.xml","DataType":"raster","DataSource":"usgs_ds781","Info":"USGS DS 781","LastUpdate":"20260914165036"},"geometry":{"type":"Polygon","coordinates":[[[-123.094,37.94],[-122.894,37.94],[-122.894,38.098],[-123.094,38.098],[-123.094,37.94]]]}},{"type":"Feature","properties":{"Name":"Faults_OffshorePointReyes","ID":"Faults_OffshorePointReyes","Agency":"USGS","DataLink":"https://pubs.usgs.gov/ds/781/OffshorePointReyes/data/Faults_OffshorePointReyes.zip","MetadataLink":"https://pubs.usgs.gov/ds/781/OffshorePointReyes/metadata/Faults_OffshorePointReyes_metadata.xml","DataType":"raster","DataSource":"usgs_ds781","Info":"USGS DS 781","LastUpdate":"20260914165037"},"geometry":{"type":"Polygon","coordinates":[[[-123.094,37.94],[-122.894,37.94],[-122.894,38.098],[-123.094,38.098],[-123.094,37.94]]]}},{"type":"Feature","properties":{"Name":"Folds_OffshorePointReyes","ID":"Folds_OffshorePointReyes","Agency":"USGS","DataLink":"https://pubs.usgs.gov/ds/781/OffshorePointReyes/data/Folds_OffshorePointReyes.zip","MetadataLink":"https://pubs.usgs.gov/ds/781/OffshorePointReyes/metadata/Folds_OffshorePointReyes_metadata.xml","DataType":"raster","DataSource":"usgs_ds781","Info":"USGS DS 781","LastUpdate":"20260914165037"},"geometry":{"type":"Polygon","coordinates":[[[-123.094,37.94],[-122.894,37.94],[-122.894,38.098],[-123.094,38.098],[-123.094,37.94]]]}},{"type":"Feature","properties":{"Name":"Habitat_OffshorePointReyes","ID":"Habitat_OffshorePointReyes","Agency":"USGS","DataLink":"https://pubs.usgs.gov/ds/781/OffshorePointReyes/data/Habitat_OffshorePointReyes.zip","MetadataLink":"https://pubs.usgs.gov/ds/781/OffshorePointReyes/metadata/Habitat_OffshorePointReyes_metadata.xml","DataType":"raster","DataSource":"usgs_ds781","Info":"USGS DS 781","LastUpdate":"20260914165038"},"geometry":{"type":"Polygon","coordinates":[[[-123.091166,37.939014],[-122.892737,37.939014],[-122.892737,38.098275],[-123.091166,38.098275],[-123.091166,37.939014]]]}},{"type":"Feature","properties":{"Name":"SeafloorCharacter_OffshorePointReyes","ID":"SeafloorCharacter_OffshorePointReyes","Agency":"USGS","DataLink":"https://pubs.usgs.gov/ds/781/OffshorePointReyes/data/SeafloorCharacter_OffshorePointReyes.zip","MetadataLink":"https://pubs.usgs.gov/ds/781/OffshorePointReyes/metadata/SeafloorCharacter_OffshorePointReyes_metadata.xml","DataType":"raster","DataSource":"usgs_ds781","Info":"USGS DS 781","LastUpdate":"20260914165039"},"geometry":{"type":"Polygon","coordinates":[[[-123.091178,37.938761],[-122.892501,37.938761],[-122.892501,38.09832],[-123.091178,38.09832],[-123.091178,37.938761]]]}},{"type":"Feature","properties":{"Name":"DepthToTransition_SaltPointToDrakesBay","ID":"DepthToTransition_SaltPointToDrakesBay","Agency":"USGS","DataLink":"https://pubs.usgs.gov/ds/781/SaltPointToDrakesBay/data/DepthToTransition_SaltPointToDrakesBay.zip","MetadataLink":"https://pubs.usgs.gov/ds/781/SaltPointToDrakesBay/metadata/DepthToTransition_SaltPointToDrakesBay_metadata.xml","DataType":"raster","DataSource":"usgs_ds781","Info":"USGS DS 781","LastUpdate":"20260914165040"},"geometry":{"type":"Polygon","coordinates":[[[-123.473993,37.868433],[-122.762732,37.868433],[-122.762732,38.640196],[-123.473993,38.640196],[-123.473993,37.868433]]]}},{"type":"Feature","properties":{"Name":"TransgressiveContours_SaltPointToDrakesBay","ID":"TransgressiveContours_SaltPointToDrakesBay","Agency":"USGS","DataLink":"https://pubs.usgs.gov/ds/781/SaltPointToDrakesBay/data/TransgressiveContours_SaltPointToDrakesBay.zip","MetadataLink":"https://pubs.usgs.gov/ds/781/SaltPointToDrakesBay/metadata/TransgressiveContours_SaltPointToDrakesBay_metadata.xml","DataType":"raster","DataSource":"usgs_ds781","Info":"USGS DS 781","LastUpdate":"20260914165040"},"geometry":{"type":"Polygon","coordinates":[[[-123.473993,37.868433],[-122.762732,37.868433],[-122.762732,38.640196],[-123.473993,38.640196],[-123.473993,37.868433]]]}},{"type":"Feature","properties":{"Name":"SedimentThickness_SaltPointToDrakesBay","ID":"SedimentThickness_SaltPointToDrakesBay","Agency":"USGS","DataLink":"https://pubs.usgs.gov/ds/781/SaltPointToDrakesBay/data/SedimentThickness_SaltPointToDrakesBay.zip","MetadataLink":"https://pubs.usgs.gov/ds/781/SaltPointToDrakesBay/metadata/SedimentThickness_SaltPointToDrakesBay_metadata.xml","DataType":"raster","DataSource":"usgs_ds781","Info":"USGS DS 781","LastUpdate":"20260914165041"},"geometry":{"type":"Polygon","coordinates":[[[-123.473993,37.868433],[-122.762732,37.868433],[-122.762732,38.640196],[-123.473993,38.640196],[-123.473993,37.868433]]]}},{"type":"Feature","properties":{"Name":"Isopachs_SaltPointToDrakesBay","ID":"Isopachs_SaltPointToDrakesBay","Agency":"USGS","DataLink":"https://pubs.usgs.gov/ds/781/SaltPointToDrakesBay/data/Isopachs_SaltPointToDrakesBay.zip","MetadataLink":"https://pubs.usgs.gov/ds/781/SaltPointToDrakesBay/metadata/Isopachs_SaltPointToDrakesBay_metadata.xml","DataType":"raster","DataSource":"usgs_ds781","Info":"USGS DS 781","LastUpdate":"20260914165042"},"geometry":{"type":"Polygon","coordinates":[[[-123.473993,37.868433],[-122.762732,37.868433],[-122.762732,38.640196],[-123.473993,38.640196],[-123.473993,37.868433]]]}},{"type":"Feature","properties":{"Name":"l908nc_video_observations","ID":"l908nc_video_observations","Agency":"USGS","DataLink":"https://pubs.usgs.gov/ds/781/video_observations/data/l908nc_video_observations.zip","MetadataLink":"https://pubs.usgs.gov/ds/781/video_observations/metadata/l908nc_video_observations_metadata.xml","DataType":"raster","DataSource":"usgs_ds781","Info":"USGS DS 781","LastUpdate":"20260914165043"},"geometry":{"type":"Polygon","coordinates":[[[-123.385458,38.036613],[-122.969477,38.036613],[-122.969477,38.599295],[-123.385458,38.599295],[-123.385458,38.036613]]]}},{"type":"Feature","properties":{"Name":"Bathymetry_OffshoreSanGregorio","ID":"Bathymetry_OffshoreSanGregorio","Agency":"USGS","DataLink":"https://pubs.usgs.gov/ds/781/OffshoreSanGregorio/data/Bathymetry_OffshoreSanGregorio.zip","MetadataLink":"https://pubs.usgs.gov/ds/781/OffshoreSanGregorio/metadata/Bathymetry_OffshoreSanGregorio_metadata.xml","DataType":"raster","DataSource":"usgs_ds781","Info":"USGS DS 781","LastUpdate":"20260914165045"},"geometry":{"type":"Polygon","coordinates":[[[-122.54,37.23],[-122.34,37.23],[-122.34,37.39],[-122.54,37.39],[-122.54,37.23]]]}},{"type":"Feature","properties":{"Name":"BathymetryHS_OffshoreSanGregorio","ID":"BathymetryHS_OffshoreSanGregorio","Agency":"USGS","DataLink":"https://pubs.usgs.gov/ds/781/OffshoreSanGregorio/data/BathymetryHS_OffshoreSanGregorio.zip","MetadataLink":"https://pubs.usgs.gov/ds/781/OffshoreSanGregorio/metadata/BathymetryHS_OffshoreSanGregorio_metadata.xml","DataType":"raster","DataSource":"usgs_ds781","Info":"USGS DS 781","LastUpdate":"20260914165045"},"geometry":{"type":"Polygon","coordinates":[[[-122.54,37.23],[-122.34,37.23],[-122.34,37.39],[-122.54,37.39],[-122.54,37.23]]]}},{"type":"Feature","properties":{"Name":"Contours_OffshoreSanGregorio","ID":"Contours_OffshoreSanGregorio","Agency":"USGS","DataLink":"https://pubs.usgs.gov/ds/781/OffshoreSanGregorio/data/Contours_OffshoreSanGregorio.zip","MetadataLink":"https://pubs.usgs.gov/ds/781/OffshoreSanGregorio/metadata/Contours_OffshoreSanGregorio_metadata.xml","DataType":"raster","DataSource":"usgs_ds781","Info":"USGS DS 781","LastUpdate":"20260914165046"},"geometry":{"type":"Polygon","coordinates":[[[-122.54,37.23],[-122.34,37.23],[-122.34,37.39],[-122.54,37.39],[-122.54,37.23]]]}},{"type":"Feature","properties":{"Name":"BackscatterA_8101_OffshoreSanGregorio","ID":"BackscatterA_8101_OffshoreSanGregorio","Agency":"USGS","DataLink":"https://pubs.usgs.gov/ds/781/OffshoreSanGregorio/data/BackscatterA_8101_OffshoreSanGregorio.zip","MetadataLink":"https://pubs.usgs.gov/ds/781/OffshoreSanGregorio/metadata/BackscatterA_8101_OffshoreSanGregorio_metadata.xml","DataType":"raster","DataSource":"usgs_ds781","Info":"USGS DS 781","LastUpdate":"20260914165047"},"geometry":{"type":"Polygon","coordinates":[[[-122.54,37.23],[-122.34,37.23],[-122.34,37.39],[-122.54,37.39],[-122.54,37.23]]]}},{"type":"Feature","properties":{"Name":"BackscatterB_7125_OffshoreSanGregorio","ID":"BackscatterB_7125_OffshoreSanGregorio","Agency":"USGS","DataLink":"https://pubs.usgs.gov/ds/781/OffshoreSanGregorio/data/BackscatterB_7125_OffshoreSanGregorio.zip","MetadataLink":"https://pubs.usgs.gov/ds/781/OffshoreSanGregorio/metadata/BackscatterB_7125_OffshoreSanGregorio_metadata.xml","DataType":"raster","DataSource":"usgs_ds781","Info":"USGS DS 781","LastUpdate":"20260914165047"},"geometry":{"type":"Polygon","coordinates":[[[-122.54,37.23],[-122.34,37.23],[-122.34,37.39],[-122.54,37.39],[-122.54,37.23]]]}},{"type":"Feature","properties":{"Name":"Geology_OffshoreSanGregorio","ID":"Geology_OffshoreSanGregorio","Agency":"USGS","DataLink":"https://pubs.usgs.gov/ds/781/OffshoreSanGregorio/data/Geology_OffshoreSanGregorio.zip","MetadataLink":"https://pubs.usgs.gov/ds/781/OffshoreSanGregorio/metadata/Geology_OffshoreSanGregorio_metadata.xml","DataType":"raster","DataSource":"usgs_ds781","Info":"USGS DS 781","LastUpdate":"20260914165048"},"geometry":{"type":"Polygon","coordinates":[[[-122.492163,37.229776],[-122.401585,37.229776],[-122.401585,37.391508],[-122.492163,37.391508],[-122.492163,37.229776]]]}},{"type":"Feature","properties":{"Name":"Faults_OffshoreSanGregorio","ID":"Faults_OffshoreSanGregorio","Agency":"USGS","DataLink":"https://pubs.usgs.gov/ds/781/OffshoreSanGregorio/data/Faults_OffshoreSanGregorio.zip","MetadataLink":"https://pubs.usgs.gov/ds/781/OffshoreSanGregorio/metadata/Faults_OffshoreSanGregorio_metadata.xml","DataType":"raster","DataSource":"usgs_ds781","Info":"USGS DS 781","LastUpdate":"20260914165049"},"geometry":{"type":"Polygon","coordinates":[[[-122.492163,37.229776],[-122.401585,37.229776],[-122.401585,37.391508],[-122.492163,37.391508],[-122.492163,37.229776]]]}},{"type":"Feature","properties":{"Name":"Folds_OffshoreSanGregorio","ID":"Folds_OffshoreSanGregorio","Agency":"USGS","DataLink":"https://pubs.usgs.gov/ds/781/OffshoreSanGregorio/data/Folds_OffshoreSanGregorio.zip","MetadataLink":"https://pubs.usgs.gov/ds/781/OffshoreSanGregorio/metadata/Folds_OffshoreSanGregorio_metadata.xml","DataType":"raster","DataSource":"usgs_ds781","Info":"USGS DS 781","LastUpdate":"20260914165049"},"geometry":{"type":"Polygon","coordinates":[[[-122.492163,37.229776],[-122.401585,37.229776],[-122.401585,37.391508],[-122.492163,37.391508],[-122.492163,37.229776]]]}},{"type":"Feature","properties":{"Name":"Habitat_OffshoreSanGregorio","ID":"Habitat_OffshoreSanGregorio","Agency":"USGS","DataLink":"https://pubs.usgs.gov/ds/781/OffshoreSanGregorio/data/Habitat_OffshoreSanGregorio.zip","MetadataLink":"https://pubs.usgs.gov/ds/781/OffshoreSanGregorio/metadata/Habitat_OffshoreSanGregorio_metadata.xml","DataType":"raster","DataSource":"usgs_ds781","Info":"USGS DS 781","LastUpdate":"20260914165050"},"geometry":{"type":"Polygon","coordinates":[[[-122.498473,37.229751],[-122.406874,37.229751],[-122.406874,37.39153],[-122.498473,37.39153],[-122.498473,37.229751]]]}},{"type":"Feature","properties":{"Name":"SeafloorCharacter_OffshoreSanGregorio","ID":"SeafloorCharacter_OffshoreSanGregorio","Agency":"USGS","DataLink":"https://pubs.usgs.gov/ds/781/OffshoreSanGregorio/data/SeafloorCharacter_OffshoreSanGregorio.zip","MetadataLink":"https://pubs.usgs.gov/ds/781/OffshoreSanGregorio/metadata/SeafloorCharacter_OffshoreSanGregorio_metadata.xml","DataType":"raster","DataSource":"usgs_ds781","Info":"USGS DS 781","LastUpdate":"20260914165051"},"geometry":{"type":"Polygon","coordinates":[[[-122.50955,37.229746],[-122.406379,37.229746],[-122.406379,37.391574],[-122.50955,37.391574],[-122.50955,37.229746]]]}},{"type":"Feature","properties":{"Name":"Bathymetry_OffshorePacifica","ID":"Bathymetry_OffshorePacifica","Agency":"USGS","DataLink":"https://pubs.usgs.gov/ds/781/OffshorePacifica/data/Bathymetry_OffshorePacifica.zip","MetadataLink":"https://pubs.usgs.gov/ds/781/OffshorePacifica/metadata/Bathymetry_OffshorePacifica_metadata.xml","DataType":"raster","DataSource":"usgs_ds781","Info":"USGS DS 781","LastUpdate":"20260914165052"},"geometry":{"type":"Polygon","coordinates":[[[-122.65,37.54],[-122.4,37.54],[-122.4,37.7],[-122.65,37.7],[-122.65,37.54]]]}},{"type":"Feature","properties":{"Name":"BathymetryHS_OffshorePacifica","ID":"BathymetryHS_OffshorePacifica","Agency":"USGS","DataLink":"https://pubs.usgs.gov/ds/781/OffshorePacifica/data/BathymetryHS_OffshorePacifica.zip","MetadataLink":"https://pubs.usgs.gov/ds/781/OffshorePacifica/metadata/BathymetryHS_OffshorePacifica_metadata.xml","DataType":"raster","DataSource":"usgs_ds781","Info":"USGS DS 781","LastUpdate":"20260914165053"},"geometry":{"type":"Polygon","coordinates":[[[-122.65,37.54],[-122.4,37.54],[-122.4,37.7],[-122.65,37.7],[-122.65,37.54]]]}},{"type":"Feature","properties":{"Name":"Contours_OffshorePacifica","ID":"Contours_OffshorePacifica","Agency":"USGS","DataLink":"https://pubs.usgs.gov/ds/781/OffshorePacifica/data/Contours_OffshorePacifica.zip","MetadataLink":"https://pubs.usgs.gov/ds/781/OffshorePacifica/metadata/Contours_OffshorePacifica_metadata.xml","DataType":"raster","DataSource":"usgs_ds781","Info":"USGS DS 781","LastUpdate":"20260914165054"},"geometry":{"type":"Polygon","coordinates":[[[-122.65,37.54],[-122.4,37.54],[-122.4,37.7],[-122.65,37.7],[-122.65,37.54]]]}},{"type":"Feature","properties":{"Name":"BackscatterA_8101_OffshorePacifica","ID":"BackscatterA_8101_OffshorePacifica","Agency":"USGS","DataLink":"https://pubs.usgs.gov/ds/781/OffshorePacifica/data/BackscatterA_8101_OffshorePacifica.zip","MetadataLink":"https://pubs.usgs.gov/ds/781/OffshorePacifica/metadata/BackscatterA_8101_OffshorePacifica_metadata.xml","DataType":"raster","DataSource":"usgs_ds781","Info":"USGS DS 781","LastUpdate":"20260914165054"},"geometry":{"type":"Polygon","coordinates":[[[-122.65,37.54],[-122.4,37.54],[-122.4,37.7],[-122.65,37.7],[-122.65,37.54]]]}},{"type":"Feature","properties":{"Name":"BackscatterB_7125_OffshorePacifica","ID":"BackscatterB_7125_OffshorePacifica","Agency":"USGS","DataLink":"https://pubs.usgs.gov/ds/781/OffshorePacifica/data/BackscatterB_7125_OffshorePacifica.zip","MetadataLink":"https://pubs.usgs.gov/ds/781/OffshorePacifica/metadata/BackscatterB_7125_OffshorePacifica_metadata.xml","DataType":"raster","DataSource":"usgs_ds781","Info":"USGS DS 781","LastUpdate":"20260914165055"},"geometry":{"type":"Polygon","coordinates":[[[-122.65,37.54],[-122.4,37.54],[-122.4,37.7],[-122.65,37.7],[-122.65,37.54]]]}},{"type":"Feature","properties":{"Name":"Geology_OffshorePacifica","ID":"Geology_OffshorePacifica","Agency":"USGS","DataLink":"https://pubs.usgs.gov/ds/781/OffshorePacifica/data/Geology_OffshorePacifica.zip","MetadataLink":"https://pubs.usgs.gov/ds/781/OffshorePacifica/metadata/Geology_OffshorePacifica_metadata.xml","DataType":"raster","DataSource":"usgs_ds781","Info":"USGS DS 781","LastUpdate":"20260914165056"},"geometry":{"type":"Polygon","coordinates":[[[-122.588071,37.540691],[-122.49375,37.540691],[-122.49375,37.702237],[-122.588071,37.702237],[-122.588071,37.540691]]]}},{"type":"Feature","properties":{"Name":"Faults_OffshorePacifica","ID":"Faults_OffshorePacifica","Agency":"USGS","DataLink":"https://pubs.usgs.gov/ds/781/OffshorePacifica/data/Faults_OffshorePacifica.zip","MetadataLink":"https://pubs.usgs.gov/ds/781/OffshorePacifica/metadata/Faults_OffshorePacifica_metadata.xml","DataType":"raster","DataSource":"usgs_ds781","Info":"USGS DS 781","LastUpdate":"20260914165057"},"geometry":{"type":"Polygon","coordinates":[[[-122.588071,37.540691],[-122.49375,37.540691],[-122.49375,37.702237],[-122.588071,37.702237],[-122.588071,37.540691]]]}},{"type":"Feature","properties":{"Name":"Folds_OffshorePacifica","ID":"Folds_OffshorePacifica","Agency":"USGS","DataLink":"https://pubs.usgs.gov/ds/781/OffshorePacifica/data/Folds_OffshorePacifica.zip","MetadataLink":"https://pubs.usgs.gov/ds/781/OffshorePacifica/metadata/Folds_OffshorePacifica_metadata.xml","DataType":"raster","DataSource":"usgs_ds781","Info":"USGS DS 781","LastUpdate":"20260914165058"},"geometry":{"type":"Polygon","coordinates":[[[-122.588071,37.540691],[-122.49375,37.540691],[-122.49375,37.702237],[-122.588071,37.702237],[-122.588071,37.540691]]]}},{"type":"Feature","properties":{"Name":"Habitat_OffshorePacifica","ID":"Habitat_OffshorePacifica","Agency":"USGS","DataLink":"https://pubs.usgs.gov/ds/781/OffshorePacifica/data/Habitat_OffshorePacifica.zip","MetadataLink":"https://pubs.usgs.gov/ds/781/OffshorePacifica/metadata/Habitat_OffshorePacifica_metadata.xml","DataType":"raster","DataSource":"usgs_ds781","Info":"USGS DS 781","LastUpdate":"20260914165059"},"geometry":{"type":"Polygon","coordinates":[[[-122.589014,37.540603],[-122.49556,37.540603],[-122.49556,37.702316],[-122.589014,37.702316],[-122.589014,37.540603]]]}},{"type":"Feature","properties":{"Name":"SeafloorCharacter_OffshorePacifica","ID":"SeafloorCharacter_OffshorePacifica","Agency":"USGS","DataLink":"https://pubs.usgs.gov/ds/781/OffshorePacifica/data/SeafloorCharacter_OffshorePacifica.zip","MetadataLink":"https://pubs.usgs.gov/ds/781/OffshorePacifica/metadata/SeafloorCharacter_OffshorePacifica_metadata.xml","DataType":"raster","DataSource":"usgs_ds781","Info":"USGS DS 781","LastUpdate":"20260914165100"},"geometry":{"type":"Polygon","coordinates":[[[-122.589149,37.540606],[-122.495581,37.540606],[-122.495581,37.702319],[-122.589149,37.702319],[-122.589149,37.540606]]]}},{"type":"Feature","properties":{"Name":"Bathymetry_OffshoreTomalesPoint","ID":"Bathymetry_OffshoreTomalesPoint","Agency":"USGS","DataLink":"https://pubs.usgs.gov/ds/781/OffshoreTomalesPoint/data/Bathymetry_OffshoreTomalesPoint.zip","MetadataLink":"https://pubs.usgs.gov/ds/781/OffshoreTomalesPoint/metadata/Bathymetry_OffshoreTomalesPoint_metadata.xml","DataType":"raster","DataSource":"usgs_ds781","Info":"USGS DS 781","LastUpdate":"20260914165101"},"geometry":{"type":"Polygon","coordinates":[[[-123.1,38.1],[-122.9,38.1],[-122.9,38.25],[-123.1,38.25],[-123.1,38.1]]]}},{"type":"Feature","properties":{"Name":"BathymetryHS_OffshoreTomalesPoint","ID":"BathymetryHS_OffshoreTomalesPoint","Agency":"USGS","DataLink":"https://pubs.usgs.gov/ds/781/OffshoreTomalesPoint/data/BathymetryHS_OffshoreTomalesPoint.zip","MetadataLink":"https://pubs.usgs.gov/ds/781/OffshoreTomalesPoint/metadata/BathymetryHS_OffshoreTomalesPoint_metadata.xml","DataType":"raster","DataSource":"usgs_ds781","Info":"USGS DS 781","LastUpdate":"20260914165102"},"geometry":{"type":"Polygon","coordinates":[[[-123.1,38.1],[-122.9,38.1],[-122.9,38.25],[-123.1,38.25],[-123.1,38.1]]]}},{"type":"Feature","properties":{"Name":"Contours_OffshoreTomalesPoint","ID":"Contours_OffshoreTomalesPoint","Agency":"USGS","DataLink":"https://pubs.usgs.gov/ds/781/OffshoreTomalesPoint/data/Contours_OffshoreTomalesPoint.zip","MetadataLink":"https://pubs.usgs.gov/ds/781/OffshoreTomalesPoint/metadata/Contours_OffshoreTomalesPoint_metadata.xml","DataType":"raster","DataSource":"usgs_ds781","Info":"USGS DS 781","LastUpdate":"20260914165104"},"geometry":{"type":"Polygon","coordinates":[[[-123.07,38.1],[-122.89,38.1],[-122.89,38.25],[-123.07,38.25],[-123.07,38.1]]]}},{"type":"Feature","properties":{"Name":"BackscatterA_8101_OffshoreTomalesPoint","ID":"BackscatterA_8101_OffshoreTomalesPoint","Agency":"USGS","DataLink":"https://pubs.usgs.gov/ds/781/OffshoreTomalesPoint/data/BackscatterA_8101_OffshoreTomalesPoint.zip","MetadataLink":"https://pubs.usgs.gov/ds/781/OffshoreTomalesPoint/metadata/BackscatterA_8101_OffshoreTomalesPoint_metadata.xml","DataType":"raster","DataSource":"usgs_ds781","Info":"USGS DS 781","LastUpdate":"20260914165105"},"geometry":{"type":"Polygon","coordinates":[[[-123.1,38.09],[-122.89,38.09],[-122.89,38.25],[-123.1,38.25],[-123.1,38.09]]]}},{"type":"Feature","properties":{"Name":"BackscatterB_7125_OffshoreTomalesPoint","ID":"BackscatterB_7125_OffshoreTomalesPoint","Agency":"USGS","DataLink":"https://pubs.usgs.gov/ds/781/OffshoreTomalesPoint/data/BackscatterB_7125_OffshoreTomalesPoint.zip","MetadataLink":"https://pubs.usgs.gov/ds/781/OffshoreTomalesPoint/metadata/BackscatterB_7125_OffshoreTomalesPoint_metadata.xml","DataType":"raster","DataSource":"usgs_ds781","Info":"USGS DS 781","LastUpdate":"20260914165106"},"geometry":{"type":"Polygon","coordinates":[[[-123.1,38.09],[-122.89,38.09],[-122.89,38.25],[-123.1,38.25],[-123.1,38.09]]]}},{"type":"Feature","properties":{"Name":"BackscatterC_Swath_OffshoreTomalesPoint","ID":"BackscatterC_Swath_OffshoreTomalesPoint","Agency":"USGS","DataLink":"https://pubs.usgs.gov/ds/781/OffshoreTomalesPoint/data/BackscatterC_Swath_OffshoreTomalesPoint.zip","MetadataLink":"https://pubs.usgs.gov/ds/781/OffshoreTomalesPoint/metadata/BackscatterC_Swath_OffshoreTomalesPoint_metadata.xml","DataType":"raster","DataSource":"usgs_ds781","Info":"USGS DS 781","LastUpdate":"20260914165106"},"geometry":{"type":"Polygon","coordinates":[[[-123.1,38.09],[-122.89,38.09],[-122.89,38.25],[-123.1,38.25],[-123.1,38.09]]]}},{"type":"Feature","properties":{"Name":"BackscatterD_USGS_OffshoreTomalesPoint","ID":"BackscatterD_USGS_OffshoreTomalesPoint","Agency":"USGS","DataLink":"https://pubs.usgs.gov/ds/781/OffshoreTomalesPoint/data/BackscatterD_USGS_OffshoreTomalesPoint.zip","MetadataLink":"https://pubs.usgs.gov/ds/781/OffshoreTomalesPoint/metadata/BackscatterD_USGS_OffshoreTomalesPoint_metadata.xml","DataType":"raster","DataSource":"usgs_ds781","Info":"USGS DS 781","LastUpdate":"20260914165107"},"geometry":{"type":"Polygon","coordinates":[[[-123.1,38.09],[-122.89,38.09],[-122.89,38.25],[-123.1,38.25],[-123.1,38.09]]]}},{"type":"Feature","properties":{"Name":"Geology_OffshoreTomalesPoint","ID":"Geology_OffshoreTomalesPoint","Agency":"USGS","DataLink":"https://pubs.usgs.gov/ds/781/OffshoreTomalesPoint/data/Geology_OffshoreTomalesPoint.zip","MetadataLink":"https://pubs.usgs.gov/ds/781/OffshoreTomalesPoint/metadata/Geology_OffshoreTomalesPoint_metadata.xml","DataType":"raster","DataSource":"usgs_ds781","Info":"USGS DS 781","LastUpdate":"20260914165108"},"geometry":{"type":"Polygon","coordinates":[[[-123.09,38.1],[-122.89,38.1],[-122.89,38.25],[-123.09,38.25],[-123.09,38.1]]]}},{"type":"Feature","properties":{"Name":"Faults_OffshoreTomalesPoint","ID":"Faults_OffshoreTomalesPoint","Agency":"USGS","DataLink":"https://pubs.usgs.gov/ds/781/OffshoreTomalesPoint/data/Faults_OffshoreTomalesPoint.zip","MetadataLink":"https://pubs.usgs.gov/ds/781/OffshoreTomalesPoint/metadata/Faults_OffshoreTomalesPoint_metadata.xml","DataType":"raster","DataSource":"usgs_ds781","Info":"USGS DS 781","LastUpdate":"20260914165108"},"geometry":{"type":"Polygon","coordinates":[[[-123.04,38.15],[-122.89,38.15],[-122.89,38.25],[-123.04,38.25],[-123.04,38.15]]]}},{"type":"Feature","properties":{"Name":"Folds_OffshoreTomalesPoint","ID":"Folds_OffshoreTomalesPoint","Agency":"USGS","DataLink":"https://pubs.usgs.gov/ds/781/OffshoreTomalesPoint/data/Folds_OffshoreTomalesPoint.zip","MetadataLink":"https://pubs.usgs.gov/ds/781/OffshoreTomalesPoint/metadata/Folds_OffshoreTomalesPoint_metadata.xml","DataType":"raster","DataSource":"usgs_ds781","Info":"USGS DS 781","LastUpdate":"20260914165109"},"geometry":{"type":"Polygon","coordinates":[[[-123.07,38.1],[-122.96,38.1],[-122.96,38.25],[-123.07,38.25],[-123.07,38.1]]]}},{"type":"Feature","properties":{"Name":"Habitat_OffshoreTomalesPoint","ID":"Habitat_OffshoreTomalesPoint","Agency":"USGS","DataLink":"https://pubs.usgs.gov/ds/781/OffshoreTomalesPoint/data/Habitat_OffshoreTomalesPoint.zip","MetadataLink":"https://pubs.usgs.gov/ds/781/OffshoreTomalesPoint/metadata/Habitat_OffshoreTomalesPoint_metadata.xml","DataType":"raster","DataSource":"usgs_ds781","Info":"USGS DS 781","LastUpdate":"20260914165109"},"geometry":{"type":"Polygon","coordinates":[[[-123.09,38.1],[-122.89,38.1],[-122.89,38.25],[-123.09,38.25],[-123.09,38.1]]]}},{"type":"Feature","properties":{"Name":"SeafloorCharacter_OffshoreTomalesPoint","ID":"SeafloorCharacter_OffshoreTomalesPoint","Agency":"USGS","DataLink":"https://pubs.usgs.gov/ds/781/OffshoreTomalesPoint/data/SeafloorCharacter_OffshoreTomalesPoint.zip","MetadataLink":"https://pubs.usgs.gov/ds/781/OffshoreTomalesPoint/metadata/SeafloorCharacter_OffshoreTomalesPoint_metadata.xml","DataType":"raster","DataSource":"usgs_ds781","Info":"USGS DS 781","LastUpdate":"20260914165110"},"geometry":{"type":"Polygon","coordinates":[[[-123.09,38.1],[-122.89,38.1],[-122.89,38.25],[-123.09,38.25],[-123.09,38.1]]]}},{"type":"Feature","properties":{"Name":"Bathymetry_OffshoreBolinas","ID":"Bathymetry_OffshoreBolinas","Agency":"USGS","DataLink":"https://pubs.usgs.gov/ds/781/OffshoreBolinas/data/Bathymetry_OffshoreBolinas.zip","MetadataLink":"https://pubs.usgs.gov/ds/781/OffshoreBolinas/metadata/Bathymetry_OffshoreBolinas_metadata.xml","DataType":"raster","DataSource":"usgs_ds781","Info":"USGS DS 781","LastUpdate":"20260914165111"},"geometry":{"type":"Polygon","coordinates":[[[-122.78,37.81],[-122.58,37.81],[-122.58,37.97],[-122.78,37.97],[-122.78,37.81]]]}},{"type":"Feature","properties":{"Name":"BathymetryHS_OffshoreBolinas","ID":"BathymetryHS_OffshoreBolinas","Agency":"USGS","DataLink":"https://pubs.usgs.gov/ds/781/OffshoreBolinas/data/BathymetryHS_OffshoreBolinas.zip","MetadataLink":"https://pubs.usgs.gov/ds/781/OffshoreBolinas/metadata/BathymetryHS_OffshoreBolinas_metadata.xml","DataType":"raster","DataSource":"usgs_ds781","Info":"USGS DS 781","LastUpdate":"20260914165112"},"geometry":{"type":"Polygon","coordinates":[[[-122.78,37.81],[-122.58,37.81],[-122.58,37.97],[-122.78,37.97],[-122.78,37.81]]]}},{"type":"Feature","properties":{"Name":"Contours_OffshoreBolinas","ID":"Contours_OffshoreBolinas","Agency":"USGS","DataLink":"https://pubs.usgs.gov/ds/781/OffshoreBolinas/data/Contours_OffshoreBolinas.zip","MetadataLink":"https://pubs.usgs.gov/ds/781/OffshoreBolinas/metadata/Contours_OffshoreBolinas_metadata.xml","DataType":"raster","DataSource":"usgs_ds781","Info":"USGS DS 781","LastUpdate":"20260914165113"},"geometry":{"type":"Polygon","coordinates":[[[-122.78,37.81],[-122.58,37.81],[-122.58,37.97],[-122.78,37.97],[-122.78,37.81]]]}},{"type":"Feature","properties":{"Name":"BackscatterA_8101_2004_OffshoreBolinas","ID":"BackscatterA_8101_2004_OffshoreBolinas","Agency":"USGS","DataLink":"https://pubs.usgs.gov/ds/781/OffshoreBolinas/data/BackscatterA_8101_2004_OffshoreBolinas.zip","MetadataLink":"https://pubs.usgs.gov/ds/781/OffshoreBolinas/metadata/BackscatterA_8101_2004_OffshoreBolinas_metadata.xml","DataType":"raster","DataSource":"usgs_ds781","Info":"USGS DS 781","LastUpdate":"20260914165113"},"geometry":{"type":"Polygon","coordinates":[[[-122.78,37.81],[-122.58,37.81],[-122.58,37.97],[-122.78,37.97],[-122.78,37.81]]]}},{"type":"Feature","properties":{"Name":"BackscatterB_8101_2007_OffshoreBolinas","ID":"BackscatterB_8101_2007_OffshoreBolinas","Agency":"USGS","DataLink":"https://pubs.usgs.gov/ds/781/OffshoreBolinas/data/BackscatterB_8101_2007_OffshoreBolinas.zip","MetadataLink":"https://pubs.usgs.gov/ds/781/OffshoreBolinas/metadata/BackscatterB_8101_2007_OffshoreBolinas_metadata.xml","DataType":"raster","DataSource":"usgs_ds781","Info":"USGS DS 781","LastUpdate":"20260914165114"},"geometry":{"type":"Polygon","coordinates":[[[-122.78,37.81],[-122.58,37.81],[-122.58,37.97],[-122.78,37.97],[-122.78,37.81]]]}},{"type":"Feature","properties":{"Name":"BackscatterC_7125_OffshoreBolinas","ID":"BackscatterC_7125_OffshoreBolinas","Agency":"USGS","DataLink":"https://pubs.usgs.gov/ds/781/OffshoreBolinas/data/BackscatterC_7125_OffshoreBolinas.zip","MetadataLink":"https://pubs.usgs.gov/ds/781/OffshoreBolinas/metadata/BackscatterC_7125_OffshoreBolinas_metadata.xml","DataType":"raster","DataSource":"usgs_ds781","Info":"USGS DS 781","LastUpdate":"20260914165115"},"geometry":{"type":"Polygon","coordinates":[[[-122.79,37.88],[-122.7,37.88],[-122.7,37.95],[-122.79,37.95],[-122.79,37.88]]]}},{"type":"Feature","properties":{"Name":"BackscatterD_Snippets_OffshoreBolinas","ID":"BackscatterD_Snippets_OffshoreBolinas","Agency":"USGS","DataLink":"https://pubs.usgs.gov/ds/781/OffshoreBolinas/data/BackscatterD_Snippets_OffshoreBolinas.zip","MetadataLink":"https://pubs.usgs.gov/ds/781/OffshoreBolinas/metadata/BackscatterD_Snippets_OffshoreBolinas_metadata.xml","DataType":"raster","DataSource":"usgs_ds781","Info":"USGS DS 781","LastUpdate":"20260914165115"},"geometry":{"type":"Polygon","coordinates":[[[-122.78,37.81],[-122.58,37.81],[-122.58,37.97],[-122.78,37.97],[-122.78,37.81]]]}},{"type":"Feature","properties":{"Name":"BackscatterE_Swath_OffshoreBolinas","ID":"BackscatterE_Swath_OffshoreBolinas","Agency":"USGS","DataLink":"https://pubs.usgs.gov/ds/781/OffshoreBolinas/data/BackscatterE_Swath_OffshoreBolinas.zip","MetadataLink":"https://pubs.usgs.gov/ds/781/OffshoreBolinas/metadata/BackscatterE_Swath_OffshoreBolinas_metadata.xml","DataType":"raster","DataSource":"usgs_ds781","Info":"USGS DS 781","LastUpdate":"20260914165116"},"geometry":{"type":"Polygon","coordinates":[[[-122.78,37.81],[-122.58,37.81],[-122.58,37.97],[-122.78,37.97],[-122.78,37.81]]]}},{"type":"Feature","properties":{"Name":"Geology_OffshoreBolinas","ID":"Geology_OffshoreBolinas","Agency":"USGS","DataLink":"https://pubs.usgs.gov/ds/781/OffshoreBolinas/data/Geology_OffshoreBolinas.zip","MetadataLink":"https://pubs.usgs.gov/ds/781/OffshoreBolinas/metadata/Geology_OffshoreBolinas_metadata.xml","DataType":"raster","DataSource":"usgs_ds781","Info":"USGS DS 781","LastUpdate":"20260914165116"},"geometry":{"type":"Polygon","coordinates":[[[-122.78,37.81],[-122.58,37.81],[-122.58,37.96],[-122.78,37.96],[-122.78,37.81]]]}},{"type":"Feature","properties":{"Name":"Faults_OffshoreBolinas","ID":"Faults_OffshoreBolinas","Agency":"USGS","DataLink":"https://pubs.usgs.gov/ds/781/OffshoreBolinas/data/Faults_OffshoreBolinas.zip","MetadataLink":"https://pubs.usgs.gov/ds/781/OffshoreBolinas/metadata/Faults_OffshoreBolinas_metadata.xml","DataType":"raster","DataSource":"usgs_ds781","Info":"USGS DS 781","LastUpdate":"20260914165117"},"geometry":{"type":"Polygon","coordinates":[[[-122.7,37.81],[-122.58,37.81],[-122.58,37.9],[-122.7,37.9],[-122.7,37.81]]]}},{"type":"Feature","properties":{"Name":"Folds_OffshoreBolinas","ID":"Folds_OffshoreBolinas","Agency":"USGS","DataLink":"https://pubs.usgs.gov/ds/781/OffshoreBolinas/data/Folds_OffshoreBolinas.zip","MetadataLink":"https://pubs.usgs.gov/ds/781/OffshoreBolinas/metadata/Folds_OffshoreBolinas_metadata.xml","DataType":"raster","DataSource":"usgs_ds781","Info":"USGS DS 781","LastUpdate":"20260914165118"},"geometry":{"type":"Polygon","coordinates":[[[-122.78,37.83],[-122.68,37.83],[-122.68,37.92],[-122.78,37.92],[-122.78,37.83]]]}},{"type":"Feature","properties":{"Name":"Habitat_OffshoreBolinas","ID":"Habitat_OffshoreBolinas","Agency":"USGS","DataLink":"https://pubs.usgs.gov/ds/781/OffshoreBolinas/data/Habitat_OffshoreBolinas.zip","MetadataLink":"https://pubs.usgs.gov/ds/781/OffshoreBolinas/metadata/Habitat_OffshoreBolinas_metadata.xml","DataType":"raster","DataSource":"usgs_ds781","Info":"USGS DS 781","LastUpdate":"20260914165118"},"geometry":{"type":"Polygon","coordinates":[[[-122.78,37.81],[-122.58,37.81],[-122.58,37.95],[-122.78,37.95],[-122.78,37.81]]]}},{"type":"Feature","properties":{"Name":"SeafloorCharacter_OffshoreBolinas","ID":"SeafloorCharacter_OffshoreBolinas","Agency":"USGS","DataLink":"https://pubs.usgs.gov/ds/781/OffshoreBolinas/data/SeafloorCharacter_OffshoreBolinas.zip","MetadataLink":"https://pubs.usgs.gov/ds/781/OffshoreBolinas/metadata/SeafloorCharacter_OffshoreBolinas_metadata.xml","DataType":"raster","DataSource":"usgs_ds781","Info":"USGS DS 781","LastUpdate":"20260914165119"},"geometry":{"type":"Polygon","coordinates":[[[-122.78,37.81],[-122.58,37.81],[-122.58,37.97],[-122.78,37.97],[-122.78,37.81]]]}},{"type":"Feature","properties":{"Name":"Bathymetry_OffshoreSantaBarbara","ID":"Bathymetry_OffshoreSantaBarbara","Agency":"USGS","DataLink":"https://pubs.usgs.gov/ds/781/OffshoreSantaBarbara/data/Bathymetry_OffshoreSantaBarbara.zip","MetadataLink":"https://pubs.usgs.gov/ds/781/OffshoreSantaBarbara/metadata/Bathymetry_OffshoreSantaBarbara_metadata.xml","DataType":"raster","DataSource":"usgs_ds781","Info":"USGS DS 781","LastUpdate":"20260914165121"},"geometry":{"type":"Polygon","coordinates":[[[-119.81,34.32],[-119.62,34.32],[-119.62,34.49],[-119.81,34.49],[-119.81,34.32]]]}},{"type":"Feature","properties":{"Name":"BathymetryHS_OffshoreSantaBarbara","ID":"BathymetryHS_OffshoreSantaBarbara","Agency":"USGS","DataLink":"https://pubs.usgs.gov/ds/781/OffshoreSantaBarbara/data/BathymetryHS_OffshoreSantaBarbara.zip","MetadataLink":"https://pubs.usgs.gov/ds/781/OffshoreSantaBarbara/metadata/BathymetryHS_OffshoreSantaBarbara_metadata.xml","DataType":"raster","DataSource":"usgs_ds781","Info":"USGS DS 781","LastUpdate":"20260914165122"},"geometry":{"type":"Polygon","coordinates":[[[-119.81,34.32],[-119.62,34.32],[-119.62,34.49],[-119.81,34.49],[-119.81,34.32]]]}},{"type":"Feature","properties":{"Name":"Contours_OffshoreSantaBarbara","ID":"Contours_OffshoreSantaBarbara","Agency":"USGS","DataLink":"https://pubs.usgs.gov/ds/781/OffshoreSantaBarbara/data/Contours_OffshoreSantaBarbara.zip","MetadataLink":"https://pubs.usgs.gov/ds/781/OffshoreSantaBarbara/metadata/Contours_OffshoreSantaBarbara_metadata.xml","DataType":"raster","DataSource":"usgs_ds781","Info":"USGS DS 781","LastUpdate":"20260914165122"},"geometry":{"type":"Polygon","coordinates":[[[-119.81,34.32],[-119.62,34.32],[-119.62,34.49],[-119.81,34.49],[-119.81,34.32]]]}},{"type":"Feature","properties":{"Name":"BackscatterA_CSUMB_OffshoreSantaBarbara","ID":"BackscatterA_CSUMB_OffshoreSantaBarbara","Agency":"USGS","DataLink":"https://pubs.usgs.gov/ds/781/OffshoreSantaBarbara/data/BackscatterA_CSUMB_OffshoreSantaBarbara.zip","MetadataLink":"https://pubs.usgs.gov/ds/781/OffshoreSantaBarbara/metadata/BackscatterA_CSUMB_OffshoreSantaBarbara_metadata.xml","DataType":"raster","DataSource":"usgs_ds781","Info":"USGS DS 781","LastUpdate":"20260914165123"},"geometry":{"type":"Polygon","coordinates":[[[-119.81,34.32],[-119.62,34.32],[-119.62,34.49],[-119.81,34.49],[-119.81,34.32]]]}},{"type":"Feature","properties":{"Name":"BackscatterB_USGS_OffshoreSantaBarbara","ID":"BackscatterB_USGS_OffshoreSantaBarbara","Agency":"USGS","DataLink":"https://pubs.usgs.gov/ds/781/OffshoreSantaBarbara/data/BackscatterB_USGS_OffshoreSantaBarbara.zip","MetadataLink":"https://pubs.usgs.gov/ds/781/OffshoreSantaBarbara/metadata/BackscatterB_USGS_OffshoreSantaBarbara_metadata.xml","DataType":"raster","DataSource":"usgs_ds781","Info":"USGS DS 781","LastUpdate":"20260914165124"},"geometry":{"type":"Polygon","coordinates":[[[-119.81,34.32],[-119.62,34.32],[-119.62,34.49],[-119.81,34.49],[-119.81,34.32]]]}},{"type":"Feature","properties":{"Name":"Geology_OffshoreSantaBarbara","ID":"Geology_OffshoreSantaBarbara","Agency":"USGS","DataLink":"https://pubs.usgs.gov/ds/781/OffshoreSantaBarbara/data/Geology_OffshoreSantaBarbara.zip","MetadataLink":"https://pubs.usgs.gov/ds/781/OffshoreSantaBarbara/metadata/Geology_OffshoreSantaBarbara_metadata.xml","DataType":"raster","DataSource":"usgs_ds781","Info":"USGS DS 781","LastUpdate":"20260914165124"},"geometry":{"type":"Polygon","coordinates":[[[-119.816,34.3271],[-119.6163,34.3271],[-119.6163,34.4839],[-119.816,34.4839],[-119.816,34.3271]]]}},{"type":"Feature","properties":{"Name":"Faults_OffshoreSantaBarbara","ID":"Faults_OffshoreSantaBarbara","Agency":"USGS","DataLink":"https://pubs.usgs.gov/ds/781/OffshoreSantaBarbara/data/Faults_OffshoreSantaBarbara.zip","MetadataLink":"https://pubs.usgs.gov/ds/781/OffshoreSantaBarbara/metadata/Faults_OffshoreSantaBarbara_metadata.xml","DataType":"raster","DataSource":"usgs_ds781","Info":"USGS DS 781","LastUpdate":"20260914165125"},"geometry":{"type":"Polygon","coordinates":[[[-119.816,34.3271],[-119.6163,34.3271],[-119.6163,34.4839],[-119.816,34.4839],[-119.816,34.3271]]]}},{"type":"Feature","properties":{"Name":"Folds_OffshoreSantaBarbara","ID":"Folds_OffshoreSantaBarbara","Agency":"USGS","DataLink":"https://pubs.usgs.gov/ds/781/OffshoreSantaBarbara/data/Folds_OffshoreSantaBarbara.zip","MetadataLink":"https://pubs.usgs.gov/ds/781/OffshoreSantaBarbara/metadata/Folds_OffshoreSantaBarbara_metadata.xml","DataType":"raster","DataSource":"usgs_ds781","Info":"USGS DS 781","LastUpdate":"20260914165125"},"geometry":{"type":"Polygon","coordinates":[[[-119.816,34.3271],[-119.6163,34.3271],[-119.6163,34.4839],[-119.816,34.4839],[-119.816,34.3271]]]}},{"type":"Feature","properties":{"Name":"Habitat_OffshoreSantaBarbara","ID":"Habitat_OffshoreSantaBarbara","Agency":"USGS","DataLink":"https://pubs.usgs.gov/ds/781/OffshoreSantaBarbara/data/Habitat_OffshoreSantaBarbara.zip","MetadataLink":"https://pubs.usgs.gov/ds/781/OffshoreSantaBarbara/metadata/Habitat_OffshoreSantaBarbara_metadata.xml","DataType":"raster","DataSource":"usgs_ds781","Info":"USGS DS 781","LastUpdate":"20260914165126"},"geometry":{"type":"Polygon","coordinates":[[[-119.813531,34.322413],[-119.616255,34.322413],[-119.616255,34.415927],[-119.813531,34.415927],[-119.813531,34.322413]]]}},{"type":"Feature","properties":{"Name":"SeafloorCharacter_OffshoreSantaBarbara","ID":"SeafloorCharacter_OffshoreSantaBarbara","Agency":"USGS","DataLink":"https://pubs.usgs.gov/ds/781/OffshoreSantaBarbara/data/SeafloorCharacter_OffshoreSantaBarbara.zip","MetadataLink":"https://pubs.usgs.gov/ds/781/OffshoreSantaBarbara/metadata/SeafloorCharacter_OffshoreSantaBarbara_metadata.xml","DataType":"raster","DataSource":"usgs_ds781","Info":"USGS DS 781","LastUpdate":"20260914165127"},"geometry":{"type":"Polygon","coordinates":[[[-119.813888,34.322792],[-119.616336,34.322792],[-119.616336,34.426539],[-119.813888,34.426539],[-119.813888,34.322792]]]}},{"type":"Feature","properties":{"Name":"DepthToTransition_SantaBarbaraChannel","ID":"DepthToTransition_SantaBarbaraChannel","Agency":"USGS","DataLink":"https://pubs.usgs.gov/ds/781/SantaBarbaraChannel/data/DepthToTransition_SantaBarbaraChannel.zip","MetadataLink":"https://pubs.usgs.gov/ds/781/SantaBarbaraChannel/metadata/DepthToTransition_SantaBarbaraChannel_metadata.xml","DataType":"raster","DataSource":"usgs_ds781","Info":"USGS DS 781","LastUpdate":"20260914165127"},"geometry":{"type":"Polygon","coordinates":[[[-120.206232,34.027787],[-119.123028,34.027787],[-119.123028,34.492447],[-120.206232,34.492447],[-120.206232,34.027787]]]}},{"type":"Feature","properties":{"Name":"TransgressiveContours_SantaBarbaraChannel","ID":"TransgressiveContours_SantaBarbaraChannel","Agency":"USGS","DataLink":"https://pubs.usgs.gov/ds/781/SantaBarbaraChannel/data/TransgressiveContours_SantaBarbaraChannel.zip","MetadataLink":"https://pubs.usgs.gov/ds/781/SantaBarbaraChannel/metadata/TransgressiveContours_SantaBarbaraChannel_metadata.xml","DataType":"raster","DataSource":"usgs_ds781","Info":"USGS DS 781","LastUpdate":"20260914165128"},"geometry":{"type":"Polygon","coordinates":[[[-120.206232,34.027787],[-119.123028,34.027787],[-119.123028,34.492447],[-120.206232,34.492447],[-120.206232,34.027787]]]}},{"type":"Feature","properties":{"Name":"SedimentThickness_SantaBarbaraChannel","ID":"SedimentThickness_SantaBarbaraChannel","Agency":"USGS","DataLink":"https://pubs.usgs.gov/ds/781/SantaBarbaraChannel/data/SedimentThickness_SantaBarbaraChannel.zip","MetadataLink":"https://pubs.usgs.gov/ds/781/SantaBarbaraChannel/metadata/SedimentThickness_SantaBarbaraChannel_metadata.xml","DataType":"raster","DataSource":"usgs_ds781","Info":"USGS DS 781","LastUpdate":"20260914165128"},"geometry":{"type":"Polygon","coordinates":[[[-120.206232,34.027787],[-119.123028,34.027787],[-119.123028,34.492447],[-120.206232,34.492447],[-120.206232,34.027787]]]}},{"type":"Feature","properties":{"Name":"Isopachs_SantaBarbaraChannel","ID":"Isopachs_SantaBarbaraChannel","Agency":"USGS","DataLink":"https://pubs.usgs.gov/ds/781/SantaBarbaraChannel/data/Isopachs_SantaBarbaraChannel.zip","MetadataLink":"https://pubs.usgs.gov/ds/781/SantaBarbaraChannel/metadata/Isopachs_SantaBarbaraChannel_metadata.xml","DataType":"raster","DataSource":"usgs_ds781","Info":"USGS DS 781","LastUpdate":"20260914165129"},"geometry":{"type":"Polygon","coordinates":[[[-120.206232,34.027787],[-119.123028,34.027787],[-119.123028,34.492447],[-120.206232,34.492447],[-120.206232,34.027787]]]}},{"type":"Feature","properties":{"Name":"BrittleStars_SantaBarbaraChannel","ID":"BrittleStars_SantaBarbaraChannel","Agency":"USGS","DataLink":"https://pubs.usgs.gov/ds/781/SantaBarbaraChannel/data/BrittleStars_SantaBarbaraChannel.zip","MetadataLink":"https://pubs.usgs.gov/ds/781/SantaBarbaraChannel/metadata/BrittleStars_SantaBarbaraChannel_metadata.xml","DataType":"raster","DataSource":"usgs_ds781","Info":"USGS DS 781","LastUpdate":"20260914165130"},"geometry":{"type":"Polygon","coordinates":[[[-119.643628,34.320467],[-119.471725,34.320467],[-119.471725,34.390598],[-119.643628,34.390598],[-119.643628,34.320467]]]}},{"type":"Feature","properties":{"Name":"CupCorals_SantaBarbaraChannel","ID":"CupCorals_SantaBarbaraChannel","Agency":"USGS","DataLink":"https://pubs.usgs.gov/ds/781/SantaBarbaraChannel/data/CupCorals_SantaBarbaraChannel.zip","MetadataLink":"https://pubs.usgs.gov/ds/781/SantaBarbaraChannel/metadata/CupCorals_SantaBarbaraChannel_metadata.xml","DataType":"raster","DataSource":"usgs_ds781","Info":"USGS DS 781","LastUpdate":"20260914165130"},"geometry":{"type":"Polygon","coordinates":[[[-119.643628,34.320467],[-119.471725,34.320467],[-119.471725,34.390598],[-119.643628,34.390598],[-119.643628,34.320467]]]}},{"type":"Feature","properties":{"Name":"Hydroids_SantaBarbaraChannel","ID":"Hydroids_SantaBarbaraChannel","Agency":"USGS","DataLink":"https://pubs.usgs.gov/ds/781/SantaBarbaraChannel/data/Hydroids_SantaBarbaraChannel.zip","MetadataLink":"https://pubs.usgs.gov/ds/781/SantaBarbaraChannel/metadata/Hydroids_SantaBarbaraChannel_metadata.xml","DataType":"raster","DataSource":"usgs_ds781","Info":"USGS DS 781","LastUpdate":"20260914165131"},"geometry":{"type":"Polygon","coordinates":[[[-119.643628,34.320467],[-119.471725,34.320467],[-119.471725,34.390598],[-119.643628,34.390598],[-119.643628,34.320467]]]}},{"type":"Feature","properties":{"Name":"ShortSeaPens_SantaBarbaraChannel","ID":"ShortSeaPens_SantaBarbaraChannel","Agency":"USGS","DataLink":"https://pubs.usgs.gov/ds/781/SantaBarbaraChannel/data/ShortSeaPens_SantaBarbaraChannel.zip","MetadataLink":"https://pubs.usgs.gov/ds/781/SantaBarbaraChannel/metadata/ShortSeaPens_SantaBarbaraChannel_metadata.xml","DataType":"raster","DataSource":"usgs_ds781","Info":"USGS DS 781","LastUpdate":"20260914165132"},"geometry":{"type":"Polygon","coordinates":[[[-119.643628,34.320467],[-119.471725,34.320467],[-119.471725,34.390598],[-119.643628,34.390598],[-119.643628,34.320467]]]}},{"type":"Feature","properties":{"Name":"TallSeaPens_SantaBarbaraChannel","ID":"TallSeaPens_SantaBarbaraChannel","Agency":"USGS","DataLink":"https://pubs.usgs.gov/ds/781/SantaBarbaraChannel/data/TallSeaPens_SantaBarbaraChannel.zip","MetadataLink":"https://pubs.usgs.gov/ds/781/SantaBarbaraChannel/metadata/TallSeaPens_SantaBarbaraChannel_metadata.xml","DataType":"raster","DataSource":"usgs_ds781","Info":"USGS DS 781","LastUpdate":"20260914165132"},"geometry":{"type":"Polygon","coordinates":[[[-119.643628,34.320467],[-119.471725,34.320467],[-119.471725,34.390598],[-119.643628,34.390598],[-119.643628,34.320467]]]}},{"type":"Feature","properties":{"Name":"s1c08sc_video_observations","ID":"s1c08sc_video_observations","Agency":"USGS","DataLink":"https://pubs.usgs.gov/ds/781/video_observations/data/s1c08sc_video_observations.zip","MetadataLink":"https://pubs.usgs.gov/ds/781/video_observations/metadata/s1c08sc_video_observations_metadata.xml","DataType":"raster","DataSource":"usgs_ds781","Info":"USGS DS 781","LastUpdate":"20260914165133"},"geometry":{"type":"Polygon","coordinates":[[[-119.255818,34.101858],[-119.246218,34.101858],[-119.246218,34.103513],[-119.255818,34.103513],[-119.255818,34.101858]]]}},{"type":"Feature","properties":{"Name":"z206sc_video_observations","ID":"z206sc_video_observations","Agency":"USGS","DataLink":"https://pubs.usgs.gov/ds/781/video_observations/data/z206sc_video_observations.zip","MetadataLink":"https://pubs.usgs.gov/ds/781/video_observations/metadata/z206sc_video_observations_metadata.xml","DataType":"raster","DataSource":"usgs_ds781","Info":"USGS DS 781","LastUpdate":"20260914165134"},"geometry":{"type":"Polygon","coordinates":[[[-119.92137,34.21149],[-119.2631,34.21149],[-119.2631,34.47285],[-119.92137,34.47285],[-119.92137,34.21149]]]}},{"type":"Feature","properties":{"Name":"Bathymetry_OffshoreSaltPoint","ID":"Bathymetry_OffshoreSaltPoint","Agency":"USGS","DataLink":"https://pubs.usgs.gov/ds/781/OffshoreSaltPoint/data/Bathymetry_OffshoreSaltPoint.zip","MetadataLink":"https://pubs.usgs.gov/ds/781/OffshoreSaltPoint/metadata/Bathymetry_OffshoreSaltPoint_metadata.xml","DataType":"raster","DataSource":"usgs_ds781","Info":"USGS DS 781","LastUpdate":"20260914165135"},"geometry":{"type":"Polygon","coordinates":[[[-123.48,38.48],[-123.28,38.48],[-123.28,38.64],[-123.48,38.64],[-123.48,38.48]]]}},{"type":"Feature","properties":{"Name":"BathymetryHS_OffshoreSaltPoint","ID":"BathymetryHS_OffshoreSaltPoint","Agency":"USGS","DataLink":"https://pubs.usgs.gov/ds/781/OffshoreSaltPoint/data/BathymetryHS_OffshoreSaltPoint.zip","MetadataLink":"https://pubs.usgs.gov/ds/781/OffshoreSaltPoint/metadata/BathymetryHS_OffshoreSaltPoint_metadata.xml","DataType":"raster","DataSource":"usgs_ds781","Info":"USGS DS 781","LastUpdate":"20260914165136"},"geometry":{"type":"Polygon","coordinates":[[[-123.48,38.48],[-123.28,38.48],[-123.28,38.64],[-123.48,38.64],[-123.48,38.48]]]}},{"type":"Feature","properties":{"Name":"Contours_OffshoreSaltPoint","ID":"Contours_OffshoreSaltPoint","Agency":"USGS","DataLink":"https://pubs.usgs.gov/ds/781/OffshoreSaltPoint/data/Contours_OffshoreSaltPoint.zip","MetadataLink":"https://pubs.usgs.gov/ds/781/OffshoreSaltPoint/metadata/Contours_OffshoreSaltPoint_metadata.xml","DataType":"raster","DataSource":"usgs_ds781","Info":"USGS DS 781","LastUpdate":"20260914165136"},"geometry":{"type":"Polygon","coordinates":[[[-123.48,38.48],[-123.28,38.48],[-123.28,38.64],[-123.48,38.64],[-123.48,38.48]]]}},{"type":"Feature","properties":{"Name":"BackscatterA_8101_OffshoreSaltPoint","ID":"BackscatterA_8101_OffshoreSaltPoint","Agency":"USGS","DataLink":"https://pubs.usgs.gov/ds/781/OffshoreSaltPoint/data/BackscatterA_8101_OffshoreSaltPoint.zip","MetadataLink":"https://pubs.usgs.gov/ds/781/OffshoreSaltPoint/metadata/BackscatterA_8101_OffshoreSaltPoint_metadata.xml","DataType":"raster","DataSource":"usgs_ds781","Info":"USGS DS 781","LastUpdate":"20260914165137"},"geometry":{"type":"Polygon","coordinates":[[[-123.48,38.48],[-123.28,38.48],[-123.28,38.64],[-123.48,38.64],[-123.48,38.48]]]}},{"type":"Feature","properties":{"Name":"BackscatterB_Swath_OffshoreSaltPoint","ID":"BackscatterB_Swath_OffshoreSaltPoint","Agency":"USGS","DataLink":"https://pubs.usgs.gov/ds/781/OffshoreSaltPoint/data/BackscatterB_Swath_OffshoreSaltPoint.zip","MetadataLink":"https://pubs.usgs.gov/ds/781/OffshoreSaltPoint/metadata/BackscatterB_Swath_OffshoreSaltPoint_metadata.xml","DataType":"raster","DataSource":"usgs_ds781","Info":"USGS DS 781","LastUpdate":"20260914165138"},"geometry":{"type":"Polygon","coordinates":[[[-123.48,38.48],[-123.28,38.48],[-123.28,38.64],[-123.48,38.64],[-123.48,38.48]]]}},{"type":"Feature","properties":{"Name":"BackscatterC_7125_OffshoreSaltPoint","ID":"BackscatterC_7125_OffshoreSaltPoint","Agency":"USGS","DataLink":"https://pubs.usgs.gov/ds/781/OffshoreSaltPoint/data/BackscatterC_7125_OffshoreSaltPoint.zip","MetadataLink":"https://pubs.usgs.gov/ds/781/OffshoreSaltPoint/metadata/BackscatterC_7125_OffshoreSaltPoint_metadata.xml","DataType":"raster","DataSource":"usgs_ds781","Info":"USGS DS 781","LastUpdate":"20260914165138"},"geometry":{"type":"Polygon","coordinates":[[[-123.48,38.48],[-123.28,38.48],[-123.28,38.64],[-123.48,38.64],[-123.48,38.48]]]}},{"type":"Feature","properties":{"Name":"Geology_OffshoreSaltPoint","ID":"Geology_OffshoreSaltPoint","Agency":"USGS","DataLink":"https://pubs.usgs.gov/ds/781/OffshoreSaltPoint/data/Geology_OffshoreSaltPoint.zip","MetadataLink":"https://pubs.usgs.gov/ds/781/OffshoreSaltPoint/metadata/Geology_OffshoreSaltPoint_metadata.xml","DataType":"raster","DataSource":"usgs_ds781","Info":"USGS DS 781","LastUpdate":"20260914165139"},"geometry":{"type":"Polygon","coordinates":[[[-123.481291,38.479861],[-123.277844,38.479861],[-123.277844,38.639335],[-123.481291,38.639335],[-123.481291,38.479861]]]}},{"type":"Feature","properties":{"Name":"Faults_OffshoreSaltPoint","ID":"Faults_OffshoreSaltPoint","Agency":"USGS","DataLink":"https://pubs.usgs.gov/ds/781/OffshoreSaltPoint/data/Faults_OffshoreSaltPoint.zip","MetadataLink":"https://pubs.usgs.gov/ds/781/OffshoreSaltPoint/metadata/Faults_OffshoreSaltPoint_metadata.xml","DataType":"raster","DataSource":"usgs_ds781","Info":"USGS DS 781","LastUpdate":"20260914165140"},"geometry":{"type":"Polygon","coordinates":[[[-123.45,38.49],[-123.28,38.49],[-123.28,38.64],[-123.45,38.64],[-123.45,38.49]]]}},{"type":"Feature","properties":{"Name":"Folds_OffshoreSaltPoint","ID":"Folds_OffshoreSaltPoint","Agency":"USGS","DataLink":"https://pubs.usgs.gov/ds/781/OffshoreSaltPoint/data/Folds_OffshoreSaltPoint.zip","MetadataLink":"https://pubs.usgs.gov/ds/781/OffshoreSaltPoint/metadata/Folds_OffshoreSaltPoint_metadata.xml","DataType":"raster","DataSource":"usgs_ds781","Info":"USGS DS 781","LastUpdate":"20260914165140"},"geometry":{"type":"Polygon","coordinates":[[[-123.44848,38.48066],[-123.279806,38.48066],[-123.279806,38.63563],[-123.44848,38.63563],[-123.44848,38.48066]]]}},{"type":"Feature","properties":{"Name":"Habitat_OffshoreSaltPoint","ID":"Habitat_OffshoreSaltPoint","Agency":"USGS","DataLink":"https://pubs.usgs.gov/ds/781/OffshoreSaltPoint/data/Habitat_OffshoreSaltPoint.zip","MetadataLink":"https://pubs.usgs.gov/ds/781/OffshoreSaltPoint/metadata/Habitat_OffshoreSaltPoint_metadata.xml","DataType":"raster","DataSource":"usgs_ds781","Info":"USGS DS 781","LastUpdate":"20260914165141"},"geometry":{"type":"Polygon","coordinates":[[[-123.48,38.48],[-123.28,38.48],[-123.28,38.64],[-123.48,38.64],[-123.48,38.48]]]}},{"type":"Feature","properties":{"Name":"SeafloorCharacter_OffshoreSaltPoint","ID":"SeafloorCharacter_OffshoreSaltPoint","Agency":"USGS","DataLink":"https://pubs.usgs.gov/ds/781/OffshoreSaltPoint/data/SeafloorCharacter_OffshoreSaltPoint.zip","MetadataLink":"https://pubs.usgs.gov/ds/781/OffshoreSaltPoint/metadata/SeafloorCharacter_OffshoreSaltPoint_metadata.xml","DataType":"raster","DataSource":"usgs_ds781","Info":"USGS DS 781","LastUpdate":"20260914165141"},"geometry":{"type":"Polygon","coordinates":[[[-123.48,38.48],[-123.28,38.48],[-123.28,38.64],[-123.48,38.64],[-123.48,38.48]]]}},{"type":"Feature","properties":{"Name":"Bathymetry_OffshoreCoalOilPoint","ID":"Bathymetry_OffshoreCoalOilPoint","Agency":"USGS","DataLink":"https://pubs.usgs.gov/ds/781/OffshoreCoalOilPoint/data/Bathymetry_OffshoreCoalOilPoint.zip","MetadataLink":"https://pubs.usgs.gov/ds/781/OffshoreCoalOilPoint/metadata/Bathymetry_OffshoreCoalOilPoint_metadata.xml","DataType":"raster","DataSource":"usgs_ds781","Info":"USGS DS 781","LastUpdate":"20260914165143"},"geometry":{"type":"Polygon","coordinates":[[[-120.0,34.35],[-119.81,34.35],[-119.81,34.51],[-120.0,34.51],[-120.0,34.35]]]}},{"type":"Feature","properties":{"Name":"BathymetryHS_OffshoreCoalOilPoint","ID":"BathymetryHS_OffshoreCoalOilPoint","Agency":"USGS","DataLink":"https://pubs.usgs.gov/ds/781/OffshoreCoalOilPoint/data/BathymetryHS_OffshoreCoalOilPoint.zip","MetadataLink":"https://pubs.usgs.gov/ds/781/OffshoreCoalOilPoint/metadata/BathymetryHS_OffshoreCoalOilPoint_metadata.xml","DataType":"raster","DataSource":"usgs_ds781","Info":"USGS DS 781","LastUpdate":"20260914165143"},"geometry":{"type":"Polygon","coordinates":[[[-120.0,34.35],[-119.81,34.35],[-119.81,34.51],[-120.0,34.51],[-120.0,34.35]]]}},{"type":"Feature","properties":{"Name":"Contours_OffshoreCoalOilPoint","ID":"Contours_OffshoreCoalOilPoint","Agency":"USGS","DataLink":"https://pubs.usgs.gov/ds/781/OffshoreCoalOilPoint/data/Contours_OffshoreCoalOilPoint.zip","MetadataLink":"https://pubs.usgs.gov/ds/781/OffshoreCoalOilPoint/metadata/Contours_OffshoreCoalOilPoint_metadata.xml","DataType":"raster","DataSource":"usgs_ds781","Info":"USGS DS 781","LastUpdate":"20260914165144"},"geometry":{"type":"Polygon","coordinates":[[[-120.0,34.35],[-119.81,34.35],[-119.81,34.51],[-120.0,34.51],[-120.0,34.35]]]}},{"type":"Feature","properties":{"Name":"BackscatterA_CSUMB_OffshoreCoalOilPoint","ID":"BackscatterA_CSUMB_OffshoreCoalOilPoint","Agency":"USGS","DataLink":"https://pubs.usgs.gov/ds/781/OffshoreCoalOilPoint/data/BackscatterA_CSUMB_OffshoreCoalOilPoint.zip","MetadataLink":"https://pubs.usgs.gov/ds/781/OffshoreCoalOilPoint/metadata/BackscatterA_CSUMB_OffshoreCoalOilPoint_metadata.xml","DataType":"raster","DataSource":"usgs_ds781","Info":"USGS DS 781","LastUpdate":"20260914165145"},"geometry":{"type":"Polygon","coordinates":[[[-120.0,34.35],[-119.81,34.35],[-119.81,34.51],[-120.0,34.51],[-120.0,34.35]]]}},{"type":"Feature","properties":{"Name":"BackscatterB_USGS_OffshoreCoalOilPoint","ID":"BackscatterB_USGS_OffshoreCoalOilPoint","Agency":"USGS","DataLink":"https://pubs.usgs.gov/ds/781/OffshoreCoalOilPoint/data/BackscatterB_USGS_OffshoreCoalOilPoint.zip","MetadataLink":"https://pubs.usgs.gov/ds/781/OffshoreCoalOilPoint/metadata/BackscatterB_USGS_OffshoreCoalOilPoint_metadata.xml","DataType":"raster","DataSource":"usgs_ds781","Info":"USGS DS 781","LastUpdate":"20260914165145"},"geometry":{"type":"Polygon","coordinates":[[[-120.0,34.35],[-119.81,34.35],[-119.81,34.51],[-120.0,34.51],[-120.0,34.35]]]}},{"type":"Feature","properties":{"Name":"BackscatterC_Fugro_OffshoreCoalOilPoint","ID":"BackscatterC_Fugro_OffshoreCoalOilPoint","Agency":"USGS","DataLink":"https://pubs.usgs.gov/ds/781/OffshoreCoalOilPoint/data/BackscatterC_Fugro_OffshoreCoalOilPoint.zip","MetadataLink":"https://pubs.usgs.gov/ds/781/OffshoreCoalOilPoint/metadata/BackscatterC_Fugro_OffshoreCoalOilPoint_metadata.xml","DataType":"raster","DataSource":"usgs_ds781","Info":"USGS DS 781","LastUpdate":"20260914165147"},"geometry":{"type":"Polygon","coordinates":[[[-120.001373,34.365572],[-119.862082,34.365572],[-119.862082,34.430114],[-120.001373,34.430114],[-120.001373,34.365572]]]}},{"type":"Feature","properties":{"Name":"Geology_OffshoreCoalOilPoint","ID":"Geology_OffshoreCoalOilPoint","Agency":"USGS","DataLink":"https://pubs.usgs.gov/ds/781/OffshoreCoalOilPoint/data/Geology_OffshoreCoalOilPoint.zip","MetadataLink":"https://pubs.usgs.gov/ds/781/OffshoreCoalOilPoint/metadata/Geology_OffshoreCoalOilPoint_metadata.xml","DataType":"raster","DataSource":"usgs_ds781","Info":"USGS DS 781","LastUpdate":"20260914165147"},"geometry":{"type":"Polygon","coordinates":[[[-120.007,34.3408],[-119.807,34.3408],[-119.807,34.4973],[-120.007,34.4973],[-120.007,34.3408]]]}},{"type":"Feature","properties":{"Name":"Faults_OffshoreCoalOilPoint","ID":"Faults_OffshoreCoalOilPoint","Agency":"USGS","DataLink":"https://pubs.usgs.gov/ds/781/OffshoreCoalOilPoint/data/Faults_OffshoreCoalOilPoint.zip","MetadataLink":"https://pubs.usgs.gov/ds/781/OffshoreCoalOilPoint/metadata/Faults_OffshoreCoalOilPoint_metadata.xml","DataType":"raster","DataSource":"usgs_ds781","Info":"USGS DS 781","LastUpdate":"20260914165148"},"geometry":{"type":"Polygon","coordinates":[[[-120.007,34.3408],[-119.807,34.3408],[-119.807,34.4973],[-120.007,34.4973],[-120.007,34.3408]]]}},{"type":"Feature","properties":{"Name":"Folds_OffshoreCoalOilPoint","ID":"Folds_OffshoreCoalOilPoint","Agency":"USGS","DataLink":"https://pubs.usgs.gov/ds/781/OffshoreCoalOilPoint/data/Folds_OffshoreCoalOilPoint.zip","MetadataLink":"https://pubs.usgs.gov/ds/781/OffshoreCoalOilPoint/metadata/Folds_OffshoreCoalOilPoint_metadata.xml","DataType":"raster","DataSource":"usgs_ds781","Info":"USGS DS 781","LastUpdate":"20260914165148"},"geometry":{"type":"Polygon","coordinates":[[[-120.007,34.3408],[-119.807,34.3408],[-119.807,34.4973],[-120.007,34.4973],[-120.007,34.3408]]]}},{"type":"Feature","properties":{"Name":"Habitat_OffshoreCoalOilPoint","ID":"Habitat_OffshoreCoalOilPoint","Agency":"USGS","DataLink":"https://pubs.usgs.gov/ds/781/OffshoreCoalOilPoint/data/Habitat_OffshoreCoalOilPoint.zip","MetadataLink":"https://pubs.usgs.gov/ds/781/OffshoreCoalOilPoint/metadata/Habitat_OffshoreCoalOilPoint_metadata.xml","DataType":"raster","DataSource":"usgs_ds781","Info":"USGS DS 781","LastUpdate":"20260914165149"},"geometry":{"type":"Polygon","coordinates":[[[-120.005596,34.346709],[-119.807395,34.346709],[-119.807395,34.461967],[-120.005596,34.461967],[-120.005596,34.346709]]]}},{"type":"Feature","properties":{"Name":"SeafloorCharacter_OffshoreCoalOilPoint_2m","ID":"SeafloorCharacter_OffshoreCoalOilPoint_2m","Agency":"USGS","DataLink":"https://pubs.usgs.gov/ds/781/OffshoreCoalOilPoint/data/SeafloorCharacter_OffshoreCoalOilPoint_2m.zip","MetadataLink":"https://pubs.usgs.gov/ds/781/OffshoreCoalOilPoint/metadata/SeafloorCharacter_OffshoreCoalOilPoint_2m_metadata.xml","DataType":"raster","DataSource":"usgs_ds781","Info":"USGS DS 781","LastUpdate":"20260914165150"},"geometry":{"type":"Polygon","coordinates":[[[-120.006307,34.336843],[-119.807062,34.336843],[-119.807062,34.481717],[-120.006307,34.481717],[-120.006307,34.336843]]]}},{"type":"Feature","properties":{"Name":"SeafloorCharacter_OffshoreCoalOilPoint_5m","ID":"SeafloorCharacter_OffshoreCoalOilPoint_5m","Agency":"USGS","DataLink":"https://pubs.usgs.gov/ds/781/OffshoreCoalOilPoint/data/SeafloorCharacter_OffshoreCoalOilPoint_5m.zip","MetadataLink":"https://pubs.usgs.gov/ds/781/OffshoreCoalOilPoint/metadata/SeafloorCharacter_OffshoreCoalOilPoint_5m_metadata.xml","DataType":"raster","DataSource":"usgs_ds781","Info":"USGS DS 781","LastUpdate":"20260914165150"},"geometry":{"type":"Polygon","coordinates":[[[-120.00017,34.346837],[-119.817823,34.346837],[-119.817823,34.40193],[-120.00017,34.40193],[-120.00017,34.346837]]]}},{"type":"Feature","properties":{"Name":"sw109sc_video_observations","ID":"sw109sc_video_observations","Agency":"USGS","DataLink":"https://pubs.usgs.gov/ds/781/video_observations/data/sw109sc_video_observations.zip","MetadataLink":"https://pubs.usgs.gov/ds/781/video_observations/metadata/sw109sc_video_observations_metadata.xml","DataType":"raster","DataSource":"usgs_ds781","Info":"USGS DS 781","LastUpdate":"20260914165151"},"geometry":{"type":"Polygon","coordinates":[[[-120.552933,33.28081],[-118.276947,33.28081],[-118.276947,34.513517],[-120.552933,34.513517],[-120.552933,33.28081]]]}},{"type":"Feature","properties":{"Name":"z107sc_video_observations","ID":"z107sc_video_observations","Agency":"USGS","DataLink":"https://pubs.usgs.gov/ds/781/video_observations/data/z107sc_video_observations.zip","MetadataLink":"https://pubs.usgs.gov/ds/781/video_observations/metadata/z107sc_video_observations_metadata.xml","DataType":"raster","DataSource":"usgs_ds781","Info":"USGS DS 781","LastUpdate":"20260914165152"},"geometry":{"type":"Polygon","coordinates":[[[-120.296705,34.065623],[-119.127344,34.065623],[-119.127344,34.449593],[-120.296705,34.449593],[-120.296705,34.065623]]]}},{"type":"Feature","properties":{"Name":"Bathymetry_OffshoreRefugioBeach","ID":"Bathymetry_OffshoreRefugioBeach","Agency":"USGS","DataLink":"https://pubs.usgs.gov/ds/781/OffshoreRefugioBeach/data/Bathymetry_OffshoreRefugioBeach.zip","MetadataLink":"https://pubs.usgs.gov/ds/781/OffshoreRefugioBeach/metadata/Bathymetry_OffshoreRefugioBeach_metadata.xml","DataType":"raster","DataSource":"usgs_ds781","Info":"USGS DS 781","LastUpdate":"20260914165153"},"geometry":{"type":"Polygon","coordinates":[[[-120.19,34.38],[-119.99,34.38],[-119.99,34.55],[-120.19,34.55],[-120.19,34.38]]]}},{"type":"Feature","properties":{"Name":"BathymetryHS_OffshoreRefugioBeach","ID":"BathymetryHS_OffshoreRefugioBeach","Agency":"USGS","DataLink":"https://pubs.usgs.gov/ds/781/OffshoreRefugioBeach/data/BathymetryHS_OffshoreRefugioBeach.zip","MetadataLink":"https://pubs.usgs.gov/ds/781/OffshoreRefugioBeach/metadata/BathymetryHS_OffshoreRefugioBeach_metadata.xml","DataType":"raster","DataSource":"usgs_ds781","Info":"USGS DS 781","LastUpdate":"20260914165154"},"geometry":{"type":"Polygon","coordinates":[[[-120.19,34.38],[-119.99,34.38],[-119.99,34.55],[-120.19,34.55],[-120.19,34.38]]]}},{"type":"Feature","properties":{"Name":"Contours_OffshoreRefugioBeach","ID":"Contours_OffshoreRefugioBeach","Agency":"USGS","DataLink":"https://pubs.usgs.gov/ds/781/OffshoreRefugioBeach/data/Contours_OffshoreRefugioBeach.zip","MetadataLink":"https://pubs.usgs.gov/ds/781/OffshoreRefugioBeach/metadata/Contours_OffshoreRefugioBeach_metadata.xml","DataType":"raster","DataSource":"usgs_ds781","Info":"USGS DS 781","LastUpdate":"20260914165155"},"geometry":{"type":"Polygon","coordinates":[[[-120.19,34.39],[-119.99,34.39],[-119.99,34.47],[-120.19,34.47],[-120.19,34.39]]]}},{"type":"Feature","properties":{"Name":"Backscatter_OffshoreRefugioBeach","ID":"Backscatter_OffshoreRefugioBeach","Agency":"USGS","DataLink":"https://pubs.usgs.gov/ds/781/OffshoreRefugioBeach/data/Backscatter_OffshoreRefugioBeach.zip","MetadataLink":"https://pubs.usgs.gov/ds/781/OffshoreRefugioBeach/metadata/Backscatter_OffshoreRefugioBeach_metadata.xml","DataType":"raster","DataSource":"usgs_ds781","Info":"USGS DS 781","LastUpdate":"20260914165155"},"geometry":{"type":"Polygon","coordinates":[[[-120.19,34.38],[-119.99,34.38],[-119.99,34.55],[-120.19,34.55],[-120.19,34.38]]]}},{"type":"Feature","properties":{"Name":"Geology_OffshoreRefugioBeach","ID":"Geology_OffshoreRefugioBeach","Agency":"USGS","DataLink":"https://pubs.usgs.gov/ds/781/OffshoreRefugioBeach/data/Geology_OffshoreRefugioBeach.zip","MetadataLink":"https://pubs.usgs.gov/ds/781/OffshoreRefugioBeach/metadata/Geology_OffshoreRefugioBeach_metadata.xml","DataType":"raster","DataSource":"usgs_ds781","Info":"USGS DS 781","LastUpdate":"20260914165156"},"geometry":{"type":"Polygon","coordinates":[[[-120.1877,34.3782],[-119.9988,34.3782],[-119.9988,34.5439],[-120.1877,34.5439],[-120.1877,34.3782]]]}},{"type":"Feature","properties":{"Name":"Faults_OffshoreRefugioBeach","ID":"Faults_OffshoreRefugioBeach","Agency":"USGS","DataLink":"https://pubs.usgs.gov/ds/781/OffshoreRefugioBeach/data/Faults_OffshoreRefugioBeach.zip","MetadataLink":"https://pubs.usgs.gov/ds/781/OffshoreRefugioBeach/metadata/Faults_OffshoreRefugioBeach_metadata.xml","DataType":"raster","DataSource":"usgs_ds781","Info":"USGS DS 781","LastUpdate":"20260914165156"},"geometry":{"type":"Polygon","coordinates":[[[-120.007,34.3408],[-119.807,34.3408],[-119.807,34.4973],[-120.007,34.4973],[-120.007,34.3408]]]}},{"type":"Feature","properties":{"Name":"Folds_OffshoreRefugioBeach","ID":"Folds_OffshoreRefugioBeach","Agency":"USGS","DataLink":"https://pubs.usgs.gov/ds/781/OffshoreRefugioBeach/data/Folds_OffshoreRefugioBeach.zip","MetadataLink":"https://pubs.usgs.gov/ds/781/OffshoreRefugioBeach/metadata/Folds_OffshoreRefugioBeach_metadata.xml","DataType":"raster","DataSource":"usgs_ds781","Info":"USGS DS 781","LastUpdate":"20260914165157"},"geometry":{"type":"Polygon","coordinates":[[[-120.007,34.3408],[-119.807,34.3408],[-119.807,34.4973],[-120.007,34.4973],[-120.007,34.3408]]]}},{"type":"Feature","properties":{"Name":"Habitat_OffshoreRefugioBeach","ID":"Habitat_OffshoreRefugioBeach","Agency":"USGS","DataLink":"https://pubs.usgs.gov/ds/781/OffshoreRefugioBeach/data/Habitat_OffshoreRefugioBeach.zip","MetadataLink":"https://pubs.usgs.gov/ds/781/OffshoreRefugioBeach/metadata/Habitat_OffshoreRefugioBeach_metadata.xml","DataType":"raster","DataSource":"usgs_ds781","Info":"USGS DS 781","LastUpdate":"20260914165158"},"geometry":{"type":"Polygon","coordinates":[[[-120.19,34.39],[-120.0,34.39],[-120.0,34.47],[-120.19,34.47],[-120.19,34.39]]]}},{"type":"Feature","properties":{"Name":"SeafloorCharacter_OffshoreRefugioBeach","ID":"SeafloorCharacter_OffshoreRefugioBeach","Agency":"USGS","DataLink":"https://pubs.usgs.gov/ds/781/OffshoreRefugioBeach/data/SeafloorCharacter_OffshoreRefugioBeach.zip","MetadataLink":"https://pubs.usgs.gov/ds/781/OffshoreRefugioBeach/metadata/SeafloorCharacter_OffshoreRefugioBeach_metadata.xml","DataType":"raster","DataSource":"usgs_ds781","Info":"USGS DS 781","LastUpdate":"20260914165158"},"geometry":{"type":"Polygon","coordinates":[[[-120.19,34.39],[-120.0,34.39],[-120.0,34.47],[-120.19,34.47],[-120.19,34.39]]]}},{"type":"Feature","properties":{"Name":"Bathymetry_OffshoreBodegaHead","ID":"Bathymetry_OffshoreBodegaHead","Agency":"USGS","DataLink":"https://pubs.usgs.gov/ds/781/OffshoreBodegaHead/data/Bathymetry_OffshoreBodegaHead.zip","MetadataLink":"https://pubs.usgs.gov/ds/781/OffshoreBodegaHead/metadata/Bathymetry_OffshoreBodegaHead_metadata.xml","DataType":"raster","DataSource":"usgs_ds781","Info":"USGS DS 781","LastUpdate":"20260914165200"},"geometry":{"type":"Polygon","coordinates":[[[-123.17,38.25],[-122.97,38.25],[-122.97,38.41],[-123.17,38.41],[-123.17,38.25]]]}},{"type":"Feature","properties":{"Name":"BathymetryHS_OffshoreBodegaHead","ID":"BathymetryHS_OffshoreBodegaHead","Agency":"USGS","DataLink":"https://pubs.usgs.gov/ds/781/OffshoreBodegaHead/data/BathymetryHS_OffshoreBodegaHead.zip","MetadataLink":"https://pubs.usgs.gov/ds/781/OffshoreBodegaHead/metadata/BathymetryHS_OffshoreBodegaHead_metadata.xml","DataType":"raster","DataSource":"usgs_ds781","Info":"USGS DS 781","LastUpdate":"20260914165200"},"geometry":{"type":"Polygon","coordinates":[[[-123.17,38.25],[-122.97,38.25],[-122.97,38.41],[-123.17,38.41],[-123.17,38.25]]]}},{"type":"Feature","properties":{"Name":"Contours_OffshoreBodegaHead","ID":"Contours_OffshoreBodegaHead","Agency":"USGS","DataLink":"https://pubs.usgs.gov/ds/781/OffshoreBodegaHead/data/Contours_OffshoreBodegaHead.zip","MetadataLink":"https://pubs.usgs.gov/ds/781/OffshoreBodegaHead/metadata/Contours_OffshoreBodegaHead_metadata.xml","DataType":"raster","DataSource":"usgs_ds781","Info":"USGS DS 781","LastUpdate":"20260914165201"},"geometry":{"type":"Polygon","coordinates":[[[-123.17,38.25],[-122.97,38.25],[-122.97,38.41],[-123.17,38.41],[-123.17,38.25]]]}},{"type":"Feature","properties":{"Name":"BackscatterA_8101_OffshoreBodegaHead","ID":"BackscatterA_8101_OffshoreBodegaHead","Agency":"USGS","DataLink":"https://pubs.usgs.gov/ds/781/OffshoreBodegaHead/data/BackscatterA_8101_OffshoreBodegaHead.zip","MetadataLink":"https://pubs.usgs.gov/ds/781/OffshoreBodegaHead/metadata/BackscatterA_8101_OffshoreBodegaHead_metadata.xml","DataType":"raster","DataSource":"usgs_ds781","Info":"USGS DS 781","LastUpdate":"20260914165202"},"geometry":{"type":"Polygon","coordinates":[[[-123.17,38.25],[-122.97,38.25],[-122.97,38.41],[-123.17,38.41],[-123.17,38.25]]]}},{"type":"Feature","properties":{"Name":"BackscatterB_7125_OffshoreBodegaHead","ID":"BackscatterB_7125_OffshoreBodegaHead","Agency":"USGS","DataLink":"https://pubs.usgs.gov/ds/781/OffshoreBodegaHead/data/BackscatterB_7125_OffshoreBodegaHead.zip","MetadataLink":"https://pubs.usgs.gov/ds/781/OffshoreBodegaHead/metadata/BackscatterB_7125_OffshoreBodegaHead_metadata.xml","DataType":"raster","DataSource":"usgs_ds781","Info":"USGS DS 781","LastUpdate":"20260914165203"},"geometry":{"type":"Polygon","coordinates":[[[-123.17,38.25],[-122.97,38.25],[-122.97,38.41],[-123.17,38.41],[-123.17,38.25]]]}},{"type":"Feature","properties":{"Name":"BackscatterC_Swath_OffshoreBodegaHead","ID":"BackscatterC_Swath_OffshoreBodegaHead","Agency":"USGS","DataLink":"https://pubs.usgs.gov/ds/781/OffshoreBodegaHead/data/BackscatterC_Swath_OffshoreBodegaHead.zip","MetadataLink":"https://pubs.usgs.gov/ds/781/OffshoreBodegaHead/metadata/BackscatterC_Swath_OffshoreBodegaHead_metadata.xml","DataType":"raster","DataSource":"usgs_ds781","Info":"USGS DS 781","LastUpdate":"20260914165204"},"geometry":{"type":"Polygon","coordinates":[[[-123.17,38.25],[-122.97,38.25],[-122.97,38.41],[-123.17,38.41],[-123.17,38.25]]]}},{"type":"Feature","properties":{"Name":"Geology_OffshoreBodegaHead","ID":"Geology_OffshoreBodegaHead","Agency":"USGS","DataLink":"https://pubs.usgs.gov/ds/781/OffshoreBodegaHead/data/Geology_OffshoreBodegaHead.zip","MetadataLink":"https://pubs.usgs.gov/ds/781/OffshoreBodegaHead/metadata/Geology_OffshoreBodegaHead_metadata.xml","DataType":"raster","DataSource":"usgs_ds781","Info":"USGS DS 781","LastUpdate":"20260914165204"},"geometry":{"type":"Polygon","coordinates":[[[-123.17,38.25],[-122.97,38.25],[-122.97,38.41],[-123.17,38.41],[-123.17,38.25]]]}},{"type":"Feature","properties":{"Name":"Faults_OffshoreBodegaHead","ID":"Faults_OffshoreBodegaHead","Agency":"USGS","DataLink":"https://pubs.usgs.gov/ds/781/OffshoreBodegaHead/data/Faults_OffshoreBodegaHead.zip","MetadataLink":"https://pubs.usgs.gov/ds/781/OffshoreBodegaHead/metadata/Faults_OffshoreBodegaHead_metadata.xml","DataType":"raster","DataSource":"usgs_ds781","Info":"USGS DS 781","LastUpdate":"20260914165205"},"geometry":{"type":"Polygon","coordinates":[[[-123.15,38.25],[-122.98,38.25],[-122.98,38.41],[-123.15,38.41],[-123.15,38.25]]]}},{"type":"Feature","properties":{"Name":"Folds_OffshoreBodegaHead","ID":"Folds_OffshoreBodegaHead","Agency":"USGS","DataLink":"https://pubs.usgs.gov/ds/781/OffshoreBodegaHead/data/Folds_OffshoreBodegaHead.zip","MetadataLink":"https://pubs.usgs.gov/ds/781/OffshoreBodegaHead/metadata/Folds_OffshoreBodegaHead_metadata.xml","DataType":"raster","DataSource":"usgs_ds781","Info":"USGS DS 781","LastUpdate":"20260914165206"},"geometry":{"type":"Polygon","coordinates":[[[-123.15,38.25],[-122.98,38.25],[-122.98,38.41],[-123.15,38.41],[-123.15,38.25]]]}},{"type":"Feature","properties":{"Name":"Habitat_OffshoreBodegaHead","ID":"Habitat_OffshoreBodegaHead","Agency":"USGS","DataLink":"https://pubs.usgs.gov/ds/781/OffshoreBodegaHead/data/Habitat_OffshoreBodegaHead.zip","MetadataLink":"https://pubs.usgs.gov/ds/781/OffshoreBodegaHead/metadata/Habitat_OffshoreBodegaHead_metadata.xml","DataType":"raster","DataSource":"usgs_ds781","Info":"USGS DS 781","LastUpdate":"20260914165206"},"geometry":{"type":"Polygon","coordinates":[[[-123.17,38.25],[-122.97,38.25],[-122.97,38.41],[-123.17,38.41],[-123.17,38.25]]]}},{"type":"Feature","properties":{"Name":"SeafloorCharacter_OffshoreBodegaHead","ID":"SeafloorCharacter_OffshoreBodegaHead","Agency":"USGS","DataLink":"https://pubs.usgs.gov/ds/781/OffshoreBodegaHead/data/SeafloorCharacter_OffshoreBodegaHead.zip","MetadataLink":"https://pubs.usgs.gov/ds/781/OffshoreBodegaHead/metadata/SeafloorCharacter_OffshoreBodegaHead_metadata.xml","DataType":"raster","DataSource":"usgs_ds781","Info":"USGS DS 781","LastUpdate":"20260914165207"},"geometry":{"type":"Polygon","coordinates":[[[-123.17,38.25],[-122.97,38.25],[-122.97,38.41],[-123.17,38.41],[-123.17,38.25]]]}},{"type":"Feature","properties":{"Name":"Bathymetry_OffshoreHalfMoonBay","ID":"Bathymetry_OffshoreHalfMoonBay","Agency":"USGS","DataLink":"https://pubs.usgs.gov/ds/781/OffshoreHalfMoonBay/data/Bathymetry_OffshoreHalfMoonBay.zip","MetadataLink":"https://pubs.usgs.gov/ds/781/OffshoreHalfMoonBay/metadata/Bathymetry_OffshoreHalfMoonBay_metadata.xml","DataType":"raster","DataSource":"usgs_ds781","Info":"USGS DS 781","LastUpdate":"20260914165208"},"geometry":{"type":"Polygon","coordinates":[[[-122.59,37.38],[-122.41,37.38],[-122.41,37.54],[-122.59,37.54],[-122.59,37.38]]]}},{"type":"Feature","properties":{"Name":"BathymetryHS_OffshoreHalfMoonBay","ID":"BathymetryHS_OffshoreHalfMoonBay","Agency":"USGS","DataLink":"https://pubs.usgs.gov/ds/781/OffshoreHalfMoonBay/data/BathymetryHS_OffshoreHalfMoonBay.zip","MetadataLink":"https://pubs.usgs.gov/ds/781/OffshoreHalfMoonBay/metadata/BathymetryHS_OffshoreHalfMoonBay_metadata.xml","DataType":"raster","DataSource":"usgs_ds781","Info":"USGS DS 781","LastUpdate":"20260914165209"},"geometry":{"type":"Polygon","coordinates":[[[-122.59,37.38],[-122.41,37.38],[-122.41,37.54],[-122.59,37.54],[-122.59,37.38]]]}},{"type":"Feature","properties":{"Name":"Contours_OffshoreHalfMoonBay","ID":"Contours_OffshoreHalfMoonBay","Agency":"USGS","DataLink":"https://pubs.usgs.gov/ds/781/OffshoreHalfMoonBay/data/Contours_OffshoreHalfMoonBay.zip","MetadataLink":"https://pubs.usgs.gov/ds/781/OffshoreHalfMoonBay/metadata/Contours_OffshoreHalfMoonBay_metadata.xml","DataType":"raster","DataSource":"usgs_ds781","Info":"USGS DS 781","LastUpdate":"20260914165210"},"geometry":{"type":"Polygon","coordinates":[[[-122.58,37.39],[-122.42,37.39],[-122.42,37.55],[-122.58,37.55],[-122.58,37.39]]]}},{"type":"Feature","properties":{"Name":"BackscatterA_8101_OffshoreHalfMoonBay","ID":"BackscatterA_8101_OffshoreHalfMoonBay","Agency":"USGS","DataLink":"https://pubs.usgs.gov/ds/781/OffshoreHalfMoonBay/data/BackscatterA_8101_OffshoreHalfMoonBay.zip","MetadataLink":"https://pubs.usgs.gov/ds/781/OffshoreHalfMoonBay/metadata/BackscatterA_8101_OffshoreHalfMoonBay_metadata.xml","DataType":"raster","DataSource":"usgs_ds781","Info":"USGS DS 781","LastUpdate":"20260914165210"},"geometry":{"type":"Polygon","coordinates":[[[-122.6,37.38],[-122.39,37.38],[-122.39,37.54],[-122.6,37.54],[-122.6,37.38]]]}},{"type":"Feature","properties":{"Name":"BackscatterB_7125_OffshoreHalfMoonBay","ID":"BackscatterB_7125_OffshoreHalfMoonBay","Agency":"USGS","DataLink":"https://pubs.usgs.gov/ds/781/OffshoreHalfMoonBay/data/BackscatterB_7125_OffshoreHalfMoonBay.zip","MetadataLink":"https://pubs.usgs.gov/ds/781/OffshoreHalfMoonBay/metadata/BackscatterB_7125_OffshoreHalfMoonBay_metadata.xml","DataType":"raster","DataSource":"usgs_ds781","Info":"USGS DS 781","LastUpdate":"20260914165211"},"geometry":{"type":"Polygon","coordinates":[[[-122.6,37.38],[-122.39,37.38],[-122.39,37.54],[-122.6,37.54],[-122.6,37.38]]]}},{"type":"Feature","properties":{"Name":"Geology_OffshoreHalfMoonBay","ID":"Geology_OffshoreHalfMoonBay","Agency":"USGS","DataLink":"https://pubs.usgs.gov/ds/781/OffshoreHalfMoonBay/data/Geology_OffshoreHalfMoonBay.zip","MetadataLink":"https://pubs.usgs.gov/ds/781/OffshoreHalfMoonBay/metadata/Geology_OffshoreHalfMoonBay_metadata.xml","DataType":"raster","DataSource":"usgs_ds781","Info":"USGS DS 781","LastUpdate":"20260914165212"},"geometry":{"type":"Polygon","coordinates":[[[-122.58,37.38],[-122.42,37.38],[-122.42,37.55],[-122.58,37.55],[-122.58,37.38]]]}},{"type":"Feature","properties":{"Name":"Faults_OffshoreHalfMoonBay","ID":"Faults_OffshoreHalfMoonBay","Agency":"USGS","DataLink":"https://pubs.usgs.gov/ds/781/OffshoreHalfMoonBay/data/Faults_OffshoreHalfMoonBay.zip","MetadataLink":"https://pubs.usgs.gov/ds/781/OffshoreHalfMoonBay/metadata/Faults_OffshoreHalfMoonBay_metadata.xml","DataType":"raster","DataSource":"usgs_ds781","Info":"USGS DS 781","LastUpdate":"20260914165212"},"geometry":{"type":"Polygon","coordinates":[[[-122.56,37.39],[-122.42,37.39],[-122.42,37.55],[-122.56,37.55],[-122.56,37.39]]]}},{"type":"Feature","properties":{"Name":"Folds_OffshoreHalfMoonBay","ID":"Folds_OffshoreHalfMoonBay","Agency":"USGS","DataLink":"https://pubs.usgs.gov/ds/781/OffshoreHalfMoonBay/data/Folds_OffshoreHalfMoonBay.zip","MetadataLink":"https://pubs.usgs.gov/ds/781/OffshoreHalfMoonBay/metadata/Folds_OffshoreHalfMoonBay_metadata.xml","DataType":"raster","DataSource":"usgs_ds781","Info":"USGS DS 781","LastUpdate":"20260914165213"},"geometry":{"type":"Polygon","coordinates":[[[-122.58,37.39],[-122.44,37.39],[-122.44,37.54],[-122.58,37.54],[-122.58,37.39]]]}},{"type":"Feature","properties":{"Name":"Habitat_OffshoreHalfMoonBay","ID":"Habitat_OffshoreHalfMoonBay","Agency":"USGS","DataLink":"https://pubs.usgs.gov/ds/781/OffshoreHalfMoonBay/data/Habitat_OffshoreHalfMoonBay.zip","MetadataLink":"https://pubs.usgs.gov/ds/781/OffshoreHalfMoonBay/metadata/Habitat_OffshoreHalfMoonBay_metadata.xml","DataType":"raster","DataSource":"usgs_ds781","Info":"USGS DS 781","LastUpdate":"20260914165213"},"geometry":{"type":"Polygon","coordinates":[[[-122.59,37.39],[-122.42,37.39],[-122.42,37.55],[-122.59,37.55],[-122.59,37.39]]]}},{"type":"Feature","properties":{"Name":"SeafloorCharacter_OffshoreHalfMoonBay","ID":"SeafloorCharacter_OffshoreHalfMoonBay","Agency":"USGS","DataLink":"https://pubs.usgs.gov/ds/781/OffshoreHalfMoonBay/data/SeafloorCharacter_OffshoreHalfMoonBay.zip","MetadataLink":"https://pubs.usgs.gov/ds/781/OffshoreHalfMoonBay/metadata/SeafloorCharacter_OffshoreHalfMoonBay_metadata.xml","DataType":"raster","DataSource":"usgs_ds781","Info":"USGS DS 781","LastUpdate":"20260914165214"},"geometry":{"type":"Polygon","coordinates":[[[-122.59,37.39],[-122.41,37.39],[-122.41,37.55],[-122.59,37.55],[-122.59,37.39]]]}},{"type":"Feature","properties":{"Name":"Bathymetry_DrakesBay","ID":"Bathymetry_DrakesBay","Agency":"USGS","DataLink":"https://pubs.usgs.gov/ds/781/DrakesBay/data/Bathymetry_DrakesBay.zip","MetadataLink":"https://pubs.usgs.gov/ds/781/DrakesBay/metadata/Bathymetry_DrakesBay_metadata.xml","DataType":"raster","DataSource":"usgs_ds781","Info":"USGS DS 781","LastUpdate":"20260914165215"},"geometry":{"type":"Polygon","coordinates":[[[-122.97,37.88],[-122.76,37.88],[-122.76,38.03],[-122.97,38.03],[-122.97,37.88]]]}},{"type":"Feature","properties":{"Name":"BathymetryHS_DrakesBay","ID":"BathymetryHS_DrakesBay","Agency":"USGS","DataLink":"https://pubs.usgs.gov/ds/781/DrakesBay/data/BathymetryHS_DrakesBay.zip","MetadataLink":"https://pubs.usgs.gov/ds/781/DrakesBay/metadata/BathymetryHS_DrakesBay_metadata.xml","DataType":"raster","DataSource":"usgs_ds781","Info":"USGS DS 781","LastUpdate":"20260914165216"},"geometry":{"type":"Polygon","coordinates":[[[-122.97,37.88],[-122.76,37.88],[-122.76,38.03],[-122.97,38.03],[-122.97,37.88]]]}},{"type":"Feature","properties":{"Name":"Contours_DrakesBay","ID":"Contours_DrakesBay","Agency":"USGS","DataLink":"https://pubs.usgs.gov/ds/781/DrakesBay/data/Contours_DrakesBay.zip","MetadataLink":"https://pubs.usgs.gov/ds/781/DrakesBay/metadata/Contours_DrakesBay_metadata.xml","DataType":"raster","DataSource":"usgs_ds781","Info":"USGS DS 781","LastUpdate":"20260914165217"},"geometry":{"type":"Polygon","coordinates":[[[-122.97,37.88],[-122.76,37.88],[-122.76,38.04],[-122.97,38.04],[-122.97,37.88]]]}},{"type":"Feature","properties":{"Name":"BackscatterA_8101_DrakesBay","ID":"BackscatterA_8101_DrakesBay","Agency":"USGS","DataLink":"https://pubs.usgs.gov/ds/781/DrakesBay/data/BackscatterA_8101_DrakesBay.zip","MetadataLink":"https://pubs.usgs.gov/ds/781/DrakesBay/metadata/BackscatterA_8101_DrakesBay_metadata.xml","DataType":"raster","DataSource":"usgs_ds781","Info":"USGS DS 781","LastUpdate":"20260914165217"},"geometry":{"type":"Polygon","coordinates":[[[-122.97,37.88],[-122.76,37.88],[-122.76,38.04],[-122.97,38.04],[-122.97,37.88]]]}},{"type":"Feature","properties":{"Name":"BackscatterB_Swath_DrakesBay","ID":"BackscatterB_Swath_DrakesBay","Agency":"USGS","DataLink":"https://pubs.usgs.gov/ds/781/DrakesBay/data/BackscatterB_Swath_DrakesBay.zip","MetadataLink":"https://pubs.usgs.gov/ds/781/DrakesBay/metadata/BackscatterB_Swath_DrakesBay_metadata.xml","DataType":"raster","DataSource":"usgs_ds781","Info":"USGS DS 781","LastUpdate":"20260914165218"},"geometry":{"type":"Polygon","coordinates":[[[-122.97,37.88],[-122.76,37.88],[-122.76,38.04],[-122.97,38.04],[-122.97,37.88]]]}},{"type":"Feature","properties":{"Name":"BackscatterC_7125_DrakesBay","ID":"BackscatterC_7125_DrakesBay","Agency":"USGS","DataLink":"https://pubs.usgs.gov/ds/781/DrakesBay/data/BackscatterC_7125_DrakesBay.zip","MetadataLink":"https://pubs.usgs.gov/ds/781/DrakesBay/metadata/BackscatterC_7125_DrakesBay_metadata.xml","DataType":"raster","DataSource":"usgs_ds781","Info":"USGS DS 781","LastUpdate":"20260914165219"},"geometry":{"type":"Polygon","coordinates":[[[-122.97,37.88],[-122.76,37.88],[-122.76,38.04],[-122.97,38.04],[-122.97,37.88]]]}},{"type":"Feature","properties":{"Name":"Geology_DrakesBay","ID":"Geology_DrakesBay","Agency":"USGS","DataLink":"https://pubs.usgs.gov/ds/781/DrakesBay/data/Geology_DrakesBay.zip","MetadataLink":"https://pubs.usgs.gov/ds/781/DrakesBay/metadata/Geology_DrakesBay_metadata.xml","DataType":"raster","DataSource":"usgs_ds781","Info":"USGS DS 781","LastUpdate":"20260914165219"},"geometry":{"type":"Polygon","coordinates":[[[-122.97,37.88],[-122.76,37.88],[-122.76,38.04],[-122.97,38.04],[-122.97,37.88]]]}},{"type":"Feature","properties":{"Name":"Faults_DrakesBay","ID":"Faults_DrakesBay","Agency":"USGS","DataLink":"https://pubs.usgs.gov/ds/781/DrakesBay/data/Faults_DrakesBay.zip","MetadataLink":"https://pubs.usgs.gov/ds/781/DrakesBay/metadata/Faults_DrakesBay_metadata.xml","DataType":"raster","DataSource":"usgs_ds781","Info":"USGS DS 781","LastUpdate":"20260914165220"},"geometry":{"type":"Polygon","coordinates":[[[-122.97,37.92],[-122.81,37.92],[-122.81,37.97],[-122.97,37.97],[-122.97,37.92]]]}},{"type":"Feature","properties":{"Name":"Folds_DrakesBay","ID":"Folds_DrakesBay","Agency":"USGS","DataLink":"https://pubs.usgs.gov/ds/781/DrakesBay/data/Folds_DrakesBay.zip","MetadataLink":"https://pubs.usgs.gov/ds/781/DrakesBay/metadata/Folds_DrakesBay_metadata.xml","DataType":"raster","DataSource":"usgs_ds781","Info":"USGS DS 781","LastUpdate":"20260914165221"},"geometry":{"type":"Polygon","coordinates":[[[-122.97,37.89],[-122.76,37.89],[-122.76,38.01],[-122.97,38.01],[-122.97,37.89]]]}},{"type":"Feature","properties":{"Name":"Habitat_DrakesBay","ID":"Habitat_DrakesBay","Agency":"USGS","DataLink":"https://pubs.usgs.gov/ds/781/DrakesBay/data/Habitat_DrakesBay.zip","MetadataLink":"https://pubs.usgs.gov/ds/781/DrakesBay/metadata/Habitat_DrakesBay_metadata.xml","DataType":"raster","DataSource":"usgs_ds781","Info":"USGS DS 781","LastUpdate":"20260914165222"},"geometry":{"type":"Polygon","coordinates":[[[-122.97,37.88],[-122.76,37.88],[-122.76,38.03],[-122.97,38.03],[-122.97,37.88]]]}},{"type":"Feature","properties":{"Name":"SeafloorCharacter_DrakesBay","ID":"SeafloorCharacter_DrakesBay","Agency":"USGS","DataLink":"https://pubs.usgs.gov/ds/781/DrakesBay/data/SeafloorCharacter_DrakesBay.zip","MetadataLink":"https://pubs.usgs.gov/ds/781/DrakesBay/metadata/SeafloorCharacter_DrakesBay_metadata.xml","DataType":"raster","DataSource":"usgs_ds781","Info":"USGS DS 781","LastUpdate":"20260914165222"},"geometry":{"type":"Polygon","coordinates":[[[-122.97,37.88],[-122.76,37.88],[-122.76,38.03],[-122.97,38.03],[-122.97,37.88]]]}},{"type":"Feature","properties":{"Name":"c0111sc_video_observations","ID":"c0111sc_video_observations","Agency":"USGS","DataLink":"https://pubs.usgs.gov/ds/781/video_observations/data/c0111sc_video_observations.zip","MetadataLink":"https://pubs.usgs.gov/ds/781/video_observations/metadata/c0111sc_video_observations_metadata.xml","DataType":"raster","DataSource":"usgs_ds781","Info":"USGS DS 781","LastUpdate":"20260914165224"},"geometry":{"type":"Polygon","coordinates":[[[-118.80265,32.55741],[-117.155428,32.55741],[-117.155428,34.035944],[-118.80265,34.035944],[-118.80265,32.55741]]]}},{"type":"Feature","properties":{"Name":"c109nc_video_observations","ID":"c109nc_video_observations","Agency":"USGS","DataLink":"https://pubs.usgs.gov/ds/781/video_observations/data/c109nc_video_observations.zip","MetadataLink":"https://pubs.usgs.gov/ds/781/video_observations/metadata/c109nc_video_observations_metadata.xml","DataType":"raster","DataSource":"usgs_ds781","Info":"USGS DS 781","LastUpdate":"20260914165224"},"geometry":{"type":"Polygon","coordinates":[[[-124.411145,40.69168],[-124.10421,40.69168],[-124.10421,41.996925],[-124.411145,41.996925],[-124.411145,40.69168]]]}},{"type":"Feature","properties":{"Name":"c210nc_video_observations","ID":"c210nc_video_observations","Agency":"USGS","DataLink":"https://pubs.usgs.gov/ds/781/video_observations/data/c210nc_video_observations.zip","MetadataLink":"https://pubs.usgs.gov/ds/781/video_observations/metadata/c210nc_video_observations_metadata.xml","DataType":"raster","DataSource":"usgs_ds781","Info":"USGS DS 781","LastUpdate":"20260914165225"},"geometry":{"type":"Polygon","coordinates":[[[-124.530512,38.937202],[-123.707672,38.937202],[-123.707672,40.807163],[-124.530512,40.807163],[-124.530512,38.937202]]]}},{"type":"Feature","properties":{"Name":"c0212sc_video_observations","ID":"c0212sc_video_observations","Agency":"USGS","DataLink":"https://pubs.usgs.gov/ds/781/video_observations/data/c0212sc_video_observations.zip","MetadataLink":"https://pubs.usgs.gov/ds/781/video_observations/metadata/c0212sc_video_observations_metadata.xml","DataType":"raster","DataSource":"usgs_ds781","Info":"USGS DS 781","LastUpdate":"20260914165226"},"geometry":{"type":"Polygon","coordinates":[[[-122.347947,34.502362],[-120.561532,34.502362],[-120.561532,37.097404],[-122.347947,37.097404],[-122.347947,34.502362]]]}},{"type":"Feature","properties":{"Name":"s2210mb_video_observations","ID":"s2210mb_video_observations","Agency":"USGS","DataLink":"https://pubs.usgs.gov/ds/781/video_observations/data/s2210mb_video_observations.zip","MetadataLink":"https://pubs.usgs.gov/ds/781/video_observations/metadata/s2210mb_video_observations_metadata.xml","DataType":"raster","DataSource":"usgs_ds781","Info":"USGS DS 781","LastUpdate":"20260914165227"},"geometry":{"type":"Polygon","coordinates":[[[-122.324813,36.228368],[-121.81169,36.228368],[-121.81169,37.0977058],[-122.324813,37.0977058],[-122.324813,36.228368]]]}},{"type":"Feature","properties":{"Name":"Bathymetry_HuenemeCanyon","ID":"Bathymetry_HuenemeCanyon","Agency":"USGS","DataLink":"https://pubs.usgs.gov/ds/781/HuenemeCanyon/data/Bathymetry_HuenemeCanyon.zip","MetadataLink":"https://pubs.usgs.gov/ds/781/HuenemeCanyon/metadata/Bathymetry_HuenemeCanyon_metadata.xml","DataType":"raster","DataSource":"usgs_ds781","Info":"USGS DS 781","LastUpdate":"20260914165236"},"geometry":{"type":"Polygon","coordinates":[[[-119.338007,34.058099],[-119.139569,34.058099],[-119.139569,34.223097],[-119.338007,34.223097],[-119.338007,34.058099]]]}},{"type":"Feature","properties":{"Name":"BathymetryHS_HuenemeCanyon","ID":"BathymetryHS_HuenemeCanyon","Agency":"USGS","DataLink":"https://pubs.usgs.gov/ds/781/HuenemeCanyon/data/BathymetryHS_HuenemeCanyon.zip","MetadataLink":"https://pubs.usgs.gov/ds/781/HuenemeCanyon/metadata/BathymetryHS_HuenemeCanyon_metadata.xml","DataType":"raster","DataSource":"usgs_ds781","Info":"USGS DS 781","LastUpdate":"20260914165237"},"geometry":{"type":"Polygon","coordinates":[[[-119.338007,34.058099],[-119.139569,34.058099],[-119.139569,34.223097],[-119.338007,34.223097],[-119.338007,34.058099]]]}},{"type":"Feature","properties":{"Name":"Contours_HuenemeCanyon","ID":"Contours_HuenemeCanyon","Agency":"USGS","DataLink":"https://pubs.usgs.gov/ds/781/HuenemeCanyon/data/Contours_HuenemeCanyon.zip","MetadataLink":"https://pubs.usgs.gov/ds/781/HuenemeCanyon/metadata/Contours_HuenemeCanyon_metadata.xml","DataType":"raster","DataSource":"usgs_ds781","Info":"USGS DS 781","LastUpdate":"20260914165237"},"geometry":{"type":"Polygon","coordinates":[[[-119.320048,34.222955],[-119.13989,34.222955],[-119.13989,34.058606],[-119.320048,34.058606],[-119.320048,34.222955]]]}},{"type":"Feature","properties":{"Name":"BackscatterA_CSUMB_HuenemeCanyon","ID":"BackscatterA_CSUMB_HuenemeCanyon","Agency":"USGS","DataLink":"https://pubs.usgs.gov/ds/781/HuenemeCanyon/data/BackscatterA_CSUMB_HuenemeCanyon.zip","MetadataLink":"https://pubs.usgs.gov/ds/781/HuenemeCanyon/metadata/BackscatterA_CSUMB_HuenemeCanyon_metadata.xml","DataType":"raster","DataSource":"usgs_ds781","Info":"USGS DS 781","LastUpdate":"20260914165238"},"geometry":{"type":"Polygon","coordinates":[[[-119.338007,34.058099],[-119.139569,34.058099],[-119.139569,34.223097],[-119.338007,34.223097],[-119.338007,34.058099]]]}},{"type":"Feature","properties":{"Name":"BackscatterB_USGS_HuenemeCanyon","ID":"BackscatterB_USGS_HuenemeCanyon","Agency":"USGS","DataLink":"https://pubs.usgs.gov/ds/781/HuenemeCanyon/data/BackscatterB_USGS_HuenemeCanyon.zip","MetadataLink":"https://pubs.usgs.gov/ds/781/HuenemeCanyon/metadata/BackscatterB_USGS_HuenemeCanyon_metadata.xml","DataType":"raster","DataSource":"usgs_ds781","Info":"USGS DS 781","LastUpdate":"20260914165238"},"geometry":{"type":"Polygon","coordinates":[[[-119.338007,34.058099],[-119.139569,34.058099],[-119.139569,34.223097],[-119.338007,34.223097],[-119.338007,34.058099]]]}},{"type":"Feature","properties":{"Name":"Geology_HuenemeCanyon","ID":"Geology_HuenemeCanyon","Agency":"USGS","DataLink":"https://pubs.usgs.gov/ds/781/HuenemeCanyon/data/Geology_HuenemeCanyon.zip","MetadataLink":"https://pubs.usgs.gov/ds/781/HuenemeCanyon/metadata/Geology_HuenemeCanyon_metadata.xml","DataType":"raster","DataSource":"usgs_ds781","Info":"USGS DS 781","LastUpdate":"20260914165239"},"geometry":{"type":"Polygon","coordinates":[[[-119.327981,34.058412],[-119.139726,34.058412],[-119.139726,34.222958],[-119.327981,34.222958],[-119.327981,34.058412]]]}},{"type":"Feature","properties":{"Name":"Faults_HuenemeCanyon","ID":"Faults_HuenemeCanyon","Agency":"USGS","DataLink":"https://pubs.usgs.gov/ds/781/HuenemeCanyon/data/Faults_HuenemeCanyon.zip","MetadataLink":"https://pubs.usgs.gov/ds/781/HuenemeCanyon/metadata/Faults_HuenemeCanyon_metadata.xml","DataType":"raster","DataSource":"usgs_ds781","Info":"USGS DS 781","LastUpdate":"20260914165240"},"geometry":{"type":"Polygon","coordinates":[[[-119.327981,34.058412],[-119.139726,34.058412],[-119.139726,34.222958],[-119.327981,34.222958],[-119.327981,34.058412]]]}},{"type":"Feature","properties":{"Name":"Folds_HuenemeCanyon","ID":"Folds_HuenemeCanyon","Agency":"USGS","DataLink":"https://pubs.usgs.gov/ds/781/HuenemeCanyon/data/Folds_HuenemeCanyon.zip","MetadataLink":"https://pubs.usgs.gov/ds/781/HuenemeCanyon/metadata/Folds_HuenemeCanyon_metadata.xml","DataType":"raster","DataSource":"usgs_ds781","Info":"USGS DS 781","LastUpdate":"20260914165240"},"geometry":{"type":"Polygon","coordinates":[[[-119.327981,34.058412],[-119.139726,34.058412],[-119.139726,34.222958],[-119.327981,34.222958],[-119.327981,34.058412]]]}},{"type":"Feature","properties":{"Name":"Paleoshorelines_HuenemeCanyon","ID":"Paleoshorelines_HuenemeCanyon","Agency":"USGS","DataLink":"https://pubs.usgs.gov/ds/781/HuenemeCanyon/data/Paleoshorelines_HuenemeCanyon.zip","MetadataLink":"https://pubs.usgs.gov/ds/781/HuenemeCanyon/metadata/Paleoshorelines_HuenemeCanyon_metadata.xml","DataType":"raster","DataSource":"usgs_ds781","Info":"USGS DS 781","LastUpdate":"20260914165241"},"geometry":{"type":"Polygon","coordinates":[[[-119.327981,34.058412],[-119.139726,34.058412],[-119.139726,34.222958],[-119.327981,34.222958],[-119.327981,34.058412]]]}},{"type":"Feature","properties":{"Name":"SubmarineLandslideScarps_HuenemeCanyon","ID":"SubmarineLandslideScarps_HuenemeCanyon","Agency":"USGS","DataLink":"https://pubs.usgs.gov/ds/781/HuenemeCanyon/data/SubmarineLandslideScarps_HuenemeCanyon.zip","MetadataLink":"https://pubs.usgs.gov/ds/781/HuenemeCanyon/metadata/SubmarineLandslideScarps_HuenemeCanyon_metadata.xml","DataType":"raster","DataSource":"usgs_ds781","Info":"USGS DS 781","LastUpdate":"20260914165242"},"geometry":{"type":"Polygon","coordinates":[[[-119.327981,34.058412],[-119.139726,34.058412],[-119.139726,34.222958],[-119.327981,34.222958],[-119.327981,34.058412]]]}},{"type":"Feature","properties":{"Name":"Habitat_HuenemeCanyon","ID":"Habitat_HuenemeCanyon","Agency":"USGS","DataLink":"https://pubs.usgs.gov/ds/781/HuenemeCanyon/data/Habitat_HuenemeCanyon.zip","MetadataLink":"https://pubs.usgs.gov/ds/781/HuenemeCanyon/metadata/Habitat_HuenemeCanyon_metadata.xml","DataType":"raster","DataSource":"usgs_ds781","Info":"USGS DS 781","LastUpdate":"20260914165242"},"geometry":{"type":"Polygon","coordinates":[[[-119.323793,34.058491],[-119.139726,34.058491],[-119.139726,34.222958],[-119.323793,34.222958],[-119.323793,34.058491]]]}},{"type":"Feature","properties":{"Name":"SeafloorCharacter_HuenemeCanyon","ID":"SeafloorCharacter_HuenemeCanyon","Agency":"USGS","DataLink":"https://pubs.usgs.gov/ds/781/HuenemeCanyon/data/SeafloorCharacter_HuenemeCanyon.zip","MetadataLink":"https://pubs.usgs.gov/ds/781/HuenemeCanyon/metadata/SeafloorCharacter_HuenemeCanyon_metadata.xml","DataType":"raster","DataSource":"usgs_ds781","Info":"USGS DS 781","LastUpdate":"20260914165243"},"geometry":{"type":"Polygon","coordinates":[[[-119.337851,34.058225],[-119.139723,34.058225],[-119.139723,34.222965],[-119.337851,34.222965],[-119.337851,34.058225]]]}},{"type":"Feature","properties":{"Name":"Curvature_HuenemeCanyon","ID":"Curvature_HuenemeCanyon","Agency":"USGS","DataLink":"https://pubs.usgs.gov/ds/781/HuenemeCanyon/data/Curvature_HuenemeCanyon.zip","MetadataLink":"https://pubs.usgs.gov/ds/781/HuenemeCanyon/metadata/Curvature_HuenemeCanyon_metadata.xml","DataType":"raster","DataSource":"usgs_ds781","Info":"USGS DS 781","LastUpdate":"20260914165244"},"geometry":{"type":"Polygon","coordinates":[[[-119.256437,34.061609],[-119.207298,34.061609],[-119.207298,34.144867],[-119.256437,34.144867],[-119.256437,34.061609]]]}},{"type":"Feature","properties":{"Name":"Slope_HuenemeCanyon","ID":"Slope_HuenemeCanyon","Agency":"USGS","DataLink":"https://pubs.usgs.gov/ds/781/HuenemeCanyon/data/Slope_HuenemeCanyon.zip","MetadataLink":"https://pubs.usgs.gov/ds/781/HuenemeCanyon/metadata/Slope_HuenemeCanyon_metadata.xml","DataType":"raster","DataSource":"usgs_ds781","Info":"USGS DS 781","LastUpdate":"20260914165244"},"geometry":{"type":"Polygon","coordinates":[[[-119.256515,34.061607],[-119.207376,34.061607],[-119.207376,34.144866],[-119.256515,34.144866],[-119.256515,34.061607]]]}},{"type":"Feature","properties":{"Name":"Bathymetry_OffshoreVentura","ID":"Bathymetry_OffshoreVentura","Agency":"USGS","DataLink":"https://pubs.usgs.gov/ds/781/OffshoreVentura/data/Bathymetry_OffshoreVentura.zip","MetadataLink":"https://pubs.usgs.gov/ds/781/OffshoreVentura/metadata/Bathymetry_OffshoreVentura_metadata.xml","DataType":"raster","DataSource":"usgs_ds781","Info":"USGS DS 781","LastUpdate":"20260914165246"},"geometry":{"type":"Polygon","coordinates":[[[-119.44,34.22],[-119.25,34.22],[-119.25,34.38],[-119.44,34.38],[-119.44,34.22]]]}},{"type":"Feature","properties":{"Name":"BathymetryHS_OffshoreVentura","ID":"BathymetryHS_OffshoreVentura","Agency":"USGS","DataLink":"https://pubs.usgs.gov/ds/781/OffshoreVentura/data/BathymetryHS_OffshoreVentura.zip","MetadataLink":"https://pubs.usgs.gov/ds/781/OffshoreVentura/metadata/BathymetryHS_OffshoreVentura_metadata.xml","DataType":"raster","DataSource":"usgs_ds781","Info":"USGS DS 781","LastUpdate":"20260914165246"},"geometry":{"type":"Polygon","coordinates":[[[-119.44,34.22],[-119.25,34.22],[-119.25,34.38],[-119.44,34.38],[-119.44,34.22]]]}},{"type":"Feature","properties":{"Name":"Contours_OffshoreVentura","ID":"Contours_OffshoreVentura","Agency":"USGS","DataLink":"https://pubs.usgs.gov/ds/781/OffshoreVentura/data/Contours_OffshoreVentura.zip","MetadataLink":"https://pubs.usgs.gov/ds/781/OffshoreVentura/metadata/Contours_OffshoreVentura_metadata.xml","DataType":"raster","DataSource":"usgs_ds781","Info":"USGS DS 781","LastUpdate":"20260914165247"},"geometry":{"type":"Polygon","coordinates":[[[-119.447454,34.214948],[-119.271429,34.214948],[-119.271429,34.358147],[-119.447454,34.358147],[-119.447454,34.214948]]]}},{"type":"Feature","properties":{"Name":"BackscatterA_CSUMB_OffshoreVentura","ID":"BackscatterA_CSUMB_OffshoreVentura","Agency":"USGS","DataLink":"https://pubs.usgs.gov/ds/781/OffshoreVentura/data/BackscatterA_CSUMB_OffshoreVentura.zip","MetadataLink":"https://pubs.usgs.gov/ds/781/OffshoreVentura/metadata/BackscatterA_CSUMB_OffshoreVentura_metadata.xml","DataType":"raster","DataSource":"usgs_ds781","Info":"USGS DS 781","LastUpdate":"20260914165248"},"geometry":{"type":"Polygon","coordinates":[[[-119.44,34.22],[-119.25,34.22],[-119.25,34.38],[-119.44,34.38],[-119.44,34.22]]]}},{"type":"Feature","properties":{"Name":"BackscatterB_USGS_OffshoreVentura","ID":"BackscatterB_USGS_OffshoreVentura","Agency":"USGS","DataLink":"https://pubs.usgs.gov/ds/781/OffshoreVentura/data/BackscatterB_USGS_OffshoreVentura.zip","MetadataLink":"https://pubs.usgs.gov/ds/781/OffshoreVentura/metadata/BackscatterB_USGS_OffshoreVentura_metadata.xml","DataType":"raster","DataSource":"usgs_ds781","Info":"USGS DS 781","LastUpdate":"20260914165248"},"geometry":{"type":"Polygon","coordinates":[[[-119.44,34.22],[-119.25,34.22],[-119.25,34.38],[-119.44,34.38],[-119.44,34.22]]]}},{"type":"Feature","properties":{"Name":"Geology_OffshoreVentura","ID":"Geology_OffshoreVentura","Agency":"USGS","DataLink":"https://pubs.usgs.gov/ds/781/OffshoreVentura/data/Geology_OffshoreVentura.zip","MetadataLink":"https://pubs.usgs.gov/ds/781/OffshoreVentura/metadata/Geology_OffshoreVentura_metadata.xml","DataType":"raster","DataSource":"usgs_ds781","Info":"USGS DS 781","LastUpdate":"20260914165249"},"geometry":{"type":"Polygon","coordinates":[[[-119.4481,34.2187],[-119.2494,34.2187],[-119.2494,34.3761],[-119.4481,34.3761],[-119.4481,34.2187]]]}},{"type":"Feature","properties":{"Name":"Faults_OffshoreVentura","ID":"Faults_OffshoreVentura","Agency":"USGS","DataLink":"https://pubs.usgs.gov/ds/781/OffshoreVentura/data/Faults_OffshoreVentura.zip","MetadataLink":"https://pubs.usgs.gov/ds/781/OffshoreVentura/metadata/Faults_OffshoreVentura_metadata.xml","DataType":"raster","DataSource":"usgs_ds781","Info":"USGS DS 781","LastUpdate":"20260914165249"},"geometry":{"type":"Polygon","coordinates":[[[-119.4481,34.2187],[-119.2494,34.2187],[-119.2494,34.3761],[-119.4481,34.3761],[-119.4481,34.2187]]]}},{"type":"Feature","properties":{"Name":"Folds_OffshoreVentura","ID":"Folds_OffshoreVentura","Agency":"USGS","DataLink":"https://pubs.usgs.gov/ds/781/OffshoreVentura/data/Folds_OffshoreVentura.zip","MetadataLink":"https://pubs.usgs.gov/ds/781/OffshoreVentura/metadata/Folds_OffshoreVentura_metadata.xml","DataType":"raster","DataSource":"usgs_ds781","Info":"USGS DS 781","LastUpdate":"20260914165250"},"geometry":{"type":"Polygon","coordinates":[[[-119.4481,34.2187],[-119.2494,34.2187],[-119.2494,34.3761],[-119.4481,34.3761],[-119.4481,34.2187]]]}},{"type":"Feature","properties":{"Name":"Habitat_OffshoreVentura","ID":"Habitat_OffshoreVentura","Agency":"USGS","DataLink":"https://pubs.usgs.gov/ds/781/OffshoreVentura/data/Habitat_OffshoreVentura.zip","MetadataLink":"https://pubs.usgs.gov/ds/781/OffshoreVentura/metadata/Habitat_OffshoreVentura_metadata.xml","DataType":"raster","DataSource":"usgs_ds781","Info":"USGS DS 781","LastUpdate":"20260914165251"},"geometry":{"type":"Polygon","coordinates":[[[-119.447481,34.214948],[-119.263216,34.214948],[-119.263216,34.359236],[-119.447481,34.359236],[-119.447481,34.214948]]]}},{"type":"Feature","properties":{"Name":"SeafloorCharacter_OffshoreVentura","ID":"SeafloorCharacter_OffshoreVentura","Agency":"USGS","DataLink":"https://pubs.usgs.gov/ds/781/OffshoreVentura/data/SeafloorCharacter_OffshoreVentura.zip","MetadataLink":"https://pubs.usgs.gov/ds/781/OffshoreVentura/metadata/SeafloorCharacter_OffshoreVentura_metadata.xml","DataType":"raster","DataSource":"usgs_ds781","Info":"USGS DS 781","LastUpdate":"20260914165251"},"geometry":{"type":"Polygon","coordinates":[[[-119.447913,34.214948],[-119.251007,34.214948],[-119.251007,34.374585],[-119.447913,34.374585],[-119.447913,34.214948]]]}},{"type":"Feature","properties":{"Name":"Bathymetry_OffshoreCarpinteria","ID":"Bathymetry_OffshoreCarpinteria","Agency":"USGS","DataLink":"https://pubs.usgs.gov/ds/781/OffshoreCarpinteria/data/Bathymetry_OffshoreCarpinteria.zip","MetadataLink":"https://pubs.usgs.gov/ds/781/OffshoreCarpinteria/metadata/Bathymetry_OffshoreCarpinteria_metadata.xml","DataType":"raster","DataSource":"usgs_ds781","Info":"USGS DS 781","LastUpdate":"20260914165253"},"geometry":{"type":"Polygon","coordinates":[[[-119.63,34.29],[-119.43,34.29],[-119.43,34.45],[-119.63,34.45],[-119.63,34.29]]]}},{"type":"Feature","properties":{"Name":"BathymetryHS_OffshoreCarpinteria","ID":"BathymetryHS_OffshoreCarpinteria","Agency":"USGS","DataLink":"https://pubs.usgs.gov/ds/781/OffshoreCarpinteria/data/BathymetryHS_OffshoreCarpinteria.zip","MetadataLink":"https://pubs.usgs.gov/ds/781/OffshoreCarpinteria/metadata/BathymetryHS_OffshoreCarpinteria_metadata.xml","DataType":"raster","DataSource":"usgs_ds781","Info":"USGS DS 781","LastUpdate":"20260914165254"},"geometry":{"type":"Polygon","coordinates":[[[-119.63,34.29],[-119.43,34.29],[-119.43,34.45],[-119.63,34.45],[-119.63,34.29]]]}},{"type":"Feature","properties":{"Name":"Contours_OffshoreCarpinteria","ID":"Contours_OffshoreCarpinteria","Agency":"USGS","DataLink":"https://pubs.usgs.gov/ds/781/OffshoreCarpinteria/data/Contours_OffshoreCarpinteria.zip","MetadataLink":"https://pubs.usgs.gov/ds/781/OffshoreCarpinteria/metadata/Contours_OffshoreCarpinteria_metadata.xml","DataType":"raster","DataSource":"usgs_ds781","Info":"USGS DS 781","LastUpdate":"20260914165255"},"geometry":{"type":"Polygon","coordinates":[[[-119.6256,34.292],[-119.4265,34.292],[-119.4265,34.4492],[-119.6256,34.4492],[-119.6256,34.292]]]}},{"type":"Feature","properties":{"Name":"BackscatterA_CSUMB_OffshoreCarpinteria","ID":"BackscatterA_CSUMB_OffshoreCarpinteria","Agency":"USGS","DataLink":"https://pubs.usgs.gov/ds/781/OffshoreCarpinteria/data/BackscatterA_CSUMB_OffshoreCarpinteria.zip","MetadataLink":"https://pubs.usgs.gov/ds/781/OffshoreCarpinteria/metadata/BackscatterA_CSUMB_OffshoreCarpinteria_metadata.xml","DataType":"raster","DataSource":"usgs_ds781","Info":"USGS DS 781","LastUpdate":"20260914165255"},"geometry":{"type":"Polygon","coordinates":[[[-119.63,34.29],[-119.43,34.29],[-119.43,34.45],[-119.63,34.45],[-119.63,34.29]]]}},{"type":"Feature","properties":{"Name":"BackscatterB_USGS_OffshoreCarpinteria","ID":"BackscatterB_USGS_OffshoreCarpinteria","Agency":"USGS","DataLink":"https://pubs.usgs.gov/ds/781/OffshoreCarpinteria/data/BackscatterB_USGS_OffshoreCarpinteria.zip","MetadataLink":"https://pubs.usgs.gov/ds/781/OffshoreCarpinteria/metadata/BackscatterB_USGS_OffshoreCarpinteria_metadata.xml","DataType":"raster","DataSource":"usgs_ds781","Info":"USGS DS 781","LastUpdate":"20260914165256"},"geometry":{"type":"Polygon","coordinates":[[[-119.63,34.29],[-119.43,34.29],[-119.43,34.45],[-119.63,34.45],[-119.63,34.29]]]}},{"type":"Feature","properties":{"Name":"Geology_OffshoreCarpinteria","ID":"Geology_OffshoreCarpinteria","Agency":"USGS","DataLink":"https://pubs.usgs.gov/ds/781/OffshoreCarpinteria/data/Geology_OffshoreCarpinteria.zip","MetadataLink":"https://pubs.usgs.gov/ds/781/OffshoreCarpinteria/metadata/Geology_OffshoreCarpinteria_metadata.xml","DataType":"raster","DataSource":"usgs_ds781","Info":"USGS DS 781","LastUpdate":"20260914165257"},"geometry":{"type":"Polygon","coordinates":[[[-119.6256,34.292],[-119.4265,34.292],[-119.4265,34.4492],[-119.6256,34.4492],[-119.6256,34.292]]]}},{"type":"Feature","properties":{"Name":"Faults_OffshoreCarpinteria","ID":"Faults_OffshoreCarpinteria","Agency":"USGS","DataLink":"https://pubs.usgs.gov/ds/781/OffshoreCarpinteria/data/Faults_OffshoreCarpinteria.zip","MetadataLink":"https://pubs.usgs.gov/ds/781/OffshoreCarpinteria/metadata/Faults_OffshoreCarpinteria_metadata.xml","DataType":"raster","DataSource":"usgs_ds781","Info":"USGS DS 781","LastUpdate":"20260914165257"},"geometry":{"type":"Polygon","coordinates":[[[-119.6256,34.292],[-119.4265,34.292],[-119.4265,34.4492],[-119.6256,34.4492],[-119.6256,34.292]]]}},{"type":"Feature","properties":{"Name":"Folds_OffshoreCarpinteria","ID":"Folds_OffshoreCarpinteria","Agency":"USGS","DataLink":"https://pubs.usgs.gov/ds/781/OffshoreCarpinteria/data/Folds_OffshoreCarpinteria.zip","MetadataLink":"https://pubs.usgs.gov/ds/781/OffshoreCarpinteria/metadata/Folds_OffshoreCarpinteria_metadata.xml","DataType":"raster","DataSource":"usgs_ds781","Info":"USGS DS 781","LastUpdate":"20260914165258"},"geometry":{"type":"Polygon","coordinates":[[[-119.6256,34.292],[-119.4265,34.292],[-119.4265,34.4492],[-119.6256,34.4492],[-119.6256,34.292]]]}},{"type":"Feature","properties":{"Name":"Habitat_OffshoreCarpinteria","ID":"Habitat_OffshoreCarpinteria","Agency":"USGS","DataLink":"https://pubs.usgs.gov/ds/781/OffshoreCarpinteria/data/Habitat_OffshoreCarpinteria.zip","MetadataLink":"https://pubs.usgs.gov/ds/781/OffshoreCarpinteria/metadata/Habitat_OffshoreCarpinteria_metadata.xml","DataType":"raster","DataSource":"usgs_ds781","Info":"USGS DS 781","LastUpdate":"20260914165258"},"geometry":{"type":"Polygon","coordinates":[[[-119.323793,34.058491],[-119.139726,34.058491],[-119.139726,34.222958],[-119.323793,34.222958],[-119.323793,34.058491]]]}},{"type":"Feature","properties":{"Name":"SeafloorCharacter_OffshoreCarpinteria","ID":"SeafloorCharacter_OffshoreCarpinteria","Agency":"USGS","DataLink":"https://pubs.usgs.gov/ds/781/OffshoreCarpinteria/data/SeafloorCharacter_OffshoreCarpinteria.zip","MetadataLink":"https://pubs.usgs.gov/ds/781/OffshoreCarpinteria/metadata/SeafloorCharacter_OffshoreCarpinteria_metadata.xml","DataType":"raster","DataSource":"usgs_ds781","Info":"USGS DS 781","LastUpdate":"20260914165259"},"geometry":{"type":"Polygon","coordinates":[[[-119.624582,34.288012],[-119.426462,34.288012],[-119.426462,34.419275],[-119.624582,34.419275],[-119.624582,34.288012]]]}},{"type":"Feature","properties":{"Name":"Bathymetry_OffshoreFortRoss","ID":"Bathymetry_OffshoreFortRoss","Agency":"USGS","DataLink":"https://pubs.usgs.gov/ds/781/OffshoreFortRoss/data/Bathymetry_OffshoreFortRoss.zip","MetadataLink":"https://pubs.usgs.gov/ds/781/OffshoreFortRoss/metadata/Bathymetry_OffshoreFortRoss_metadata.xml","DataType":"raster","DataSource":"usgs_ds781","Info":"USGS DS 781","LastUpdate":"20260914165300"},"geometry":{"type":"Polygon","coordinates":[[[-123.31,38.4],[-123.1,38.4],[-123.1,38.56],[-123.31,38.56],[-123.31,38.4]]]}},{"type":"Feature","properties":{"Name":"BathymetryHS_OffshoreFortRoss","ID":"BathymetryHS_OffshoreFortRoss","Agency":"USGS","DataLink":"https://pubs.usgs.gov/ds/781/OffshoreFortRoss/data/BathymetryHS_OffshoreFortRoss.zip","MetadataLink":"https://pubs.usgs.gov/ds/781/OffshoreFortRoss/metadata/BathymetryHS_OffshoreFortRoss_metadata.xml","DataType":"raster","DataSource":"usgs_ds781","Info":"USGS DS 781","LastUpdate":"20260914165301"},"geometry":{"type":"Polygon","coordinates":[[[-123.31,38.4],[-123.1,38.4],[-123.1,38.56],[-123.31,38.56],[-123.31,38.4]]]}},{"type":"Feature","properties":{"Name":"Contours_OffshoreFortRoss","ID":"Contours_OffshoreFortRoss","Agency":"USGS","DataLink":"https://pubs.usgs.gov/ds/781/OffshoreFortRoss/data/Contours_OffshoreFortRoss.zip","MetadataLink":"https://pubs.usgs.gov/ds/781/OffshoreFortRoss/metadata/Contours_OffshoreFortRoss_metadata.xml","DataType":"raster","DataSource":"usgs_ds781","Info":"USGS DS 781","LastUpdate":"20260914165302"},"geometry":{"type":"Polygon","coordinates":[[[-123.31,38.4],[-123.1,38.4],[-123.1,38.54],[-123.31,38.54],[-123.31,38.4]]]}},{"type":"Feature","properties":{"Name":"BackscatterA_8101_OffshoreFortRoss","ID":"BackscatterA_8101_OffshoreFortRoss","Agency":"USGS","DataLink":"https://pubs.usgs.gov/ds/781/OffshoreFortRoss/data/BackscatterA_8101_OffshoreFortRoss.zip","MetadataLink":"https://pubs.usgs.gov/ds/781/OffshoreFortRoss/metadata/BackscatterA_8101_OffshoreFortRoss_metadata.xml","DataType":"raster","DataSource":"usgs_ds781","Info":"USGS DS 781","LastUpdate":"20260914165302"},"geometry":{"type":"Polygon","coordinates":[[[-123.3,38.4],[-123.1,38.4],[-123.1,38.56],[-123.3,38.56],[-123.3,38.4]]]}},{"type":"Feature","properties":{"Name":"BackscatterB_7125_OffshoreFortRoss","ID":"BackscatterB_7125_OffshoreFortRoss","Agency":"USGS","DataLink":"https://pubs.usgs.gov/ds/781/OffshoreFortRoss/data/BackscatterB_7125_OffshoreFortRoss.zip","MetadataLink":"https://pubs.usgs.gov/ds/781/OffshoreFortRoss/metadata/BackscatterB_7125_OffshoreFortRoss_metadata.xml","DataType":"raster","DataSource":"usgs_ds781","Info":"USGS DS 781","LastUpdate":"20260914165303"},"geometry":{"type":"Polygon","coordinates":[[[-123.31,38.4],[-123.1,38.4],[-123.1,38.56],[-123.31,38.56],[-123.31,38.4]]]}},{"type":"Feature","properties":{"Name":"BackscatterC_Swath_OffshoreFortRoss","ID":"BackscatterC_Swath_OffshoreFortRoss","Agency":"USGS","DataLink":"https://pubs.usgs.gov/ds/781/OffshoreFortRoss/data/BackscatterC_Swath_OffshoreFortRoss.zip","MetadataLink":"https://pubs.usgs.gov/ds/781/OffshoreFortRoss/metadata/BackscatterC_Swath_OffshoreFortRoss_metadata.xml","DataType":"raster","DataSource":"usgs_ds781","Info":"USGS DS 781","LastUpdate":"20260914165304"},"geometry":{"type":"Polygon","coordinates":[[[-123.31,38.4],[-123.1,38.4],[-123.1,38.56],[-123.31,38.56],[-123.31,38.4]]]}},{"type":"Feature","properties":{"Name":"Geology_OffshoreFortRoss","ID":"Geology_OffshoreFortRoss","Agency":"USGS","DataLink":"https://pubs.usgs.gov/ds/781/OffshoreFortRoss/data/Geology_OffshoreFortRoss.zip","MetadataLink":"https://pubs.usgs.gov/ds/781/OffshoreFortRoss/metadata/Geology_OffshoreFortRoss_metadata.xml","DataType":"raster","DataSource":"usgs_ds781","Info":"USGS DS 781","LastUpdate":"20260914165304"},"geometry":{"type":"Polygon","coordinates":[[[-123.31,38.4],[-123.1,38.4],[-123.1,38.56],[-123.31,38.56],[-123.31,38.4]]]}},{"type":"Feature","properties":{"Name":"Faults_OffshoreFortRoss","ID":"Faults_OffshoreFortRoss","Agency":"USGS","DataLink":"https://pubs.usgs.gov/ds/781/OffshoreFortRoss/data/Faults_OffshoreFortRoss.zip","MetadataLink":"https://pubs.usgs.gov/ds/781/OffshoreFortRoss/metadata/Faults_OffshoreFortRoss_metadata.xml","DataType":"raster","DataSource":"usgs_ds781","Info":"USGS DS 781","LastUpdate":"20260914165305"},"geometry":{"type":"Polygon","coordinates":[[[-123.31,38.4],[-123.11,38.4],[-123.11,38.53],[-123.31,38.53],[-123.31,38.4]]]}},{"type":"Feature","properties":{"Name":"Folds_OffshoreFortRoss","ID":"Folds_OffshoreFortRoss","Agency":"USGS","DataLink":"https://pubs.usgs.gov/ds/781/OffshoreFortRoss/data/Folds_OffshoreFortRoss.zip","MetadataLink":"https://pubs.usgs.gov/ds/781/OffshoreFortRoss/metadata/Folds_OffshoreFortRoss_metadata.xml","DataType":"raster","DataSource":"usgs_ds781","Info":"USGS DS 781","LastUpdate":"20260914165305"},"geometry":{"type":"Polygon","coordinates":[[[-123.3,38.47],[-123.18,38.47],[-123.18,38.52],[-123.3,38.52],[-123.3,38.47]]]}},{"type":"Feature","properties":{"Name":"Habitat_OffshoreFortRoss","ID":"Habitat_OffshoreFortRoss","Agency":"USGS","DataLink":"https://pubs.usgs.gov/ds/781/OffshoreFortRoss/data/Habitat_OffshoreFortRoss.zip","MetadataLink":"https://pubs.usgs.gov/ds/781/OffshoreFortRoss/metadata/Habitat_OffshoreFortRoss_metadata.xml","DataType":"raster","DataSource":"usgs_ds781","Info":"USGS DS 781","LastUpdate":"20260914165306"},"geometry":{"type":"Polygon","coordinates":[[[-123.31,38.4],[-123.1,38.4],[-123.1,38.55],[-123.31,38.55],[-123.31,38.4]]]}},{"type":"Feature","properties":{"Name":"SeafloorCharacter_OffshoreFortRoss","ID":"SeafloorCharacter_OffshoreFortRoss","Agency":"USGS","DataLink":"https://pubs.usgs.gov/ds/781/OffshoreFortRoss/data/SeafloorCharacter_OffshoreFortRoss.zip","MetadataLink":"https://pubs.usgs.gov/ds/781/OffshoreFortRoss/metadata/SeafloorCharacter_OffshoreFortRoss_metadata.xml","DataType":"raster","DataSource":"usgs_ds781","Info":"USGS DS 781","LastUpdate":"20260914165307"},"geometry":{"type":"Polygon","coordinates":[[[-123.31,38.4],[-123.1,38.4],[-123.1,38.56],[-123.31,38.56],[-123.31,38.4]]]}}]}
