{"type":"FeatureCollection","name":"vdatum","features":[{"type":"Feature","properties":{"Name":"VDatum_DTL","ID":"AKglacier00_8301","Agency":"NOAA","DataLink":"https://vdatum.noaa.gov/download/data/AKglacier00_8301.zip","DataType":"dtl","Coverage":"akglacier00_8301","ArchiveMember":"AKglacier00_8301/AKglacier00_8301_dtl.gtx","MultiGrid":false,"DataSource":"vdatum","LastUpdate":"20260908092331"},"geometry":{"type":"Polygon","coordinates":[[[-141.0,56.56],[-131.902,56.56],[-131.902,58.34],[-141.0,58.34],[-141.0,56.56]]]}},{"type":"Feature","properties":{"Name":"VDatum_MHHW","ID":"AKglacier00_8301","Agency":"NOAA","DataLink":"https://vdatum.noaa.gov/download/data/AKglacier00_8301.zip","DataType":"mhhw","Coverage":"akglacier00_8301","ArchiveMember":"AKglacier00_8301/AKglacier00_8301_mhhw.gtx","MultiGrid":false,"DataSource":"vdatum","LastUpdate":"20260908092331"},"geometry":{"type":"Polygon","coordinates":[[[-141.0,56.56],[-131.902,56.56],[-131.902,58.34],[-141.0,58.34],[-141.0,56.56]]]}},{"type":"Feature","properties":{"Name":"VDatum_MHW","ID":"AKglacier00_8301","Agency":"NOAA","DataLink":"https://vdatum.noaa.gov/download/data/AKglacier00_8301.zip","DataType":"mhw","Coverage":"akglacier00_8301","ArchiveMember":"AKglacier00_8301/AKglacier00_8301_mhw.gtx","MultiGrid":false,"DataSource":"vdatum","LastUpdate":"20260908092331"},"geometry":{"type":"Polygon","coordinates":[[[-141.0,56.56],[-131.902,56.56],[-131.902,58.34],[-141.0,58.34],[-141.0,56.56]]]}},{"type":"Feature","properties":{"Name":"VDatum_MLLW","ID":"AKglacier00_8301","Agency":"NOAA","DataLink":"https://vdatum.noaa.gov/download/data/AKglacier00_8301.zip","DataType":"mllw","Coverage":"akglacier00_8301","ArchiveMember":"AKglacier00_8301/AKglacier00_8301_mllw.gtx","MultiGrid":false,"DataSource":"vdatum","LastUpdate":"20260908092331"},"geometry":{"type":"Polygon","coordinates":[[[-141.0,56.56],[-131.902,56.56],[-131.902,58.34],[-141.0,58.34],[-141.0,56.56]]]}},{"type":"Feature","properties":{"Name":"VDatum_MLW","ID":"AKglacier00_8301","Agency":"NOAA","DataLink":"https://vdatum.noaa.gov/download/data/AKglacier00_8301.zip","DataType":"mlw","Coverage":"akglacier00_8301","ArchiveMember":"AKglacier00_8301/AKglacier00_8301_mlw.gtx","MultiGrid":false,"DataSource":"vdatum","LastUpdate":"20260908092331"},"geometry":{"type":"Polygon","coordinates":[[[-141.0,56.56],[-131.902,56.56],[-131.902,58.34],[-141.0,58.34],[-141.0,56.56]]]}},{"type":"Feature","properties":{"Name":"VDatum_MTL","ID":"AKglacier00_8301","Agency":"NOAA","DataLink":"https://vdatum.noaa.gov/download/data/AKglacier00_8301.zip","DataType":"mtl","Coverage":"akglacier00_8301","ArchiveMember":"AKglacier00_8301/AKglacier00_8301_mtl.gtx","MultiGrid":false,"DataSource":"vdatum","LastUpdate":"20260908092331"},"geometry":{"type":"Polygon","coordinates":[[[-141.0,56.56],[-131.902,56.56],[-131.902,58.34],[-141.0,58.34],[-141.0,56.56]]]}},{"type":"Feature","properties":{"Name":"VDatum_TSS","ID":"AKglacier00_8301","Agency":"NOAA","DataLink":"https://vdatum.noaa.gov/download/data/AKglacier00_8301.zip","DataType":"tss","Coverage":"akglacier00_8301","ArchiveMember":"AKglacier00_8301/AKglacier00_8301_tss.gtx","MultiGrid":false,"DataSource":"vdatum","LastUpdate":"20260908092331"},"geometry":{"type":"Polygon","coordinates":[[[-141.0,56.56],[-131.902,56.56],[-131.902,58.34],[-141.0,58.34],[-141.0,56.56]]]}},{"type":"Feature","properties":{"Name":"VDatum_DTL","ID":"AKwhale00_8301","Agency":"NOAA","DataLink":"https://vdatum.noaa.gov/download/data/AKwhale00_8301.zip","DataType":"dtl","Coverage":"akwhale00_8301","ArchiveMember":"AKwhale00_8301/AKwhale00_8301_dtl.gtx","MultiGrid":false,"DataSource":"vdatum","LastUpdate":"20260908092331"},"geometry":{"type":"Polygon","coordinates":[[[-138.10000000000002,53.611],[-129.902,53.611],[-129.902,56.57],[-138.10000000000002,56.57],[-138.10000000000002,53.611]]]}},{"type":"Feature","properties":{"Name":"VDatum_MHHW","ID":"AKwhale00_8301","Agency":"NOAA","DataLink":"https://vdatum.noaa.gov/download/data/AKwhale00_8301.zip","DataType":"mhhw","Coverage":"akwhale00_8301","ArchiveMember":"AKwhale00_8301/AKwhale00_8301_mhhw.gtx","MultiGrid":false,"DataSource":"vdatum","LastUpdate":"20260908092331"},"geometry":{"type":"Polygon","coordinates":[[[-138.10000000000002,53.611],[-129.902,53.611],[-129.902,56.57],[-138.10000000000002,56.57],[-138.10000000000002,53.611]]]}},{"type":"Feature","properties":{"Name":"VDatum_MHW","ID":"AKwhale00_8301","Agency":"NOAA","DataLink":"https://vdatum.noaa.gov/download/data/AKwhale00_8301.zip","DataType":"mhw","Coverage":"akwhale00_8301","ArchiveMember":"AKwhale00_8301/AKwhale00_8301_mhw.gtx","MultiGrid":false,"DataSource":"vdatum","LastUpdate":"20260908092331"},"geometry":{"type":"Polygon","coordinates":[[[-138.10000000000002,53.611],[-129.902,53.611],[-129.902,56.57],[-138.10000000000002,56.57],[-138.10000000000002,53.611]]]}},{"type":"Feature","properties":{"Name":"VDatum_MLLW","ID":"AKwhale00_8301","Agency":"NOAA","DataLink":"https://vdatum.noaa.gov/download/data/AKwhale00_8301.zip","DataType":"mllw","Coverage":"akwhale00_8301","ArchiveMember":"AKwhale00_8301/AKwhale00_8301_mllw.gtx","MultiGrid":false,"DataSource":"vdatum","LastUpdate":"20260908092331"},"geometry":{"type":"Polygon","coordinates":[[[-138.10000000000002,53.611],[-129.902,53.611],[-129.902,56.57],[-138.10000000000002,56.57],[-138.10000000000002,53.611]]]}},{"type":"Feature","properties":{"Name":"VDatum_MLW","ID":"AKwhale00_8301","Agency":"NOAA","DataLink":"https://vdatum.noaa.gov/download/data/AKwhale00_8301.zip","DataType":"mlw","Coverage":"akwhale00_8301","ArchiveMember":"AKwhale00_8301/AKwhale00_8301_mlw.gtx","MultiGrid":false,"DataSource":"vdatum","LastUpdate":"20260908092331"},"geometry":{"type":"Polygon","coordinates":[[[-138.10000000000002,53.611],[-129.902,53.611],[-129.902,56.57],[-138.10000000000002,56.57],[-138.10000000000002,53.611]]]}},{"type":"Feature","properties":{"Name":"VDatum_MTL","ID":"AKwhale00_8301","Agency":"NOAA","DataLink":"https://vdatum.noaa.gov/download/data/AKwhale00_8301.zip","DataType":"mtl","Coverage":"akwhale00_8301","ArchiveMember":"AKwhale00_8301/AKwhale00_8301_mtl.gtx","MultiGrid":false,"DataSource":"vdatum","LastUpdate":"20260908092331"},"geometry":{"type":"Polygon","coordinates":[[[-138.10000000000002,53.611],[-129.902,53.611],[-129.902,56.57],[-138.10000000000002,56.57],[-138.10000000000002,53.611]]]}},{"type":"Feature","properties":{"Name":"VDatum_TSS","ID":"AKwhale00_8301","Agency":"NOAA","DataLink":"https://vdatum.noaa.gov/download/data/AKwhale00_8301.zip","DataType":"tss","Coverage":"akwhale00_8301","ArchiveMember":"AKwhale00_8301/AKwhale00_8301_tss.gtx","MultiGrid":false,"DataSource":"vdatum","LastUpdate":"20260908092331"},"geometry":{"type":"Polygon","coordinates":[[[-138.10000000000002,53.611],[-129.902,53.611],[-129.902,56.57],[-138.10000000000002,56.57],[-138.10000000000002,53.611]]]}},{"type":"Feature","properties":{"Name":"VDatum_DTL","ID":"AKyakutat00_8301","Agency":"NOAA","DataLink":"https://vdatum.noaa.gov/download/data/AKyakutat00_8301.zip","DataType":"dtl","Coverage":"akyakutat00_8301","ArchiveMember":"AKyakutat00_8301/AKyakutat00_8301_dtl.gtx","MultiGrid":false,"DataSource":"vdatum","LastUpdate":"20260908092331"},"geometry":{"type":"Polygon","coordinates":[[[-142.5,58.331],[-133.702,58.331],[-133.702,60.11],[-142.5,60.11],[-142.5,58.331]]]}},{"type":"Feature","properties":{"Name":"VDatum_MHHW","ID":"AKyakutat00_8301","Agency":"NOAA","DataLink":"https://vdatum.noaa.gov/download/data/AKyakutat00_8301.zip","DataType":"mhhw","Coverage":"akyakutat00_8301","ArchiveMember":"AKyakutat00_8301/AKyakutat00_8301_mhhw.gtx","MultiGrid":false,"DataSource":"vdatum","LastUpdate":"20260908092331"},"geometry":{"type":"Polygon","coordinates":[[[-142.5,58.331],[-133.702,58.331],[-133.702,60.11],[-142.5,60.11],[-142.5,58.331]]]}},{"type":"Feature","properties":{"Name":"VDatum_MHW","ID":"AKyakutat00_8301","Agency":"NOAA","DataLink":"https://vdatum.noaa.gov/download/data/AKyakutat00_8301.zip","DataType":"mhw","Coverage":"akyakutat00_8301","ArchiveMember":"AKyakutat00_8301/AKyakutat00_8301_mhw.gtx","MultiGrid":false,"DataSource":"vdatum","LastUpdate":"20260908092331"},"geometry":{"type":"Polygon","coordinates":[[[-142.5,58.331],[-133.702,58.331],[-133.702,60.11],[-142.5,60.11],[-142.5,58.331]]]}},{"type":"Feature","properties":{"Name":"VDatum_MLLW","ID":"AKyakutat00_8301","Agency":"NOAA","DataLink":"https://vdatum.noaa.gov/download/data/AKyakutat00_8301.zip","DataType":"mllw","Coverage":"akyakutat00_8301","ArchiveMember":"AKyakutat00_8301/AKyakutat00_8301_mllw.gtx","MultiGrid":false,"DataSource":"vdatum","LastUpdate":"20260908092331"},"geometry":{"type":"Polygon","coordinates":[[[-142.5,58.331],[-133.702,58.331],[-133.702,60.11],[-142.5,60.11],[-142.5,58.331]]]}},{"type":"Feature","properties":{"Name":"VDatum_MLW","ID":"AKyakutat00_8301","Agency":"NOAA","DataLink":"https://vdatum.noaa.gov/download/data/AKyakutat00_8301.zip","DataType":"mlw","Coverage":"akyakutat00_8301","ArchiveMember":"AKyakutat00_8301/AKyakutat00_8301_mlw.gtx","MultiGrid":false,"DataSource":"vdatum","LastUpdate":"20260908092331"},"geometry":{"type":"Polygon","coordinates":[[[-142.5,58.331],[-133.702,58.331],[-133.702,60.11],[-142.5,60.11],[-142.5,58.331]]]}},{"type":"Feature","properties":{"Name":"VDatum_MTL","ID":"AKyakutat00_8301","Agency":"NOAA","DataLink":"https://vdatum.noaa.gov/download/data/AKyakutat00_8301.zip","DataType":"mtl","Coverage":"akyakutat00_8301","ArchiveMember":"AKyakutat00_8301/AKyakutat00_8301_mtl.gtx","MultiGrid":false,"DataSource":"vdatum","LastUpdate":"20260908092331"},"geometry":{"type":"Polygon","coordinates":[[[-142.5,58.331],[-133.702,58.331],[-133.702,60.11],[-142.5,60.11],[-142.5,58.331]]]}},{"type":"Feature","properties":{"Name":"VDatum_TSS","ID":"AKyakutat00_8301","Agency":"NOAA","DataLink":"https://vdatum.noaa.gov/download/data/AKyakutat00_8301.zip","DataType":"tss","Coverage":"akyakutat00_8301","ArchiveMember":"AKyakutat00_8301/AKyakutat00_8301_tss.gtx","MultiGrid":false,"DataSource":"vdatum","LastUpdate":"20260908092331"},"geometry":{"type":"Polygon","coordinates":[[[-142.5,58.331],[-133.702,58.331],[-133.702,60.11],[-142.5,60.11],[-142.5,58.331]]]}},{"type":"Feature","properties":{"Name":"VDatum_DTL","ID":"ALFLgom02_8301","Agency":"NOAA","DataLink":"https://vdatum.noaa.gov/download/data/ALFLgom02_8301.zip","DataType":"dtl","Coverage":"alflgom02_8301","ArchiveMember":"ALFLgom02_8301/ALFLgom02_8301_dtl.gtx","MultiGrid":false,"DataSource":"vdatum","LastUpdate":"20260908092331"},"geometry":{"type":"Polygon","coordinates":[[[-88.05700000000002,29.648],[-85.32299999999998,29.648],[-85.32299999999998,30.409],[-88.05700000000002,30.409],[-88.05700000000002,29.648]]]}},{"type":"Feature","properties":{"Name":"VDatum_MHHW","ID":"ALFLgom02_8301","Agency":"NOAA","DataLink":"https://vdatum.noaa.gov/download/data/ALFLgom02_8301.zip","DataType":"mhhw","Coverage":"alflgom02_8301","ArchiveMember":"ALFLgom02_8301/ALFLgom02_8301_mhhw.gtx","MultiGrid":false,"DataSource":"vdatum","LastUpdate":"20260908092331"},"geometry":{"type":"Polygon","coordinates":[[[-88.05700000000002,29.648],[-85.32299999999998,29.648],[-85.32299999999998,30.409],[-88.05700000000002,30.409],[-88.05700000000002,29.648]]]}},{"type":"Feature","properties":{"Name":"VDatum_MHW","ID":"ALFLgom02_8301","Agency":"NOAA","DataLink":"https://vdatum.noaa.gov/download/data/ALFLgom02_8301.zip","DataType":"mhw","Coverage":"alflgom02_8301","ArchiveMember":"ALFLgom02_8301/ALFLgom02_8301_mhw.gtx","MultiGrid":false,"DataSource":"vdatum","LastUpdate":"20260908092331"},"geometry":{"type":"Polygon","coordinates":[[[-88.05700000000002,29.648],[-85.32299999999998,29.648],[-85.32299999999998,30.409],[-88.05700000000002,30.409],[-88.05700000000002,29.648]]]}},{"type":"Feature","properties":{"Name":"VDatum_MLLW","ID":"ALFLgom02_8301","Agency":"NOAA","DataLink":"https://vdatum.noaa.gov/download/data/ALFLgom02_8301.zip","DataType":"mllw","Coverage":"alflgom02_8301","ArchiveMember":"ALFLgom02_8301/ALFLgom02_8301_mllw.gtx","MultiGrid":false,"DataSource":"vdatum","LastUpdate":"20260908092331"},"geometry":{"type":"Polygon","coordinates":[[[-88.05700000000002,29.648],[-85.32299999999998,29.648],[-85.32299999999998,30.409],[-88.05700000000002,30.409],[-88.05700000000002,29.648]]]}},{"type":"Feature","properties":{"Name":"VDatum_MLW","ID":"ALFLgom02_8301","Agency":"NOAA","DataLink":"https://vdatum.noaa.gov/download/data/ALFLgom02_8301.zip","DataType":"mlw","Coverage":"alflgom02_8301","ArchiveMember":"ALFLgom02_8301/ALFLgom02_8301_mlw.gtx","MultiGrid":false,"DataSource":"vdatum","LastUpdate":"20260908092331"},"geometry":{"type":"Polygon","coordinates":[[[-88.05700000000002,29.648],[-85.32299999999998,29.648],[-85.32299999999998,30.409],[-88.05700000000002,30.409],[-88.05700000000002,29.648]]]}},{"type":"Feature","properties":{"Name":"VDatum_MTL","ID":"ALFLgom02_8301","Agency":"NOAA","DataLink":"https://vdatum.noaa.gov/download/data/ALFLgom02_8301.zip","DataType":"mtl","Coverage":"alflgom02_8301","ArchiveMember":"ALFLgom02_8301/ALFLgom02_8301_mtl.gtx","MultiGrid":false,"DataSource":"vdatum","LastUpdate":"20260908092331"},"geometry":{"type":"Polygon","coordinates":[[[-88.05700000000002,29.648],[-85.32299999999998,29.648],[-85.32299999999998,30.409],[-88.05700000000002,30.409],[-88.05700000000002,29.648]]]}},{"type":"Feature","properties":{"Name":"VDatum_TSS","ID":"ALFLgom02_8301","Agency":"NOAA","DataLink":"https://vdatum.noaa.gov/download/data/ALFLgom02_8301.zip","DataType":"tss","Coverage":"alflgom02_8301","ArchiveMember":"ALFLgom02_8301/ALFLgom02_8301_tss.gtx","MultiGrid":false,"DataSource":"vdatum","LastUpdate":"20260908092331"},"geometry":{"type":"Polygon","coordinates":[[[-88.05700000000002,29.648],[-85.32299999999998,29.648],[-85.32299999999998,30.409],[-88.05700000000002,30.409],[-88.05700000000002,29.648]]]}},{"type":"Feature","properties":{"Name":"VDatum_DTL","ID":"ALmobile02_8301","Agency":"NOAA","DataLink":"https://vdatum.noaa.gov/download/data/ALmobile02_8301.zip","DataType":"dtl","Coverage":"almobile02_8301","ArchiveMember":"ALmobile02_8301/ALmobile02_8301_dtl.gtx","MultiGrid":false,"DataSource":"vdatum","LastUpdate":"20260908092331"},"geometry":{"type":"Polygon","coordinates":[[[-88.166,30.218],[-87.67700000000002,30.218],[-87.67700000000002,30.742],[-88.166,30.742],[-88.166,30.218]]]}},{"type":"Feature","properties":{"Name":"VDatum_MHHW","ID":"ALmobile02_8301","Agency":"NOAA","DataLink":"https://vdatum.noaa.gov/download/data/ALmobile02_8301.zip","DataType":"mhhw","Coverage":"almobile02_8301","ArchiveMember":"ALmobile02_8301/ALmobile02_8301_mhhw.gtx","MultiGrid":false,"DataSource":"vdatum","LastUpdate":"20260908092331"},"geometry":{"type":"Polygon","coordinates":[[[-88.166,30.218],[-87.67700000000002,30.218],[-87.67700000000002,30.742],[-88.166,30.742],[-88.166,30.218]]]}},{"type":"Feature","properties":{"Name":"VDatum_MHW","ID":"ALmobile02_8301","Agency":"NOAA","DataLink":"https://vdatum.noaa.gov/download/data/ALmobile02_8301.zip","DataType":"mhw","Coverage":"almobile02_8301","ArchiveMember":"ALmobile02_8301/ALmobile02_8301_mhw.gtx","MultiGrid":false,"DataSource":"vdatum","LastUpdate":"20260908092331"},"geometry":{"type":"Polygon","coordinates":[[[-88.166,30.218],[-87.67700000000002,30.218],[-87.67700000000002,30.742],[-88.166,30.742],[-88.166,30.218]]]}},{"type":"Feature","properties":{"Name":"VDatum_MLLW","ID":"ALmobile02_8301","Agency":"NOAA","DataLink":"https://vdatum.noaa.gov/download/data/ALmobile02_8301.zip","DataType":"mllw","Coverage":"almobile02_8301","ArchiveMember":"ALmobile02_8301/ALmobile02_8301_mllw.gtx","MultiGrid":false,"DataSource":"vdatum","LastUpdate":"20260908092331"},"geometry":{"type":"Polygon","coordinates":[[[-88.166,30.218],[-87.67700000000002,30.218],[-87.67700000000002,30.742],[-88.166,30.742],[-88.166,30.218]]]}},{"type":"Feature","properties":{"Name":"VDatum_MLW","ID":"ALmobile02_8301","Agency":"NOAA","DataLink":"https://vdatum.noaa.gov/download/data/ALmobile02_8301.zip","DataType":"mlw","Coverage":"almobile02_8301","ArchiveMember":"ALmobile02_8301/ALmobile02_8301_mlw.gtx","MultiGrid":false,"DataSource":"vdatum","LastUpdate":"20260908092331"},"geometry":{"type":"Polygon","coordinates":[[[-88.166,30.218],[-87.67700000000002,30.218],[-87.67700000000002,30.742],[-88.166,30.742],[-88.166,30.218]]]}},{"type":"Feature","properties":{"Name":"VDatum_MTL","ID":"ALmobile02_8301","Agency":"NOAA","DataLink":"https://vdatum.noaa.gov/download/data/ALmobile02_8301.zip","DataType":"mtl","Coverage":"almobile02_8301","ArchiveMember":"ALmobile02_8301/ALmobile02_8301_mtl.gtx","MultiGrid":false,"DataSource":"vdatum","LastUpdate":"20260908092331"},"geometry":{"type":"Polygon","coordinates":[[[-88.166,30.218],[-87.67700000000002,30.218],[-87.67700000000002,30.742],[-88.166,30.742],[-88.166,30.218]]]}},{"type":"Feature","properties":{"Name":"VDatum_TSS","ID":"ALmobile02_8301","Agency":"NOAA","DataLink":"https://vdatum.noaa.gov/download/data/ALmobile02_8301.zip","DataType":"tss","Coverage":"almobile02_8301","ArchiveMember":"ALmobile02_8301/ALmobile02_8301_tss.gtx","MultiGrid":false,"DataSource":"vdatum","LastUpdate":"20260908092331"},"geometry":{"type":"Polygon","coordinates":[[[-88.166,30.218],[-87.67700000000002,30.218],[-87.67700000000002,30.742],[-88.166,30.742],[-88.166,30.218]]]}},{"type":"Feature","properties":{"Name":"VDatum_DTL","ID":"CAORblan01_8301","Agency":"NOAA","DataLink":"https://vdatum.noaa.gov/download/data/CAORblan01_8301.zip","DataType":"dtl","Coverage":"caorblan01_8301","ArchiveMember":"vdatum/CAORblan01_8301/dtl.gtx","MultiGrid":false,"DataSource":"vdatum","LastUpdate":"20260908092331"},"geometry":{"type":"Polygon","coordinates":[[[-126.47000000000003,39.99],[-123.88,39.99],[-123.88,42.71],[-126.47000000000003,42.71],[-126.47000000000003,39.99]]]}},{"type":"Feature","properties":{"Name":"VDatum_MHHW","ID":"CAORblan01_8301","Agency":"NOAA","DataLink":"https://vdatum.noaa.gov/download/data/CAORblan01_8301.zip","DataType":"mhhw","Coverage":"caorblan01_8301","ArchiveMember":"vdatum/CAORblan01_8301/mhhw.gtx","MultiGrid":false,"DataSource":"vdatum","LastUpdate":"20260908092331"},"geometry":{"type":"Polygon","coordinates":[[[-126.47000000000003,39.99],[-123.88,39.99],[-123.88,42.71],[-126.47000000000003,42.71],[-126.47000000000003,39.99]]]}},{"type":"Feature","properties":{"Name":"VDatum_MHW","ID":"CAORblan01_8301","Agency":"NOAA","DataLink":"https://vdatum.noaa.gov/download/data/CAORblan01_8301.zip","DataType":"mhw","Coverage":"caorblan01_8301","ArchiveMember":"vdatum/CAORblan01_8301/mhw.gtx","MultiGrid":false,"DataSource":"vdatum","LastUpdate":"20260908092331"},"geometry":{"type":"Polygon","coordinates":[[[-126.47000000000003,39.99],[-123.88,39.99],[-123.88,42.71],[-126.47000000000003,42.71],[-126.47000000000003,39.99]]]}},{"type":"Feature","properties":{"Name":"VDatum_MLLW","ID":"CAORblan01_8301","Agency":"NOAA","DataLink":"https://vdatum.noaa.gov/download/data/CAORblan01_8301.zip","DataType":"mllw","Coverage":"caorblan01_8301","ArchiveMember":"vdatum/CAORblan01_8301/mllw.gtx","MultiGrid":false,"DataSource":"vdatum","LastUpdate":"20260908092331"},"geometry":{"type":"Polygon","coordinates":[[[-126.47000000000003,39.99],[-123.88,39.99],[-123.88,42.71],[-126.47000000000003,42.71],[-126.47000000000003,39.99]]]}},{"type":"Feature","properties":{"Name":"VDatum_MLW","ID":"CAORblan01_8301","Agency":"NOAA","DataLink":"https://vdatum.noaa.gov/download/data/CAORblan01_8301.zip","DataType":"mlw","Coverage":"caorblan01_8301","ArchiveMember":"vdatum/CAORblan01_8301/mlw.gtx","MultiGrid":false,"DataSource":"vdatum","LastUpdate":"20260908092331"},"geometry":{"type":"Polygon","coordinates":[[[-126.47000000000003,39.99],[-123.88,39.99],[-123.88,42.71],[-126.47000000000003,42.71],[-126.47000000000003,39.99]]]}},{"type":"Feature","properties":{"Name":"VDatum_MTL","ID":"CAORblan01_8301","Agency":"NOAA","DataLink":"https://vdatum.noaa.gov/download/data/CAORblan01_8301.zip","DataType":"mtl","Coverage":"caorblan01_8301","ArchiveMember":"vdatum/CAORblan01_8301/mtl.gtx","MultiGrid":false,"DataSource":"vdatum","LastUpdate":"20260908092331"},"geometry":{"type":"Polygon","coordinates":[[[-126.47000000000003,39.99],[-123.88,39.99],[-123.88,42.71],[-126.47000000000003,42.71],[-126.47000000000003,39.99]]]}},{"type":"Feature","properties":{"Name":"VDatum_TSS","ID":"CAORblan01_8301","Agency":"NOAA","DataLink":"https://vdatum.noaa.gov/download/data/CAORblan01_8301.zip","DataType":"tss","Coverage":"caorblan01_8301","ArchiveMember":"vdatum/CAORblan01_8301/tss.gtx","MultiGrid":false,"DataSource":"vdatum","LastUpdate":"20260908092331"},"geometry":{"type":"Polygon","coordinates":[[[-126.47000000000003,39.99],[-123.88,39.99],[-123.88,42.71],[-126.47000000000003,42.71],[-126.47000000000003,39.99]]]}},{"type":"Feature","properties":{"Name":"VDatum_DTL","ID":"CAmontby13_8301","Agency":"NOAA","DataLink":"https://vdatum.noaa.gov/download/data/CAmontby13_8301.zip","DataType":"dtl","Coverage":"camontby13_8301","ArchiveMember":"CAmontby13_8301/CAmontby13_8301_dtl.gtx","MultiGrid":false,"DataSource":"vdatum","LastUpdate":"20260908092331"},"geometry":{"type":"Polygon","coordinates":[[[-124.75713400000001,34.902],[-120.39813400000003,34.902],[-120.39813400000003,37.401],[-124.75713400000001,37.401],[-124.75713400000001,34.902]]]}},{"type":"Feature","properties":{"Name":"VDatum_MHHW","ID":"CAmontby13_8301","Agency":"NOAA","DataLink":"https://vdatum.noaa.gov/download/data/CAmontby13_8301.zip","DataType":"mhhw","Coverage":"camontby13_8301","ArchiveMember":"CAmontby13_8301/CAmontby13_8301_mhhw.gtx","MultiGrid":false,"DataSource":"vdatum","LastUpdate":"20260908092331"},"geometry":{"type":"Polygon","coordinates":[[[-124.75713400000001,34.902],[-120.39813400000003,34.902],[-120.39813400000003,37.401],[-124.75713400000001,37.401],[-124.75713400000001,34.902]]]}},{"type":"Feature","properties":{"Name":"VDatum_MHW","ID":"CAmontby13_8301","Agency":"NOAA","DataLink":"https://vdatum.noaa.gov/download/data/CAmontby13_8301.zip","DataType":"mhw","Coverage":"camontby13_8301","ArchiveMember":"CAmontby13_8301/CAmontby13_8301_mhw.gtx","MultiGrid":false,"DataSource":"vdatum","LastUpdate":"20260908092331"},"geometry":{"type":"Polygon","coordinates":[[[-124.75713400000001,34.902],[-120.39813400000003,34.902],[-120.39813400000003,37.401],[-124.75713400000001,37.401],[-124.75713400000001,34.902]]]}},{"type":"Feature","properties":{"Name":"VDatum_MLLW","ID":"CAmontby13_8301","Agency":"NOAA","DataLink":"https://vdatum.noaa.gov/download/data/CAmontby13_8301.zip","DataType":"mllw","Coverage":"camontby13_8301","ArchiveMember":"CAmontby13_8301/CAmontby13_8301_mllw.gtx","MultiGrid":false,"DataSource":"vdatum","LastUpdate":"20260908092331"},"geometry":{"type":"Polygon","coordinates":[[[-124.75713400000001,34.902],[-120.39813400000003,34.902],[-120.39813400000003,37.401],[-124.75713400000001,37.401],[-124.75713400000001,34.902]]]}},{"type":"Feature","properties":{"Name":"VDatum_MLW","ID":"CAmontby13_8301","Agency":"NOAA","DataLink":"https://vdatum.noaa.gov/download/data/CAmontby13_8301.zip","DataType":"mlw","Coverage":"camontby13_8301","ArchiveMember":"CAmontby13_8301/CAmontby13_8301_mlw.gtx","MultiGrid":false,"DataSource":"vdatum","LastUpdate":"20260908092331"},"geometry":{"type":"Polygon","coordinates":[[[-124.75713400000001,34.902],[-120.39813400000003,34.902],[-120.39813400000003,37.401],[-124.75713400000001,37.401],[-124.75713400000001,34.902]]]}},{"type":"Feature","properties":{"Name":"VDatum_MTL","ID":"CAmontby13_8301","Agency":"NOAA","DataLink":"https://vdatum.noaa.gov/download/data/CAmontby13_8301.zip","DataType":"mtl","Coverage":"camontby13_8301","ArchiveMember":"CAmontby13_8301/CAmontby13_8301_mtl.gtx","MultiGrid":false,"DataSource":"vdatum","LastUpdate":"20260908092331"},"geometry":{"type":"Polygon","coordinates":[[[-124.75713400000001,34.902],[-120.39813400000003,34.902],[-120.39813400000003,37.401],[-124.75713400000001,37.401],[-124.75713400000001,34.902]]]}},{"type":"Feature","properties":{"Name":"VDatum_TSS","ID":"CAmontby13_8301","Agency":"NOAA","DataLink":"https://vdatum.noaa.gov/download/data/CAmontby13_8301.zip","DataType":"tss","Coverage":"camontby13_8301","ArchiveMember":"CAmontby13_8301/CAmontby13_8301_tss.gtx","MultiGrid":false,"DataSource":"vdatum","LastUpdate":"20260908092331"},"geometry":{"type":"Polygon","coordinates":[[[-124.75713400000001,34.902],[-120.39813400000003,34.902],[-120.39813400000003,37.401],[-124.75713400000001,37.401],[-124.75713400000001,34.902]]]}},{"type":"Feature","properties":{"Name":"VDatum_DTL","ID":"CAmorrob01_8301","Agency":"NOAA","DataLink":"https://vdatum.noaa.gov/download/data/CAmorrob01_8301.zip","DataType":"dtl","Coverage":"camorrob01_8301","ArchiveMember":"vdatum/CAmorrob01_8301/dtl.gtx","MultiGrid":false,"DataSource":"vdatum","LastUpdate":"20260908092331"},"geometry":{"type":"Polygon","coordinates":[[[-124.81,34.89],[-120.565,34.89],[-120.565,37.41],[-124.81,37.41],[-124.81,34.89]]]}},{"type":"Feature","properties":{"Name":"VDatum_MHHW","ID":"CAmorrob01_8301","Agency":"NOAA","DataLink":"https://vdatum.noaa.gov/download/data/CAmorrob01_8301.zip","DataType":"mhhw","Coverage":"camorrob01_8301","ArchiveMember":"vdatum/CAmorrob01_8301/mhhw.gtx","MultiGrid":false,"DataSource":"vdatum","LastUpdate":"20260908092331"},"geometry":{"type":"Polygon","coordinates":[[[-124.81,34.89],[-120.565,34.89],[-120.565,37.41],[-124.81,37.41],[-124.81,34.89]]]}},{"type":"Feature","properties":{"Name":"VDatum_MHW","ID":"CAmorrob01_8301","Agency":"NOAA","DataLink":"https://vdatum.noaa.gov/download/data/CAmorrob01_8301.zip","DataType":"mhw","Coverage":"camorrob01_8301","ArchiveMember":"vdatum/CAmorrob01_8301/mhw.gtx","MultiGrid":false,"DataSource":"vdatum","LastUpdate":"20260908092331"},"geometry":{"type":"Polygon","coordinates":[[[-124.81,34.89],[-120.565,34.89],[-120.565,37.41],[-124.81,37.41],[-124.81,34.89]]]}},{"type":"Feature","properties":{"Name":"VDatum_MLLW","ID":"CAmorrob01_8301","Agency":"NOAA","DataLink":"https://vdatum.noaa.gov/download/data/CAmorrob01_8301.zip","DataType":"mllw","Coverage":"camorrob01_8301","ArchiveMember":"vdatum/CAmorrob01_8301/mllw.gtx","MultiGrid":false,"DataSource":"vdatum","LastUpdate":"20260908092331"},"geometry":{"type":"Polygon","coordinates":[[[-124.81,34.89],[-120.565,34.89],[-120.565,37.41],[-124.81,37.41],[-124.81,34.89]]]}},{"type":"Feature","properties":{"Name":"VDatum_MLW","ID":"CAmorrob01_8301","Agency":"NOAA","DataLink":"https://vdatum.noaa.gov/download/data/CAmorrob01_8301.zip","DataType":"mlw","Coverage":"camorrob01_8301","ArchiveMember":"vdatum/CAmorrob01_8301/mlw.gtx","MultiGrid":false,"DataSource":"vdatum","LastUpdate":"20260908092331"},"geometry":{"type":"Polygon","coordinates":[[[-124.81,34.89],[-120.565,34.89],[-120.565,37.41],[-124.81,37.41],[-124.81,34.89]]]}},{"type":"Feature","properties":{"Name":"VDatum_MTL","ID":"CAmorrob01_8301","Agency":"NOAA","DataLink":"https://vdatum.noaa.gov/download/data/CAmorrob01_8301.zip","DataType":"mtl","Coverage":"camorrob01_8301","ArchiveMember":"vdatum/CAmorrob01_8301/mtl.gtx","MultiGrid":false,"DataSource":"vdatum","LastUpdate":"20260908092331"},"geometry":{"type":"Polygon","coordinates":[[[-124.81,34.89],[-120.565,34.89],[-120.565,37.41],[-124.81,37.41],[-124.81,34.89]]]}},{"type":"Feature","properties":{"Name":"VDatum_TSS","ID":"CAmorrob01_8301","Agency":"NOAA","DataLink":"https://vdatum.noaa.gov/download/data/CAmorrob01_8301.zip","DataType":"tss","Coverage":"camorrob01_8301","ArchiveMember":"vdatum/CAmorrob01_8301/tss.gtx","MultiGrid":false,"DataSource":"vdatum","LastUpdate":"20260908092331"},"geometry":{"type":"Polygon","coordinates":[[[-124.81,34.89],[-120.565,34.89],[-120.565,37.41],[-124.81,37.41],[-124.81,34.89]]]}},{"type":"Feature","properties":{"Name":"VDatum_DTL","ID":"CAoregon00_8301","Agency":"NOAA","DataLink":"https://vdatum.noaa.gov/download/data/CAoregon00_8301.zip","DataType":"dtl","Coverage":"caoregon00_8301","ArchiveMember":"CAoregon00_8301/CAoregon00_8301_dtl.gtx","MultiGrid":false,"DataSource":"vdatum","LastUpdate":"20260908092331"},"geometry":{"type":"Polygon","coordinates":[[[-126.45253600000001,39.999],[-123.94453599999997,39.999],[-123.94453599999997,42.705],[-126.45253600000001,42.705],[-126.45253600000001,39.999]]]}},{"type":"Feature","properties":{"Name":"VDatum_MHHW","ID":"CAoregon00_8301","Agency":"NOAA","DataLink":"https://vdatum.noaa.gov/download/data/CAoregon00_8301.zip","DataType":"mhhw","Coverage":"caoregon00_8301","ArchiveMember":"CAoregon00_8301/CAoregon00_8301_mhhw.gtx","MultiGrid":false,"DataSource":"vdatum","LastUpdate":"20260908092331"},"geometry":{"type":"Polygon","coordinates":[[[-126.45253600000001,39.999],[-123.94453599999997,39.999],[-123.94453599999997,42.705],[-126.45253600000001,42.705],[-126.45253600000001,39.999]]]}},{"type":"Feature","properties":{"Name":"VDatum_MHW","ID":"CAoregon00_8301","Agency":"NOAA","DataLink":"https://vdatum.noaa.gov/download/data/CAoregon00_8301.zip","DataType":"mhw","Coverage":"caoregon00_8301","ArchiveMember":"CAoregon00_8301/CAoregon00_8301_mhw.gtx","MultiGrid":false,"DataSource":"vdatum","LastUpdate":"20260908092331"},"geometry":{"type":"Polygon","coordinates":[[[-126.45253600000001,39.999],[-123.94453599999997,39.999],[-123.94453599999997,42.705],[-126.45253600000001,42.705],[-126.45253600000001,39.999]]]}},{"type":"Feature","properties":{"Name":"VDatum_MLLW","ID":"CAoregon00_8301","Agency":"NOAA","DataLink":"https://vdatum.noaa.gov/download/data/CAoregon00_8301.zip","DataType":"mllw","Coverage":"caoregon00_8301","ArchiveMember":"CAoregon00_8301/CAoregon00_8301_mllw.gtx","MultiGrid":false,"DataSource":"vdatum","LastUpdate":"20260908092331"},"geometry":{"type":"Polygon","coordinates":[[[-126.45253600000001,39.999],[-123.94453599999997,39.999],[-123.94453599999997,42.705],[-126.45253600000001,42.705],[-126.45253600000001,39.999]]]}},{"type":"Feature","properties":{"Name":"VDatum_MLW","ID":"CAoregon00_8301","Agency":"NOAA","DataLink":"https://vdatum.noaa.gov/download/data/CAoregon00_8301.zip","DataType":"mlw","Coverage":"caoregon00_8301","ArchiveMember":"CAoregon00_8301/CAoregon00_8301_mlw.gtx","MultiGrid":false,"DataSource":"vdatum","LastUpdate":"20260908092331"},"geometry":{"type":"Polygon","coordinates":[[[-126.45253600000001,39.999],[-123.94453599999997,39.999],[-123.94453599999997,42.705],[-126.45253600000001,42.705],[-126.45253600000001,39.999]]]}},{"type":"Feature","properties":{"Name":"VDatum_MTL","ID":"CAoregon00_8301","Agency":"NOAA","DataLink":"https://vdatum.noaa.gov/download/data/CAoregon00_8301.zip","DataType":"mtl","Coverage":"caoregon00_8301","ArchiveMember":"CAoregon00_8301/CAoregon00_8301_mtl.gtx","MultiGrid":false,"DataSource":"vdatum","LastUpdate":"20260908092331"},"geometry":{"type":"Polygon","coordinates":[[[-126.45253600000001,39.999],[-123.94453599999997,39.999],[-123.94453599999997,42.705],[-126.45253600000001,42.705],[-126.45253600000001,39.999]]]}},{"type":"Feature","properties":{"Name":"VDatum_TSS","ID":"CAoregon00_8301","Agency":"NOAA","DataLink":"https://vdatum.noaa.gov/download/data/CAoregon00_8301.zip","DataType":"tss","Coverage":"caoregon00_8301","ArchiveMember":"CAoregon00_8301/CAoregon00_8301_tss.gtx","MultiGrid":false,"DataSource":"vdatum","LastUpdate":"20260908092331"},"geometry":{"type":"Polygon","coordinates":[[[-126.45253600000001,39.999],[-123.94453599999997,39.999],[-123.94453599999997,42.705],[-126.45253600000001,42.705],[-126.45253600000001,39.999]]]}},{"type":"Feature","properties":{"Name":"VDatum_DTL","ID":"CAsanfrb01_8301","Agency":"NOAA","DataLink":"https://vdatum.noaa.gov/download/data/CAsanfrb01_8301.zip","DataType":"dtl","Coverage":"casanfrb01_8301","ArchiveMember":"vdatum/CAsanfrb01_8301/dtl.gtx","MultiGrid":false,"DataSource":"vdatum","LastUpdate":"20260908092331"},"geometry":{"type":"Polygon","coordinates":[[[-126.19999999999999,37.39],[-121.82,37.39],[-121.82,40.01],[-126.19999999999999,40.01],[-126.19999999999999,37.39]]]}},{"type":"Feature","properties":{"Name":"VDatum_MHHW","ID":"CAsanfrb01_8301","Agency":"NOAA","DataLink":"https://vdatum.noaa.gov/download/data/CAsanfrb01_8301.zip","DataType":"mhhw","Coverage":"casanfrb01_8301","ArchiveMember":"vdatum/CAsanfrb01_8301/mhhw.gtx","MultiGrid":false,"DataSource":"vdatum","LastUpdate":"20260908092331"},"geometry":{"type":"Polygon","coordinates":[[[-126.19999999999999,37.39],[-121.82,37.39],[-121.82,40.01],[-126.19999999999999,40.01],[-126.19999999999999,37.39]]]}},{"type":"Feature","properties":{"Name":"VDatum_MHW","ID":"CAsanfrb01_8301","Agency":"NOAA","DataLink":"https://vdatum.noaa.gov/download/data/CAsanfrb01_8301.zip","DataType":"mhw","Coverage":"casanfrb01_8301","ArchiveMember":"vdatum/CAsanfrb01_8301/mhw.gtx","MultiGrid":false,"DataSource":"vdatum","LastUpdate":"20260908092331"},"geometry":{"type":"Polygon","coordinates":[[[-126.19999999999999,37.39],[-121.82,37.39],[-121.82,40.01],[-126.19999999999999,40.01],[-126.19999999999999,37.39]]]}},{"type":"Feature","properties":{"Name":"VDatum_MLLW","ID":"CAsanfrb01_8301","Agency":"NOAA","DataLink":"https://vdatum.noaa.gov/download/data/CAsanfrb01_8301.zip","DataType":"mllw","Coverage":"casanfrb01_8301","ArchiveMember":"vdatum/CAsanfrb01_8301/mllw.gtx","MultiGrid":false,"DataSource":"vdatum","LastUpdate":"20260908092331"},"geometry":{"type":"Polygon","coordinates":[[[-126.19999999999999,37.39],[-121.82,37.39],[-121.82,40.01],[-126.19999999999999,40.01],[-126.19999999999999,37.39]]]}},{"type":"Feature","properties":{"Name":"VDatum_MLW","ID":"CAsanfrb01_8301","Agency":"NOAA","DataLink":"https://vdatum.noaa.gov/download/data/CAsanfrb01_8301.zip","DataType":"mlw","Coverage":"casanfrb01_8301","ArchiveMember":"vdatum/CAsanfrb01_8301/mlw.gtx","MultiGrid":false,"DataSource":"vdatum","LastUpdate":"20260908092331"},"geometry":{"type":"Polygon","coordinates":[[[-126.19999999999999,37.39],[-121.82,37.39],[-121.82,40.01],[-126.19999999999999,40.01],[-126.19999999999999,37.39]]]}},{"type":"Feature","properties":{"Name":"VDatum_MTL","ID":"CAsanfrb01_8301","Agency":"NOAA","DataLink":"https://vdatum.noaa.gov/download/data/CAsanfrb01_8301.zip","DataType":"mtl","Coverage":"casanfrb01_8301","ArchiveMember":"vdatum/CAsanfrb01_8301/mtl.gtx","MultiGrid":false,"DataSource":"vdatum","LastUpdate":"20260908092331"},"geometry":{"type":"Polygon","coordinates":[[[-126.19999999999999,37.39],[-121.82,37.39],[-121.82,40.01],[-126.19999999999999,40.01],[-126.19999999999999,37.39]]]}},{"type":"Feature","properties":{"Name":"VDatum_TSS","ID":"CAsanfrb01_8301","Agency":"NOAA","DataLink":"https://vdatum.noaa.gov/download/data/CAsanfrb01_8301.zip","DataType":"tss","Coverage":"casanfrb01_8301","ArchiveMember":"vdatum/CAsanfrb01_8301/tss.gtx","MultiGrid":false,"DataSource":"vdatum","LastUpdate":"20260908092331"},"geometry":{"type":"Polygon","coordinates":[[[-126.19999999999999,37.39],[-121.82,37.39],[-121.82,40.01],[-126.19999999999999,40.01],[-126.19999999999999,37.39]]]}},{"type":"Feature","properties":{"Name":"VDatum_DTL","ID":"CAsanfrb12_8301","Agency":"NOAA","DataLink":"https://vdatum.noaa.gov/download/data/CAsanfrb12_8301.zip","DataType":"dtl","Coverage":"casanfrb12_8301","ArchiveMember":"vdatum/CAsanfrb12_8301/dtl.gtx","MultiGrid":false,"DataSource":"vdatum","LastUpdate":"20260908092331"},"geometry":{"type":"Polygon","coordinates":[[[-126.19999999999999,37.387],[-121.52999999999997,37.387],[-121.52999999999997,40.013],[-126.19999999999999,40.013],[-126.19999999999999,37.387]]]}},{"type":"Feature","properties":{"Name":"VDatum_MHHW","ID":"CAsanfrb12_8301","Agency":"NOAA","DataLink":"https://vdatum.noaa.gov/download/data/CAsanfrb12_8301.zip","DataType":"mhhw","Coverage":"casanfrb12_8301","ArchiveMember":"vdatum/CAsanfrb12_8301/mhhw.gtx","MultiGrid":false,"DataSource":"vdatum","LastUpdate":"20260908092331"},"geometry":{"type":"Polygon","coordinates":[[[-126.19999999999999,37.387],[-121.52999999999997,37.387],[-121.52999999999997,40.013],[-126.19999999999999,40.013],[-126.19999999999999,37.387]]]}},{"type":"Feature","properties":{"Name":"VDatum_MHW","ID":"CAsanfrb12_8301","Agency":"NOAA","DataLink":"https://vdatum.noaa.gov/download/data/CAsanfrb12_8301.zip","DataType":"mhw","Coverage":"casanfrb12_8301","ArchiveMember":"vdatum/CAsanfrb12_8301/mhw.gtx","MultiGrid":false,"DataSource":"vdatum","LastUpdate":"20260908092331"},"geometry":{"type":"Polygon","coordinates":[[[-126.19999999999999,37.387],[-121.52999999999997,37.387],[-121.52999999999997,40.013],[-126.19999999999999,40.013],[-126.19999999999999,37.387]]]}},{"type":"Feature","properties":{"Name":"VDatum_MLLW","ID":"CAsanfrb12_8301","Agency":"NOAA","DataLink":"https://vdatum.noaa.gov/download/data/CAsanfrb12_8301.zip","DataType":"mllw","Coverage":"casanfrb12_8301","ArchiveMember":"vdatum/CAsanfrb12_8301/mllw.gtx","MultiGrid":false,"DataSource":"vdatum","LastUpdate":"20260908092331"},"geometry":{"type":"Polygon","coordinates":[[[-126.19999999999999,37.387],[-121.52999999999997,37.387],[-121.52999999999997,40.013],[-126.19999999999999,40.013],[-126.19999999999999,37.387]]]}},{"type":"Feature","properties":{"Name":"VDatum_MLW","ID":"CAsanfrb12_8301","Agency":"NOAA","DataLink":"https://vdatum.noaa.gov/download/data/CAsanfrb12_8301.zip","DataType":"mlw","Coverage":"casanfrb12_8301","ArchiveMember":"vdatum/CAsanfrb12_8301/mlw.gtx","MultiGrid":false,"DataSource":"vdatum","LastUpdate":"20260908092331"},"geometry":{"type":"Polygon","coordinates":[[[-126.19999999999999,37.387],[-121.52999999999997,37.387],[-121.52999999999997,40.013],[-126.19999999999999,40.013],[-126.19999999999999,37.387]]]}},{"type":"Feature","properties":{"Name":"VDatum_MTL","ID":"CAsanfrb12_8301","Agency":"NOAA","DataLink":"https://vdatum.noaa.gov/download/data/CAsanfrb12_8301.zip","DataType":"mtl","Coverage":"casanfrb12_8301","ArchiveMember":"vdatum/CAsanfrb12_8301/mtl.gtx","MultiGrid":false,"DataSource":"vdatum","LastUpdate":"20260908092331"},"geometry":{"type":"Polygon","coordinates":[[[-126.19999999999999,37.387],[-121.52999999999997,37.387],[-121.52999999999997,40.013],[-126.19999999999999,40.013],[-126.19999999999999,37.387]]]}},{"type":"Feature","properties":{"Name":"VDatum_TSS","ID":"CAsanfrb12_8301","Agency":"NOAA","DataLink":"https://vdatum.noaa.gov/download/data/CAsanfrb12_8301.zip","DataType":"tss","Coverage":"casanfrb12_8301","ArchiveMember":"vdatum/CAsanfrb12_8301/tss.gtx","MultiGrid":false,"DataSource":"vdatum","LastUpdate":"20260908092331"},"geometry":{"type":"Polygon","coordinates":[[[-126.19999999999999,37.387],[-121.52999999999997,37.387],[-121.52999999999997,40.013],[-126.19999999999999,40.013],[-126.19999999999999,37.387]]]}},{"type":"Feature","properties":{"Name":"VDatum_DTL","ID":"CAsfbay13_8301","Agency":"NOAA","DataLink":"https://vdatum.noaa.gov/download/data/CAsfbay13_8301.zip","DataType":"dtl","Coverage":"casfbay13_8301","ArchiveMember":"CAsfbay13_8301/CAsfbay13_8301_dtl.gtx","MultiGrid":false,"DataSource":"vdatum","LastUpdate":"20260908092331"},"geometry":{"type":"Polygon","coordinates":[[[-126.13862599999999,37.398999],[-122.38962600000002,37.398999],[-122.38962600000002,40.001999],[-126.13862599999999,40.001999],[-126.13862599999999,37.398999]]]}},{"type":"Feature","properties":{"Name":"VDatum_MHHW","ID":"CAsfbay13_8301","Agency":"NOAA","DataLink":"https://vdatum.noaa.gov/download/data/CAsfbay13_8301.zip","DataType":"mhhw","Coverage":"casfbay13_8301","ArchiveMember":"CAsfbay13_8301/CAsfbay13_8301_mhhw.gtx","MultiGrid":false,"DataSource":"vdatum","LastUpdate":"20260908092331"},"geometry":{"type":"Polygon","coordinates":[[[-126.13862599999999,37.398999],[-122.38962600000002,37.398999],[-122.38962600000002,40.001999],[-126.13862599999999,40.001999],[-126.13862599999999,37.398999]]]}},{"type":"Feature","properties":{"Name":"VDatum_MHW","ID":"CAsfbay13_8301","Agency":"NOAA","DataLink":"https://vdatum.noaa.gov/download/data/CAsfbay13_8301.zip","DataType":"mhw","Coverage":"casfbay13_8301","ArchiveMember":"CAsfbay13_8301/CAsfbay13_8301_mhw.gtx","MultiGrid":false,"DataSource":"vdatum","LastUpdate":"20260908092331"},"geometry":{"type":"Polygon","coordinates":[[[-126.13862599999999,37.398999],[-122.38962600000002,37.398999],[-122.38962600000002,40.001999],[-126.13862599999999,40.001999],[-126.13862599999999,37.398999]]]}},{"type":"Feature","properties":{"Name":"VDatum_MLLW","ID":"CAsfbay13_8301","Agency":"NOAA","DataLink":"https://vdatum.noaa.gov/download/data/CAsfbay13_8301.zip","DataType":"mllw","Coverage":"casfbay13_8301","ArchiveMember":"CAsfbay13_8301/CAsfbay13_8301_mllw.gtx","MultiGrid":false,"DataSource":"vdatum","LastUpdate":"20260908092331"},"geometry":{"type":"Polygon","coordinates":[[[-126.13862599999999,37.398999],[-122.38962600000002,37.398999],[-122.38962600000002,40.001999],[-126.13862599999999,40.001999],[-126.13862599999999,37.398999]]]}},{"type":"Feature","properties":{"Name":"VDatum_MLW","ID":"CAsfbay13_8301","Agency":"NOAA","DataLink":"https://vdatum.noaa.gov/download/data/CAsfbay13_8301.zip","DataType":"mlw","Coverage":"casfbay13_8301","ArchiveMember":"CAsfbay13_8301/CAsfbay13_8301_mlw.gtx","MultiGrid":false,"DataSource":"vdatum","LastUpdate":"20260908092331"},"geometry":{"type":"Polygon","coordinates":[[[-126.13862599999999,37.398999],[-122.38962600000002,37.398999],[-122.38962600000002,40.001999],[-126.13862599999999,40.001999],[-126.13862599999999,37.398999]]]}},{"type":"Feature","properties":{"Name":"VDatum_MTL","ID":"CAsfbay13_8301","Agency":"NOAA","DataLink":"https://vdatum.noaa.gov/download/data/CAsfbay13_8301.zip","DataType":"mtl","Coverage":"casfbay13_8301","ArchiveMember":"CAsfbay13_8301/CAsfbay13_8301_mtl.gtx","MultiGrid":false,"DataSource":"vdatum","LastUpdate":"20260908092331"},"geometry":{"type":"Polygon","coordinates":[[[-126.13862599999999,37.398999],[-122.38962600000002,37.398999],[-122.38962600000002,40.001999],[-126.13862599999999,40.001999],[-126.13862599999999,37.398999]]]}},{"type":"Feature","properties":{"Name":"VDatum_TSS","ID":"CAsfbay13_8301","Agency":"NOAA","DataLink":"https://vdatum.noaa.gov/download/data/CAsfbay13_8301.zip","DataType":"tss","Coverage":"casfbay13_8301","ArchiveMember":"CAsfbay13_8301/CAsfbay13_8301_tss.gtx","MultiGrid":false,"DataSource":"vdatum","LastUpdate":"20260908092331"},"geometry":{"type":"Polygon","coordinates":[[[-126.13862599999999,37.398999],[-122.38962600000002,37.398999],[-122.38962600000002,40.001999],[-126.13862599999999,40.001999],[-126.13862599999999,37.398999]]]}},{"type":"Feature","properties":{"Name":"VDatum_DTL","ID":"CAsfdel00_8301","Agency":"NOAA","DataLink":"https://vdatum.noaa.gov/download/data/CAsfdel00_8301.zip","DataType":"dtl","Coverage":"casfdel00_8301","ArchiveMember":"CAsfdel00_8301/CAsfdel00_8301_dtl.gtx","MultiGrid":false,"DataSource":"vdatum","LastUpdate":"20260908092331"},"geometry":{"type":"Polygon","coordinates":[[[-123.06588999999997,37.3411],[-121.30368999999996,37.3411],[-121.30368999999996,38.6131],[-123.06588999999997,38.6131],[-123.06588999999997,37.3411]]]}},{"type":"Feature","properties":{"Name":"VDatum_MHHW","ID":"CAsfdel00_8301","Agency":"NOAA","DataLink":"https://vdatum.noaa.gov/download/data/CAsfdel00_8301.zip","DataType":"mhhw","Coverage":"casfdel00_8301","ArchiveMember":"CAsfdel00_8301/CAsfdel00_8301_mhhw.gtx","MultiGrid":false,"DataSource":"vdatum","LastUpdate":"20260908092331"},"geometry":{"type":"Polygon","coordinates":[[[-123.06588999999997,37.3411],[-121.30368999999996,37.3411],[-121.30368999999996,38.6131],[-123.06588999999997,38.6131],[-123.06588999999997,37.3411]]]}},{"type":"Feature","properties":{"Name":"VDatum_MHW","ID":"CAsfdel00_8301","Agency":"NOAA","DataLink":"https://vdatum.noaa.gov/download/data/CAsfdel00_8301.zip","DataType":"mhw","Coverage":"casfdel00_8301","ArchiveMember":"CAsfdel00_8301/CAsfdel00_8301_mhw.gtx","MultiGrid":false,"DataSource":"vdatum","LastUpdate":"20260908092331"},"geometry":{"type":"Polygon","coordinates":[[[-123.06588999999997,37.3411],[-121.30368999999996,37.3411],[-121.30368999999996,38.6131],[-123.06588999999997,38.6131],[-123.06588999999997,37.3411]]]}},{"type":"Feature","properties":{"Name":"VDatum_MLLW","ID":"CAsfdel00_8301","Agency":"NOAA","DataLink":"https://vdatum.noaa.gov/download/data/CAsfdel00_8301.zip","DataType":"mllw","Coverage":"casfdel00_8301","ArchiveMember":"CAsfdel00_8301/CAsfdel00_8301_mllw.gtx","MultiGrid":false,"DataSource":"vdatum","LastUpdate":"20260908092331"},"geometry":{"type":"Polygon","coordinates":[[[-123.06588999999997,37.3411],[-121.30368999999996,37.3411],[-121.30368999999996,38.6131],[-123.06588999999997,38.6131],[-123.06588999999997,37.3411]]]}},{"type":"Feature","properties":{"Name":"VDatum_MLW","ID":"CAsfdel00_8301","Agency":"NOAA","DataLink":"https://vdatum.noaa.gov/download/data/CAsfdel00_8301.zip","DataType":"mlw","Coverage":"casfdel00_8301","ArchiveMember":"CAsfdel00_8301/CAsfdel00_8301_mlw.gtx","MultiGrid":false,"DataSource":"vdatum","LastUpdate":"20260908092331"},"geometry":{"type":"Polygon","coordinates":[[[-123.06588999999997,37.3411],[-121.30368999999996,37.3411],[-121.30368999999996,38.6131],[-123.06588999999997,38.6131],[-123.06588999999997,37.3411]]]}},{"type":"Feature","properties":{"Name":"VDatum_MTL","ID":"CAsfdel00_8301","Agency":"NOAA","DataLink":"https://vdatum.noaa.gov/download/data/CAsfdel00_8301.zip","DataType":"mtl","Coverage":"casfdel00_8301","ArchiveMember":"CAsfdel00_8301/CAsfdel00_8301_mtl.gtx","MultiGrid":false,"DataSource":"vdatum","LastUpdate":"20260908092331"},"geometry":{"type":"Polygon","coordinates":[[[-123.06588999999997,37.3411],[-121.30368999999996,37.3411],[-121.30368999999996,38.6131],[-123.06588999999997,38.6131],[-123.06588999999997,37.3411]]]}},{"type":"Feature","properties":{"Name":"VDatum_TSS","ID":"CAsfdel00_8301","Agency":"NOAA","DataLink":"https://vdatum.noaa.gov/download/data/CAsfdel00_8301.zip","DataType":"tss","Coverage":"casfdel00_8301","ArchiveMember":"CAsfdel00_8301/CAsfdel00_8301_tss.gtx","MultiGrid":false,"DataSource":"vdatum","LastUpdate":"20260908092331"},"geometry":{"type":"Polygon","coordinates":[[[-123.06588999999997,37.3411],[-121.30368999999996,37.3411],[-121.30368999999996,38.6131],[-123.06588999999997,38.6131],[-123.06588999999997,37.3411]]]}},{"type":"Feature","properties":{"Name":"VDatum_DTL","ID":"CAsocal01_8301","Agency":"NOAA","DataLink":"https://vdatum.noaa.gov/download/data/CAsocal01_8301.zip","DataType":"dtl","Coverage":"casocal01_8301","ArchiveMember":"vdatum/CAsocal01_8301/dtl.gtx","MultiGrid":false,"DataSource":"vdatum","LastUpdate":"20260908092331"},"geometry":{"type":"Polygon","coordinates":[[[-122.13999999999999,32.11],[-117.03999999999996,32.11],[-117.03999999999996,35.0],[-122.13999999999999,35.0],[-122.13999999999999,32.11]]]}},{"type":"Feature","properties":{"Name":"VDatum_MHHW","ID":"CAsocal01_8301","Agency":"NOAA","DataLink":"https://vdatum.noaa.gov/download/data/CAsocal01_8301.zip","DataType":"mhhw","Coverage":"casocal01_8301","ArchiveMember":"vdatum/CAsocal01_8301/mhhw.gtx","MultiGrid":false,"DataSource":"vdatum","LastUpdate":"20260908092331"},"geometry":{"type":"Polygon","coordinates":[[[-122.13999999999999,32.11],[-117.03999999999996,32.11],[-117.03999999999996,35.0],[-122.13999999999999,35.0],[-122.13999999999999,32.11]]]}},{"type":"Feature","properties":{"Name":"VDatum_MHW","ID":"CAsocal01_8301","Agency":"NOAA","DataLink":"https://vdatum.noaa.gov/download/data/CAsocal01_8301.zip","DataType":"mhw","Coverage":"casocal01_8301","ArchiveMember":"vdatum/CAsocal01_8301/mhw.gtx","MultiGrid":false,"DataSource":"vdatum","LastUpdate":"20260908092331"},"geometry":{"type":"Polygon","coordinates":[[[-122.13999999999999,32.11],[-117.03999999999996,32.11],[-117.03999999999996,35.0],[-122.13999999999999,35.0],[-122.13999999999999,32.11]]]}},{"type":"Feature","properties":{"Name":"VDatum_MLLW","ID":"CAsocal01_8301","Agency":"NOAA","DataLink":"https://vdatum.noaa.gov/download/data/CAsocal01_8301.zip","DataType":"mllw","Coverage":"casocal01_8301","ArchiveMember":"vdatum/CAsocal01_8301/mllw.gtx","MultiGrid":false,"DataSource":"vdatum","LastUpdate":"20260908092331"},"geometry":{"type":"Polygon","coordinates":[[[-122.13999999999999,32.11],[-117.03999999999996,32.11],[-117.03999999999996,35.0],[-122.13999999999999,35.0],[-122.13999999999999,32.11]]]}},{"type":"Feature","properties":{"Name":"VDatum_MLW","ID":"CAsocal01_8301","Agency":"NOAA","DataLink":"https://vdatum.noaa.gov/download/data/CAsocal01_8301.zip","DataType":"mlw","Coverage":"casocal01_8301","ArchiveMember":"vdatum/CAsocal01_8301/mlw.gtx","MultiGrid":false,"DataSource":"vdatum","LastUpdate":"20260908092331"},"geometry":{"type":"Polygon","coordinates":[[[-122.13999999999999,32.11],[-117.03999999999996,32.11],[-117.03999999999996,35.0],[-122.13999999999999,35.0],[-122.13999999999999,32.11]]]}},{"type":"Feature","properties":{"Name":"VDatum_MTL","ID":"CAsocal01_8301","Agency":"NOAA","DataLink":"https://vdatum.noaa.gov/download/data/CAsocal01_8301.zip","DataType":"mtl","Coverage":"casocal01_8301","ArchiveMember":"vdatum/CAsocal01_8301/mtl.gtx","MultiGrid":false,"DataSource":"vdatum","LastUpdate":"20260908092331"},"geometry":{"type":"Polygon","coordinates":[[[-122.13999999999999,32.11],[-117.03999999999996,32.11],[-117.03999999999996,35.0],[-122.13999999999999,35.0],[-122.13999999999999,32.11]]]}},{"type":"Feature","properties":{"Name":"VDatum_TSS","ID":"CAsocal01_8301","Agency":"NOAA","DataLink":"https://vdatum.noaa.gov/download/data/CAsocal01_8301.zip","DataType":"tss","Coverage":"casocal01_8301","ArchiveMember":"vdatum/CAsocal01_8301/tss.gtx","MultiGrid":false,"DataSource":"vdatum","LastUpdate":"20260908092331"},"geometry":{"type":"Polygon","coordinates":[[[-122.13999999999999,32.11],[-117.03999999999996,32.11],[-117.03999999999996,35.0],[-122.13999999999999,35.0],[-122.13999999999999,32.11]]]}},{"type":"Feature","properties":{"Name":"VDatum_DTL","ID":"CAsouin00_8301","Agency":"NOAA","DataLink":"https://vdatum.noaa.gov/download/data/CAsouin00_8301.zip","DataType":"dtl","Coverage":"casouin00_8301","ArchiveMember":"CAsouin00_8301/CAsouin00_8301_dtl.gtx","MultiGrid":false,"DataSource":"vdatum","LastUpdate":"20260908092331"},"geometry":{"type":"Polygon","coordinates":[[[-119.26801,32.5623],[-117.02461,32.5623],[-117.02461,34.2687],[-119.26801,34.2687],[-119.26801,32.5623]]]}},{"type":"Feature","properties":{"Name":"VDatum_MHHW","ID":"CAsouin00_8301","Agency":"NOAA","DataLink":"https://vdatum.noaa.gov/download/data/CAsouin00_8301.zip","DataType":"mhhw","Coverage":"casouin00_8301","ArchiveMember":"CAsouin00_8301/CAsouin00_8301_mhhw.gtx","MultiGrid":false,"DataSource":"vdatum","LastUpdate":"20260908092331"},"geometry":{"type":"Polygon","coordinates":[[[-119.26801,32.5623],[-117.02461,32.5623],[-117.02461,34.2687],[-119.26801,34.2687],[-119.26801,32.5623]]]}},{"type":"Feature","properties":{"Name":"VDatum_MHW","ID":"CAsouin00_8301","Agency":"NOAA","DataLink":"https://vdatum.noaa.gov/download/data/CAsouin00_8301.zip","DataType":"mhw","Coverage":"casouin00_8301","ArchiveMember":"CAsouin00_8301/CAsouin00_8301_mhw.gtx","MultiGrid":false,"DataSource":"vdatum","LastUpdate":"20260908092331"},"geometry":{"type":"Polygon","coordinates":[[[-119.26801,32.5623],[-117.02461,32.5623],[-117.02461,34.2687],[-119.26801,34.2687],[-119.26801,32.5623]]]}},{"type":"Feature","properties":{"Name":"VDatum_MLLW","ID":"CAsouin00_8301","Agency":"NOAA","DataLink":"https://vdatum.noaa.gov/download/data/CAsouin00_8301.zip","DataType":"mllw","Coverage":"casouin00_8301","ArchiveMember":"CAsouin00_8301/CAsouin00_8301_mllw.gtx","MultiGrid":false,"DataSource":"vdatum","LastUpdate":"20260908092331"},"geometry":{"type":"Polygon","coordinates":[[[-119.26801,32.5623],[-117.02461,32.5623],[-117.02461,34.2687],[-119.26801,34.2687],[-119.26801,32.5623]]]}},{"type":"Feature","properties":{"Name":"VDatum_MLW","ID":"CAsouin00_8301","Agency":"NOAA","DataLink":"https://vdatum.noaa.gov/download/data/CAsouin00_8301.zip","DataType":"mlw","Coverage":"casouin00_8301","ArchiveMember":"CAsouin00_8301/CAsouin00_8301_mlw.gtx","MultiGrid":false,"DataSource":"vdatum","LastUpdate":"20260908092331"},"geometry":{"type":"Polygon","coordinates":[[[-119.26801,32.5623],[-117.02461,32.5623],[-117.02461,34.2687],[-119.26801,34.2687],[-119.26801,32.5623]]]}},{"type":"Feature","properties":{"Name":"VDatum_MTL","ID":"CAsouin00_8301","Agency":"NOAA","DataLink":"https://vdatum.noaa.gov/download/data/CAsouin00_8301.zip","DataType":"mtl","Coverage":"casouin00_8301","ArchiveMember":"CAsouin00_8301/CAsouin00_8301_mtl.gtx","MultiGrid":false,"DataSource":"vdatum","LastUpdate":"20260908092331"},"geometry":{"type":"Polygon","coordinates":[[[-119.26801,32.5623],[-117.02461,32.5623],[-117.02461,34.2687],[-119.26801,34.2687],[-119.26801,32.5623]]]}},{"type":"Feature","properties":{"Name":"VDatum_TSS","ID":"CAsouin00_8301","Agency":"NOAA","DataLink":"https://vdatum.noaa.gov/download/data/CAsouin00_8301.zip","DataType":"tss","Coverage":"casouin00_8301","ArchiveMember":"CAsouin00_8301/CAsouin00_8301_tss.gtx","MultiGrid":false,"DataSource":"vdatum","LastUpdate":"20260908092331"},"geometry":{"type":"Polygon","coordinates":[[[-119.26801,32.5623],[-117.02461,32.5623],[-117.02461,34.2687],[-119.26801,34.2687],[-119.26801,32.5623]]]}},{"type":"Feature","properties":{"Name":"VDatum_DTL","ID":"CAsouthn00_8301","Agency":"NOAA","DataLink":"https://vdatum.noaa.gov/download/data/CAsouthn00_8301.zip","DataType":"dtl","Coverage":"casouthn00_8301","ArchiveMember":"CAsouthn00_8301/CAsouthn00_8301_dtl.gtx","MultiGrid":false,"DataSource":"vdatum","LastUpdate":"20260908092331"},"geometry":{"type":"Polygon","coordinates":[[[-122.50099999999998,32.29],[-117.101,32.29],[-117.101,34.924],[-122.50099999999998,34.924],[-122.50099999999998,32.29]]]}},{"type":"Feature","properties":{"Name":"VDatum_MHHW","ID":"CAsouthn00_8301","Agency":"NOAA","DataLink":"https://vdatum.noaa.gov/download/data/CAsouthn00_8301.zip","DataType":"mhhw","Coverage":"casouthn00_8301","ArchiveMember":"CAsouthn00_8301/CAsouthn00_8301_mhhw.gtx","MultiGrid":false,"DataSource":"vdatum","LastUpdate":"20260908092331"},"geometry":{"type":"Polygon","coordinates":[[[-122.50099999999998,32.29],[-117.101,32.29],[-117.101,34.924],[-122.50099999999998,34.924],[-122.50099999999998,32.29]]]}},{"type":"Feature","properties":{"Name":"VDatum_MHW","ID":"CAsouthn00_8301","Agency":"NOAA","DataLink":"https://vdatum.noaa.gov/download/data/CAsouthn00_8301.zip","DataType":"mhw","Coverage":"casouthn00_8301","ArchiveMember":"CAsouthn00_8301/CAsouthn00_8301_mhw.gtx","MultiGrid":false,"DataSource":"vdatum","LastUpdate":"20260908092331"},"geometry":{"type":"Polygon","coordinates":[[[-122.50099999999998,32.29],[-117.101,32.29],[-117.101,34.924],[-122.50099999999998,34.924],[-122.50099999999998,32.29]]]}},{"type":"Feature","properties":{"Name":"VDatum_MLLW","ID":"CAsouthn00_8301","Agency":"NOAA","DataLink":"https://vdatum.noaa.gov/download/data/CAsouthn00_8301.zip","DataType":"mllw","Coverage":"casouthn00_8301","ArchiveMember":"CAsouthn00_8301/CAsouthn00_8301_mllw.gtx","MultiGrid":false,"DataSource":"vdatum","LastUpdate":"20260908092331"},"geometry":{"type":"Polygon","coordinates":[[[-122.50099999999998,32.29],[-117.101,32.29],[-117.101,34.924],[-122.50099999999998,34.924],[-122.50099999999998,32.29]]]}},{"type":"Feature","properties":{"Name":"VDatum_MLW","ID":"CAsouthn00_8301","Agency":"NOAA","DataLink":"https://vdatum.noaa.gov/download/data/CAsouthn00_8301.zip","DataType":"mlw","Coverage":"casouthn00_8301","ArchiveMember":"CAsouthn00_8301/CAsouthn00_8301_mlw.gtx","MultiGrid":false,"DataSource":"vdatum","LastUpdate":"20260908092331"},"geometry":{"type":"Polygon","coordinates":[[[-122.50099999999998,32.29],[-117.101,32.29],[-117.101,34.924],[-122.50099999999998,34.924],[-122.50099999999998,32.29]]]}},{"type":"Feature","properties":{"Name":"VDatum_MTL","ID":"CAsouthn00_8301","Agency":"NOAA","DataLink":"https://vdatum.noaa.gov/download/data/CAsouthn00_8301.zip","DataType":"mtl","Coverage":"casouthn00_8301","ArchiveMember":"CAsouthn00_8301/CAsouthn00_8301_mtl.gtx","MultiGrid":false,"DataSource":"vdatum","LastUpdate":"20260908092331"},"geometry":{"type":"Polygon","coordinates":[[[-122.50099999999998,32.29],[-117.101,32.29],[-117.101,34.924],[-122.50099999999998,34.924],[-122.50099999999998,32.29]]]}},{"type":"Feature","properties":{"Name":"VDatum_TSS","ID":"CAsouthn00_8301","Agency":"NOAA","DataLink":"https://vdatum.noaa.gov/download/data/CAsouthn00_8301.zip","DataType":"tss","Coverage":"casouthn00_8301","ArchiveMember":"CAsouthn00_8301/CAsouthn00_8301_tss.gtx","MultiGrid":false,"DataSource":"vdatum","LastUpdate":"20260908092331"},"geometry":{"type":"Polygon","coordinates":[[[-122.50099999999998,32.29],[-117.101,32.29],[-117.101,34.924],[-122.50099999999998,34.924],[-122.50099999999998,32.29]]]}},{"type":"Feature","properties":{"Name":"VDatum_DTL","ID":"DEVAemb12_8301","Agency":"NOAA","DataLink":"https://vdatum.noaa.gov/download/data/DEVAemb12_8301.zip","DataType":"dtl","Coverage":"devaemb12_8301","ArchiveMember":"vdatum/DEVAemb12_8301/dtl.gtx","MultiGrid":false,"DataSource":"vdatum","LastUpdate":"20260908092331"},"geometry":{"type":"Polygon","coordinates":[[[-75.95999999999998,37.11],[-75.02999999999997,37.11],[-75.02999999999997,38.71],[-75.95999999999998,38.71],[-75.95999999999998,37.11]]]}},{"type":"Feature","properties":{"Name":"VDatum_MHHW","ID":"DEVAemb12_8301","Agency":"NOAA","DataLink":"https://vdatum.noaa.gov/download/data/DEVAemb12_8301.zip","DataType":"mhhw","Coverage":"devaemb12_8301","ArchiveMember":"vdatum/DEVAemb12_8301/mhhw.gtx","MultiGrid":false,"DataSource":"vdatum","LastUpdate":"20260908092331"},"geometry":{"type":"Polygon","coordinates":[[[-75.95999999999998,37.11],[-75.02999999999997,37.11],[-75.02999999999997,38.71],[-75.95999999999998,38.71],[-75.95999999999998,37.11]]]}},{"type":"Feature","properties":{"Name":"VDatum_MHW","ID":"DEVAemb12_8301","Agency":"NOAA","DataLink":"https://vdatum.noaa.gov/download/data/DEVAemb12_8301.zip","DataType":"mhw","Coverage":"devaemb12_8301","ArchiveMember":"vdatum/DEVAemb12_8301/mhw.gtx","MultiGrid":false,"DataSource":"vdatum","LastUpdate":"20260908092331"},"geometry":{"type":"Polygon","coordinates":[[[-75.95999999999998,37.11],[-75.02999999999997,37.11],[-75.02999999999997,38.71],[-75.95999999999998,38.71],[-75.95999999999998,37.11]]]}},{"type":"Feature","properties":{"Name":"VDatum_MLLW","ID":"DEVAemb12_8301","Agency":"NOAA","DataLink":"https://vdatum.noaa.gov/download/data/DEVAemb12_8301.zip","DataType":"mllw","Coverage":"devaemb12_8301","ArchiveMember":"vdatum/DEVAemb12_8301/mllw.gtx","MultiGrid":false,"DataSource":"vdatum","LastUpdate":"20260908092331"},"geometry":{"type":"Polygon","coordinates":[[[-75.95999999999998,37.11],[-75.02999999999997,37.11],[-75.02999999999997,38.71],[-75.95999999999998,38.71],[-75.95999999999998,37.11]]]}},{"type":"Feature","properties":{"Name":"VDatum_MLW","ID":"DEVAemb12_8301","Agency":"NOAA","DataLink":"https://vdatum.noaa.gov/download/data/DEVAemb12_8301.zip","DataType":"mlw","Coverage":"devaemb12_8301","ArchiveMember":"vdatum/DEVAemb12_8301/mlw.gtx","MultiGrid":false,"DataSource":"vdatum","LastUpdate":"20260908092331"},"geometry":{"type":"Polygon","coordinates":[[[-75.95999999999998,37.11],[-75.02999999999997,37.11],[-75.02999999999997,38.71],[-75.95999999999998,38.71],[-75.95999999999998,37.11]]]}},{"type":"Feature","properties":{"Name":"VDatum_MTL","ID":"DEVAemb12_8301","Agency":"NOAA","DataLink":"https://vdatum.noaa.gov/download/data/DEVAemb12_8301.zip","DataType":"mtl","Coverage":"devaemb12_8301","ArchiveMember":"vdatum/DEVAemb12_8301/mtl.gtx","MultiGrid":false,"DataSource":"vdatum","LastUpdate":"20260908092331"},"geometry":{"type":"Polygon","coordinates":[[[-75.95999999999998,37.11],[-75.02999999999997,37.11],[-75.02999999999997,38.71],[-75.95999999999998,38.71],[-75.95999999999998,37.11]]]}},{"type":"Feature","properties":{"Name":"VDatum_TSS","ID":"DEVAemb12_8301","Agency":"NOAA","DataLink":"https://vdatum.noaa.gov/download/data/DEVAemb12_8301.zip","DataType":"tss","Coverage":"devaemb12_8301","ArchiveMember":"vdatum/DEVAemb12_8301/tss.gtx","MultiGrid":false,"DataSource":"vdatum","LastUpdate":"20260908092331"},"geometry":{"type":"Polygon","coordinates":[[[-75.95999999999998,37.11],[-75.02999999999997,37.11],[-75.02999999999997,38.71],[-75.95999999999998,38.71],[-75.95999999999998,37.11]]]}},{"type":"Feature","properties":{"Name":"VDatum_DTL","ID":"DEVAemb23_8301","Agency":"NOAA","DataLink":"https://vdatum.noaa.gov/download/data/DEVAemb23_8301.zip","DataType":"dtl","Coverage":"devaemb23_8301","ArchiveMember":"DEVAemb23_8301/DEVAemb23_8301_dtl.gtx","MultiGrid":false,"DataSource":"vdatum","LastUpdate":"20260908092331"},"geometry":{"type":"Polygon","coordinates":[[[-75.80200000000002,37.367],[-74.99799999999999,37.367],[-74.99799999999999,38.753],[-75.80200000000002,38.753],[-75.80200000000002,37.367]]]}},{"type":"Feature","properties":{"Name":"VDatum_MHHW","ID":"DEVAemb23_8301","Agency":"NOAA","DataLink":"https://vdatum.noaa.gov/download/data/DEVAemb23_8301.zip","DataType":"mhhw","Coverage":"devaemb23_8301","ArchiveMember":"DEVAemb23_8301/DEVAemb23_8301_mhhw.gtx","MultiGrid":false,"DataSource":"vdatum","LastUpdate":"20260908092331"},"geometry":{"type":"Polygon","coordinates":[[[-75.80200000000002,37.367],[-74.99799999999999,37.367],[-74.99799999999999,38.753],[-75.80200000000002,38.753],[-75.80200000000002,37.367]]]}},{"type":"Feature","properties":{"Name":"VDatum_MHW","ID":"DEVAemb23_8301","Agency":"NOAA","DataLink":"https://vdatum.noaa.gov/download/data/DEVAemb23_8301.zip","DataType":"mhw","Coverage":"devaemb23_8301","ArchiveMember":"DEVAemb23_8301/DEVAemb23_8301_mhw.gtx","MultiGrid":false,"DataSource":"vdatum","LastUpdate":"20260908092331"},"geometry":{"type":"Polygon","coordinates":[[[-75.80200000000002,37.367],[-74.99799999999999,37.367],[-74.99799999999999,38.753],[-75.80200000000002,38.753],[-75.80200000000002,37.367]]]}},{"type":"Feature","properties":{"Name":"VDatum_MLLW","ID":"DEVAemb23_8301","Agency":"NOAA","DataLink":"https://vdatum.noaa.gov/download/data/DEVAemb23_8301.zip","DataType":"mllw","Coverage":"devaemb23_8301","ArchiveMember":"DEVAemb23_8301/DEVAemb23_8301_mllw.gtx","MultiGrid":false,"DataSource":"vdatum","LastUpdate":"20260908092331"},"geometry":{"type":"Polygon","coordinates":[[[-75.80200000000002,37.367],[-74.99799999999999,37.367],[-74.99799999999999,38.753],[-75.80200000000002,38.753],[-75.80200000000002,37.367]]]}},{"type":"Feature","properties":{"Name":"VDatum_MLW","ID":"DEVAemb23_8301","Agency":"NOAA","DataLink":"https://vdatum.noaa.gov/download/data/DEVAemb23_8301.zip","DataType":"mlw","Coverage":"devaemb23_8301","ArchiveMember":"DEVAemb23_8301/DEVAemb23_8301_mlw.gtx","MultiGrid":false,"DataSource":"vdatum","LastUpdate":"20260908092331"},"geometry":{"type":"Polygon","coordinates":[[[-75.80200000000002,37.367],[-74.99799999999999,37.367],[-74.99799999999999,38.753],[-75.80200000000002,38.753],[-75.80200000000002,37.367]]]}},{"type":"Feature","properties":{"Name":"VDatum_MTL","ID":"DEVAemb23_8301","Agency":"NOAA","DataLink":"https://vdatum.noaa.gov/download/data/DEVAemb23_8301.zip","DataType":"mtl","Coverage":"devaemb23_8301","ArchiveMember":"DEVAemb23_8301/DEVAemb23_8301_mtl.gtx","MultiGrid":false,"DataSource":"vdatum","LastUpdate":"20260908092331"},"geometry":{"type":"Polygon","coordinates":[[[-75.80200000000002,37.367],[-74.99799999999999,37.367],[-74.99799999999999,38.753],[-75.80200000000002,38.753],[-75.80200000000002,37.367]]]}},{"type":"Feature","properties":{"Name":"VDatum_TSS","ID":"DEVAemb23_8301","Agency":"NOAA","DataLink":"https://vdatum.noaa.gov/download/data/DEVAemb23_8301.zip","DataType":"tss","Coverage":"devaemb23_8301","ArchiveMember":"DEVAemb23_8301/DEVAemb23_8301_tss.gtx","MultiGrid":false,"DataSource":"vdatum","LastUpdate":"20260908092331"},"geometry":{"type":"Polygon","coordinates":[[[-75.80200000000002,37.367],[-74.99799999999999,37.367],[-74.99799999999999,38.753],[-75.80200000000002,38.753],[-75.80200000000002,37.367]]]}},{"type":"Feature","properties":{"Name":"VDatum_DTL","ID":"DEdelbay22_8301","Agency":"NOAA","DataLink":"https://vdatum.noaa.gov/download/data/DEdelbay22_8301.zip","DataType":"dtl","Coverage":"dedelbay22_8301","ArchiveMember":"vdatum/DEdelbay22_8301/dtl.gtx","MultiGrid":false,"DataSource":"vdatum","LastUpdate":"20260908092331"},"geometry":{"type":"Polygon","coordinates":[[[-75.77999999999997,38.5],[-74.51999999999998,38.5],[-74.51999999999998,40.25],[-75.77999999999997,40.25],[-75.77999999999997,38.5]]]}},{"type":"Feature","properties":{"Name":"VDatum_MHHW","ID":"DEdelbay22_8301","Agency":"NOAA","DataLink":"https://vdatum.noaa.gov/download/data/DEdelbay22_8301.zip","DataType":"mhhw","Coverage":"dedelbay22_8301","ArchiveMember":"vdatum/DEdelbay22_8301/mhhw.gtx","MultiGrid":false,"DataSource":"vdatum","LastUpdate":"20260908092331"},"geometry":{"type":"Polygon","coordinates":[[[-75.77999999999997,38.5],[-74.51999999999998,38.5],[-74.51999999999998,40.25],[-75.77999999999997,40.25],[-75.77999999999997,38.5]]]}},{"type":"Feature","properties":{"Name":"VDatum_MHW","ID":"DEdelbay22_8301","Agency":"NOAA","DataLink":"https://vdatum.noaa.gov/download/data/DEdelbay22_8301.zip","DataType":"mhw","Coverage":"dedelbay22_8301","ArchiveMember":"vdatum/DEdelbay22_8301/mhw.gtx","MultiGrid":false,"DataSource":"vdatum","LastUpdate":"20260908092331"},"geometry":{"type":"Polygon","coordinates":[[[-75.77999999999997,38.5],[-74.51999999999998,38.5],[-74.51999999999998,40.25],[-75.77999999999997,40.25],[-75.77999999999997,38.5]]]}},{"type":"Feature","properties":{"Name":"VDatum_MLLW","ID":"DEdelbay22_8301","Agency":"NOAA","DataLink":"https://vdatum.noaa.gov/download/data/DEdelbay22_8301.zip","DataType":"mllw","Coverage":"dedelbay22_8301","ArchiveMember":"vdatum/DEdelbay22_8301/mllw.gtx","MultiGrid":false,"DataSource":"vdatum","LastUpdate":"20260908092331"},"geometry":{"type":"Polygon","coordinates":[[[-75.77999999999997,38.5],[-74.51999999999998,38.5],[-74.51999999999998,40.25],[-75.77999999999997,40.25],[-75.77999999999997,38.5]]]}},{"type":"Feature","properties":{"Name":"VDatum_MLW","ID":"DEdelbay22_8301","Agency":"NOAA","DataLink":"https://vdatum.noaa.gov/download/data/DEdelbay22_8301.zip","DataType":"mlw","Coverage":"dedelbay22_8301","ArchiveMember":"vdatum/DEdelbay22_8301/mlw.gtx","MultiGrid":false,"DataSource":"vdatum","LastUpdate":"20260908092331"},"geometry":{"type":"Polygon","coordinates":[[[-75.77999999999997,38.5],[-74.51999999999998,38.5],[-74.51999999999998,40.25],[-75.77999999999997,40.25],[-75.77999999999997,38.5]]]}},{"type":"Feature","properties":{"Name":"VDatum_MTL","ID":"DEdelbay22_8301","Agency":"NOAA","DataLink":"https://vdatum.noaa.gov/download/data/DEdelbay22_8301.zip","DataType":"mtl","Coverage":"dedelbay22_8301","ArchiveMember":"vdatum/DEdelbay22_8301/mtl.gtx","MultiGrid":false,"DataSource":"vdatum","LastUpdate":"20260908092331"},"geometry":{"type":"Polygon","coordinates":[[[-75.77999999999997,38.5],[-74.51999999999998,38.5],[-74.51999999999998,40.25],[-75.77999999999997,40.25],[-75.77999999999997,38.5]]]}},{"type":"Feature","properties":{"Name":"VDatum_TSS","ID":"DEdelbay22_8301","Agency":"NOAA","DataLink":"https://vdatum.noaa.gov/download/data/DEdelbay22_8301.zip","DataType":"tss","Coverage":"dedelbay22_8301","ArchiveMember":"vdatum/DEdelbay22_8301/tss.gtx","MultiGrid":false,"DataSource":"vdatum","LastUpdate":"20260908092331"},"geometry":{"type":"Polygon","coordinates":[[[-75.77999999999997,38.5],[-74.51999999999998,38.5],[-74.51999999999998,40.25],[-75.77999999999997,40.25],[-75.77999999999997,38.5]]]}},{"type":"Feature","properties":{"Name":"VDatum_DTL","ID":"DEdelbay33_8301","Agency":"NOAA","DataLink":"https://vdatum.noaa.gov/download/data/DEdelbay33_8301.zip","DataType":"dtl","Coverage":"dedelbay33_8301","ArchiveMember":"DEdelbay33_8301/DEdelbay33_8301_dtl.gtx","MultiGrid":false,"DataSource":"vdatum","LastUpdate":"20260908092331"},"geometry":{"type":"Polygon","coordinates":[[[-75.632,38.748],[-74.69600000000003,38.748],[-74.69600000000003,40.254],[-75.632,40.254],[-75.632,38.748]]]}},{"type":"Feature","properties":{"Name":"VDatum_MHHW","ID":"DEdelbay33_8301","Agency":"NOAA","DataLink":"https://vdatum.noaa.gov/download/data/DEdelbay33_8301.zip","DataType":"mhhw","Coverage":"dedelbay33_8301","ArchiveMember":"DEdelbay33_8301/DEdelbay33_8301_mhhw.gtx","MultiGrid":false,"DataSource":"vdatum","LastUpdate":"20260908092331"},"geometry":{"type":"Polygon","coordinates":[[[-75.632,38.748],[-74.69600000000003,38.748],[-74.69600000000003,40.254],[-75.632,40.254],[-75.632,38.748]]]}},{"type":"Feature","properties":{"Name":"VDatum_MHW","ID":"DEdelbay33_8301","Agency":"NOAA","DataLink":"https://vdatum.noaa.gov/download/data/DEdelbay33_8301.zip","DataType":"mhw","Coverage":"dedelbay33_8301","ArchiveMember":"DEdelbay33_8301/DEdelbay33_8301_mhw.gtx","MultiGrid":false,"DataSource":"vdatum","LastUpdate":"20260908092331"},"geometry":{"type":"Polygon","coordinates":[[[-75.632,38.748],[-74.69600000000003,38.748],[-74.69600000000003,40.254],[-75.632,40.254],[-75.632,38.748]]]}},{"type":"Feature","properties":{"Name":"VDatum_MLLW","ID":"DEdelbay33_8301","Agency":"NOAA","DataLink":"https://vdatum.noaa.gov/download/data/DEdelbay33_8301.zip","DataType":"mllw","Coverage":"dedelbay33_8301","ArchiveMember":"DEdelbay33_8301/DEdelbay33_8301_mllw.gtx","MultiGrid":false,"DataSource":"vdatum","LastUpdate":"20260908092331"},"geometry":{"type":"Polygon","coordinates":[[[-75.632,38.748],[-74.69600000000003,38.748],[-74.69600000000003,40.254],[-75.632,40.254],[-75.632,38.748]]]}},{"type":"Feature","properties":{"Name":"VDatum_MLW","ID":"DEdelbay33_8301","Agency":"NOAA","DataLink":"https://vdatum.noaa.gov/download/data/DEdelbay33_8301.zip","DataType":"mlw","Coverage":"dedelbay33_8301","ArchiveMember":"DEdelbay33_8301/DEdelbay33_8301_mlw.gtx","MultiGrid":false,"DataSource":"vdatum","LastUpdate":"20260908092331"},"geometry":{"type":"Polygon","coordinates":[[[-75.632,38.748],[-74.69600000000003,38.748],[-74.69600000000003,40.254],[-75.632,40.254],[-75.632,38.748]]]}},{"type":"Feature","properties":{"Name":"VDatum_MTL","ID":"DEdelbay33_8301","Agency":"NOAA","DataLink":"https://vdatum.noaa.gov/download/data/DEdelbay33_8301.zip","DataType":"mtl","Coverage":"dedelbay33_8301","ArchiveMember":"DEdelbay33_8301/DEdelbay33_8301_mtl.gtx","MultiGrid":false,"DataSource":"vdatum","LastUpdate":"20260908092331"},"geometry":{"type":"Polygon","coordinates":[[[-75.632,38.748],[-74.69600000000003,38.748],[-74.69600000000003,40.254],[-75.632,40.254],[-75.632,38.748]]]}},{"type":"Feature","properties":{"Name":"VDatum_TSS","ID":"DEdelbay33_8301","Agency":"NOAA","DataLink":"https://vdatum.noaa.gov/download/data/DEdelbay33_8301.zip","DataType":"tss","Coverage":"dedelbay33_8301","ArchiveMember":"DEdelbay33_8301/DEdelbay33_8301_tss.gtx","MultiGrid":false,"DataSource":"vdatum","LastUpdate":"20260908092331"},"geometry":{"type":"Polygon","coordinates":[[[-75.632,38.748],[-74.69600000000003,38.748],[-74.69600000000003,40.254],[-75.632,40.254],[-75.632,38.748]]]}},{"type":"Feature","properties":{"Name":"VDatum_DTL","ID":"FLGAeastbays31_8301","Agency":"NOAA","DataLink":"https://vdatum.noaa.gov/download/data/FLGAeastbays31_8301.zip","DataType":"dtl","Coverage":"flgaeastbays31_8301","ArchiveMember":"FLGAeastbays31_8301/FLGAeastbays31_8301_dtl.gtx","MultiGrid":false,"DataSource":"vdatum","LastUpdate":"20260908092331"},"geometry":{"type":"Polygon","coordinates":[[[-81.86200000000002,26.169],[-80.02199999999999,26.169],[-80.02199999999999,31.45],[-81.86200000000002,31.45],[-81.86200000000002,26.169]]]}},{"type":"Feature","properties":{"Name":"VDatum_MHHW","ID":"FLGAeastbays31_8301","Agency":"NOAA","DataLink":"https://vdatum.noaa.gov/download/data/FLGAeastbays31_8301.zip","DataType":"mhhw","Coverage":"flgaeastbays31_8301","ArchiveMember":"FLGAeastbays31_8301/FLGAeastbays31_8301_mhhw.gtx","MultiGrid":false,"DataSource":"vdatum","LastUpdate":"20260908092331"},"geometry":{"type":"Polygon","coordinates":[[[-81.86200000000002,26.169],[-80.02199999999999,26.169],[-80.02199999999999,31.45],[-81.86200000000002,31.45],[-81.86200000000002,26.169]]]}},{"type":"Feature","properties":{"Name":"VDatum_MHW","ID":"FLGAeastbays31_8301","Agency":"NOAA","DataLink":"https://vdatum.noaa.gov/download/data/FLGAeastbays31_8301.zip","DataType":"mhw","Coverage":"flgaeastbays31_8301","ArchiveMember":"FLGAeastbays31_8301/FLGAeastbays31_8301_mhw.gtx","MultiGrid":false,"DataSource":"vdatum","LastUpdate":"20260908092331"},"geometry":{"type":"Polygon","coordinates":[[[-81.86200000000002,26.169],[-80.02199999999999,26.169],[-80.02199999999999,31.45],[-81.86200000000002,31.45],[-81.86200000000002,26.169]]]}},{"type":"Feature","properties":{"Name":"VDatum_MLLW","ID":"FLGAeastbays31_8301","Agency":"NOAA","DataLink":"https://vdatum.noaa.gov/download/data/FLGAeastbays31_8301.zip","DataType":"mllw","Coverage":"flgaeastbays31_8301","ArchiveMember":"FLGAeastbays31_8301/FLGAeastbays31_8301_mllw.gtx","MultiGrid":false,"DataSource":"vdatum","LastUpdate":"20260908092331"},"geometry":{"type":"Polygon","coordinates":[[[-81.86200000000002,26.169],[-80.02199999999999,26.169],[-80.02199999999999,31.45],[-81.86200000000002,31.45],[-81.86200000000002,26.169]]]}},{"type":"Feature","properties":{"Name":"VDatum_MLW","ID":"FLGAeastbays31_8301","Agency":"NOAA","DataLink":"https://vdatum.noaa.gov/download/data/FLGAeastbays31_8301.zip","DataType":"mlw","Coverage":"flgaeastbays31_8301","ArchiveMember":"FLGAeastbays31_8301/FLGAeastbays31_8301_mlw.gtx","MultiGrid":false,"DataSource":"vdatum","LastUpdate":"20260908092331"},"geometry":{"type":"Polygon","coordinates":[[[-81.86200000000002,26.169],[-80.02199999999999,26.169],[-80.02199999999999,31.45],[-81.86200000000002,31.45],[-81.86200000000002,26.169]]]}},{"type":"Feature","properties":{"Name":"VDatum_MTL","ID":"FLGAeastbays31_8301","Agency":"NOAA","DataLink":"https://vdatum.noaa.gov/download/data/FLGAeastbays31_8301.zip","DataType":"mtl","Coverage":"flgaeastbays31_8301","ArchiveMember":"FLGAeastbays31_8301/FLGAeastbays31_8301_mtl.gtx","MultiGrid":false,"DataSource":"vdatum","LastUpdate":"20260908092331"},"geometry":{"type":"Polygon","coordinates":[[[-81.86200000000002,26.169],[-80.02199999999999,26.169],[-80.02199999999999,31.45],[-81.86200000000002,31.45],[-81.86200000000002,26.169]]]}},{"type":"Feature","properties":{"Name":"VDatum_TSS","ID":"FLGAeastbays31_8301","Agency":"NOAA","DataLink":"https://vdatum.noaa.gov/download/data/FLGAeastbays31_8301.zip","DataType":"tss","Coverage":"flgaeastbays31_8301","ArchiveMember":"FLGAeastbays31_8301/FLGAeastbays31_8301_tss.gtx","MultiGrid":false,"DataSource":"vdatum","LastUpdate":"20260908092331"},"geometry":{"type":"Polygon","coordinates":[[[-81.86200000000002,26.169],[-80.02199999999999,26.169],[-80.02199999999999,31.45],[-81.86200000000002,31.45],[-81.86200000000002,26.169]]]}},{"type":"Feature","properties":{"Name":"VDatum_DTL","ID":"FLGAeastshelf41_8301","Agency":"NOAA","DataLink":"https://vdatum.noaa.gov/download/data/FLGAeastshelf41_8301.zip","DataType":"dtl","Coverage":"flgaeastshelf41_8301","ArchiveMember":"FLGAeastshelf41_8301/FLGAeastshelf41_8301_dtl.gtx","MultiGrid":false,"DataSource":"vdatum","LastUpdate":"20260908092331"},"geometry":{"type":"Polygon","coordinates":[[[-81.46800000000002,26.169],[-78.97899999999998,26.169],[-78.97899999999998,31.446],[-81.46800000000002,31.446],[-81.46800000000002,26.169]]]}},{"type":"Feature","properties":{"Name":"VDatum_MHHW","ID":"FLGAeastshelf41_8301","Agency":"NOAA","DataLink":"https://vdatum.noaa.gov/download/data/FLGAeastshelf41_8301.zip","DataType":"mhhw","Coverage":"flgaeastshelf41_8301","ArchiveMember":"FLGAeastshelf41_8301/FLGAeastshelf41_8301_mhhw.gtx","MultiGrid":false,"DataSource":"vdatum","LastUpdate":"20260908092331"},"geometry":{"type":"Polygon","coordinates":[[[-81.46800000000002,26.169],[-78.97899999999998,26.169],[-78.97899999999998,31.446],[-81.46800000000002,31.446],[-81.46800000000002,26.169]]]}},{"type":"Feature","properties":{"Name":"VDatum_MHW","ID":"FLGAeastshelf41_8301","Agency":"NOAA","DataLink":"https://vdatum.noaa.gov/download/data/FLGAeastshelf41_8301.zip","DataType":"mhw","Coverage":"flgaeastshelf41_8301","ArchiveMember":"FLGAeastshelf41_8301/FLGAeastshelf41_8301_mhw.gtx","MultiGrid":false,"DataSource":"vdatum","LastUpdate":"20260908092331"},"geometry":{"type":"Polygon","coordinates":[[[-81.46800000000002,26.169],[-78.97899999999998,26.169],[-78.97899999999998,31.446],[-81.46800000000002,31.446],[-81.46800000000002,26.169]]]}},{"type":"Feature","properties":{"Name":"VDatum_MLLW","ID":"FLGAeastshelf41_8301","Agency":"NOAA","DataLink":"https://vdatum.noaa.gov/download/data/FLGAeastshelf41_8301.zip","DataType":"mllw","Coverage":"flgaeastshelf41_8301","ArchiveMember":"FLGAeastshelf41_8301/FLGAeastshelf41_8301_mllw.gtx","MultiGrid":false,"DataSource":"vdatum","LastUpdate":"20260908092331"},"geometry":{"type":"Polygon","coordinates":[[[-81.46800000000002,26.169],[-78.97899999999998,26.169],[-78.97899999999998,31.446],[-81.46800000000002,31.446],[-81.46800000000002,26.169]]]}},{"type":"Feature","properties":{"Name":"VDatum_MLW","ID":"FLGAeastshelf41_8301","Agency":"NOAA","DataLink":"https://vdatum.noaa.gov/download/data/FLGAeastshelf41_8301.zip","DataType":"mlw","Coverage":"flgaeastshelf41_8301","ArchiveMember":"FLGAeastshelf41_8301/FLGAeastshelf41_8301_mlw.gtx","MultiGrid":false,"DataSource":"vdatum","LastUpdate":"20260908092331"},"geometry":{"type":"Polygon","coordinates":[[[-81.46800000000002,26.169],[-78.97899999999998,26.169],[-78.97899999999998,31.446],[-81.46800000000002,31.446],[-81.46800000000002,26.169]]]}},{"type":"Feature","properties":{"Name":"VDatum_MTL","ID":"FLGAeastshelf41_8301","Agency":"NOAA","DataLink":"https://vdatum.noaa.gov/download/data/FLGAeastshelf41_8301.zip","DataType":"mtl","Coverage":"flgaeastshelf41_8301","ArchiveMember":"FLGAeastshelf41_8301/FLGAeastshelf41_8301_mtl.gtx","MultiGrid":false,"DataSource":"vdatum","LastUpdate":"20260908092331"},"geometry":{"type":"Polygon","coordinates":[[[-81.46800000000002,26.169],[-78.97899999999998,26.169],[-78.97899999999998,31.446],[-81.46800000000002,31.446],[-81.46800000000002,26.169]]]}},{"type":"Feature","properties":{"Name":"VDatum_TSS","ID":"FLGAeastshelf41_8301","Agency":"NOAA","DataLink":"https://vdatum.noaa.gov/download/data/FLGAeastshelf41_8301.zip","DataType":"tss","Coverage":"flgaeastshelf41_8301","ArchiveMember":"FLGAeastshelf41_8301/FLGAeastshelf41_8301_tss.gtx","MultiGrid":false,"DataSource":"vdatum","LastUpdate":"20260908092331"},"geometry":{"type":"Polygon","coordinates":[[[-81.46800000000002,26.169],[-78.97899999999998,26.169],[-78.97899999999998,31.446],[-81.46800000000002,31.446],[-81.46800000000002,26.169]]]}},{"type":"Feature","properties":{"Name":"VDatum_DTL","ID":"FLandrew02_8301","Agency":"NOAA","DataLink":"https://vdatum.noaa.gov/download/data/FLandrew02_8301.zip","DataType":"dtl","Coverage":"flandrew02_8301","ArchiveMember":"FLandrew02_8301/FLandrew02_8301_dtl.gtx","MultiGrid":false,"DataSource":"vdatum","LastUpdate":"20260908092331"},"geometry":{"type":"Polygon","coordinates":[[[-85.87,29.979],[-85.38099999999997,29.979],[-85.38099999999997,30.325],[-85.87,30.325],[-85.87,29.979]]]}},{"type":"Feature","properties":{"Name":"VDatum_MHHW","ID":"FLandrew02_8301","Agency":"NOAA","DataLink":"https://vdatum.noaa.gov/download/data/FLandrew02_8301.zip","DataType":"mhhw","Coverage":"flandrew02_8301","ArchiveMember":"FLandrew02_8301/FLandrew02_8301_mhhw.gtx","MultiGrid":false,"DataSource":"vdatum","LastUpdate":"20260908092331"},"geometry":{"type":"Polygon","coordinates":[[[-85.87,29.979],[-85.38099999999997,29.979],[-85.38099999999997,30.325],[-85.87,30.325],[-85.87,29.979]]]}},{"type":"Feature","properties":{"Name":"VDatum_MHW","ID":"FLandrew02_8301","Agency":"NOAA","DataLink":"https://vdatum.noaa.gov/download/data/FLandrew02_8301.zip","DataType":"mhw","Coverage":"flandrew02_8301","ArchiveMember":"FLandrew02_8301/FLandrew02_8301_mhw.gtx","MultiGrid":false,"DataSource":"vdatum","LastUpdate":"20260908092331"},"geometry":{"type":"Polygon","coordinates":[[[-85.87,29.979],[-85.38099999999997,29.979],[-85.38099999999997,30.325],[-85.87,30.325],[-85.87,29.979]]]}},{"type":"Feature","properties":{"Name":"VDatum_MLLW","ID":"FLandrew02_8301","Agency":"NOAA","DataLink":"https://vdatum.noaa.gov/download/data/FLandrew02_8301.zip","DataType":"mllw","Coverage":"flandrew02_8301","ArchiveMember":"FLandrew02_8301/FLandrew02_8301_mllw.gtx","MultiGrid":false,"DataSource":"vdatum","LastUpdate":"20260908092331"},"geometry":{"type":"Polygon","coordinates":[[[-85.87,29.979],[-85.38099999999997,29.979],[-85.38099999999997,30.325],[-85.87,30.325],[-85.87,29.979]]]}},{"type":"Feature","properties":{"Name":"VDatum_MLW","ID":"FLandrew02_8301","Agency":"NOAA","DataLink":"https://vdatum.noaa.gov/download/data/FLandrew02_8301.zip","DataType":"mlw","Coverage":"flandrew02_8301","ArchiveMember":"FLandrew02_8301/FLandrew02_8301_mlw.gtx","MultiGrid":false,"DataSource":"vdatum","LastUpdate":"20260908092331"},"geometry":{"type":"Polygon","coordinates":[[[-85.87,29.979],[-85.38099999999997,29.979],[-85.38099999999997,30.325],[-85.87,30.325],[-85.87,29.979]]]}},{"type":"Feature","properties":{"Name":"VDatum_MTL","ID":"FLandrew02_8301","Agency":"NOAA","DataLink":"https://vdatum.noaa.gov/download/data/FLandrew02_8301.zip","DataType":"mtl","Coverage":"flandrew02_8301","ArchiveMember":"FLandrew02_8301/FLandrew02_8301_mtl.gtx","MultiGrid":false,"DataSource":"vdatum","LastUpdate":"20260908092331"},"geometry":{"type":"Polygon","coordinates":[[[-85.87,29.979],[-85.38099999999997,29.979],[-85.38099999999997,30.325],[-85.87,30.325],[-85.87,29.979]]]}},{"type":"Feature","properties":{"Name":"VDatum_TSS","ID":"FLandrew02_8301","Agency":"NOAA","DataLink":"https://vdatum.noaa.gov/download/data/FLandrew02_8301.zip","DataType":"tss","Coverage":"flandrew02_8301","ArchiveMember":"FLandrew02_8301/FLandrew02_8301_tss.gtx","MultiGrid":false,"DataSource":"vdatum","LastUpdate":"20260908092331"},"geometry":{"type":"Polygon","coordinates":[[[-85.87,29.979],[-85.38099999999997,29.979],[-85.38099999999997,30.325],[-85.87,30.325],[-85.87,29.979]]]}},{"type":"Feature","properties":{"Name":"VDatum_DTL","ID":"FLapalach01_8301","Agency":"NOAA","DataLink":"https://vdatum.noaa.gov/download/data/FLapalach01_8301.zip","DataType":"dtl","Coverage":"flapalach01_8301","ArchiveMember":"FLapalach01_8301/FLapalach01_8301_dtl.gtx","MultiGrid":false,"DataSource":"vdatum","LastUpdate":"20260908092331"},"geometry":{"type":"Polygon","coordinates":[[[-86.51499999999999,28.132],[-82.4905,28.132],[-82.4905,30.202],[-86.51499999999999,30.202],[-86.51499999999999,28.132]]]}},{"type":"Feature","properties":{"Name":"VDatum_MHHW","ID":"FLapalach01_8301","Agency":"NOAA","DataLink":"https://vdatum.noaa.gov/download/data/FLapalach01_8301.zip","DataType":"mhhw","Coverage":"flapalach01_8301","ArchiveMember":"FLapalach01_8301/FLapalach01_8301_mhhw.gtx","MultiGrid":false,"DataSource":"vdatum","LastUpdate":"20260908092331"},"geometry":{"type":"Polygon","coordinates":[[[-86.51499999999999,28.132],[-82.4905,28.132],[-82.4905,30.202],[-86.51499999999999,30.202],[-86.51499999999999,28.132]]]}},{"type":"Feature","properties":{"Name":"VDatum_MHW","ID":"FLapalach01_8301","Agency":"NOAA","DataLink":"https://vdatum.noaa.gov/download/data/FLapalach01_8301.zip","DataType":"mhw","Coverage":"flapalach01_8301","ArchiveMember":"FLapalach01_8301/FLapalach01_8301_mhw.gtx","MultiGrid":false,"DataSource":"vdatum","LastUpdate":"20260908092331"},"geometry":{"type":"Polygon","coordinates":[[[-86.51499999999999,28.132],[-82.4905,28.132],[-82.4905,30.202],[-86.51499999999999,30.202],[-86.51499999999999,28.132]]]}},{"type":"Feature","properties":{"Name":"VDatum_MLLW","ID":"FLapalach01_8301","Agency":"NOAA","DataLink":"https://vdatum.noaa.gov/download/data/FLapalach01_8301.zip","DataType":"mllw","Coverage":"flapalach01_8301","ArchiveMember":"FLapalach01_8301/FLapalach01_8301_mllw.gtx","MultiGrid":false,"DataSource":"vdatum","LastUpdate":"20260908092331"},"geometry":{"type":"Polygon","coordinates":[[[-86.51499999999999,28.132],[-82.4905,28.132],[-82.4905,30.202],[-86.51499999999999,30.202],[-86.51499999999999,28.132]]]}},{"type":"Feature","properties":{"Name":"VDatum_MLW","ID":"FLapalach01_8301","Agency":"NOAA","DataLink":"https://vdatum.noaa.gov/download/data/FLapalach01_8301.zip","DataType":"mlw","Coverage":"flapalach01_8301","ArchiveMember":"FLapalach01_8301/FLapalach01_8301_mlw.gtx","MultiGrid":false,"DataSource":"vdatum","LastUpdate":"20260908092331"},"geometry":{"type":"Polygon","coordinates":[[[-86.51499999999999,28.132],[-82.4905,28.132],[-82.4905,30.202],[-86.51499999999999,30.202],[-86.51499999999999,28.132]]]}},{"type":"Feature","properties":{"Name":"VDatum_MTL","ID":"FLapalach01_8301","Agency":"NOAA","DataLink":"https://vdatum.noaa.gov/download/data/FLapalach01_8301.zip","DataType":"mtl","Coverage":"flapalach01_8301","ArchiveMember":"FLapalach01_8301/FLapalach01_8301_mtl.gtx","MultiGrid":false,"DataSource":"vdatum","LastUpdate":"20260908092331"},"geometry":{"type":"Polygon","coordinates":[[[-86.51499999999999,28.132],[-82.4905,28.132],[-82.4905,30.202],[-86.51499999999999,30.202],[-86.51499999999999,28.132]]]}},{"type":"Feature","properties":{"Name":"VDatum_TSS","ID":"FLapalach01_8301","Agency":"NOAA","DataLink":"https://vdatum.noaa.gov/download/data/FLapalach01_8301.zip","DataType":"tss","Coverage":"flapalach01_8301","ArchiveMember":"FLapalach01_8301/FLapalach01_8301_tss.gtx","MultiGrid":false,"DataSource":"vdatum","LastUpdate":"20260908092331"},"geometry":{"type":"Polygon","coordinates":[[[-86.51499999999999,28.132],[-82.4905,28.132],[-82.4905,30.202],[-86.51499999999999,30.202],[-86.51499999999999,28.132]]]}},{"type":"Feature","properties":{"Name":"VDatum_DTL","ID":"FLjoseph03_8301","Agency":"NOAA","DataLink":"https://vdatum.noaa.gov/download/data/FLjoseph03_8301.zip","DataType":"dtl","Coverage":"fljoseph03_8301","ArchiveMember":"FLjoseph03_8301/FLjoseph03_8301_dtl.gtx","MultiGrid":false,"DataSource":"vdatum","LastUpdate":"20260908092331"},"geometry":{"type":"Polygon","coordinates":[[[-85.41899999999998,29.672],[-85.30000000000001,29.672],[-85.30000000000001,29.916],[-85.41899999999998,29.916],[-85.41899999999998,29.672]]]}},{"type":"Feature","properties":{"Name":"VDatum_MHHW","ID":"FLjoseph03_8301","Agency":"NOAA","DataLink":"https://vdatum.noaa.gov/download/data/FLjoseph03_8301.zip","DataType":"mhhw","Coverage":"fljoseph03_8301","ArchiveMember":"FLjoseph03_8301/FLjoseph03_8301_mhhw.gtx","MultiGrid":false,"DataSource":"vdatum","LastUpdate":"20260908092331"},"geometry":{"type":"Polygon","coordinates":[[[-85.41899999999998,29.672],[-85.30000000000001,29.672],[-85.30000000000001,29.916],[-85.41899999999998,29.916],[-85.41899999999998,29.672]]]}},{"type":"Feature","properties":{"Name":"VDatum_MHW","ID":"FLjoseph03_8301","Agency":"NOAA","DataLink":"https://vdatum.noaa.gov/download/data/FLjoseph03_8301.zip","DataType":"mhw","Coverage":"fljoseph03_8301","ArchiveMember":"FLjoseph03_8301/FLjoseph03_8301_mhw.gtx","MultiGrid":false,"DataSource":"vdatum","LastUpdate":"20260908092331"},"geometry":{"type":"Polygon","coordinates":[[[-85.41899999999998,29.672],[-85.30000000000001,29.672],[-85.30000000000001,29.916],[-85.41899999999998,29.916],[-85.41899999999998,29.672]]]}},{"type":"Feature","properties":{"Name":"VDatum_MLLW","ID":"FLjoseph03_8301","Agency":"NOAA","DataLink":"https://vdatum.noaa.gov/download/data/FLjoseph03_8301.zip","DataType":"mllw","Coverage":"fljoseph03_8301","ArchiveMember":"FLjoseph03_8301/FLjoseph03_8301_mllw.gtx","MultiGrid":false,"DataSource":"vdatum","LastUpdate":"20260908092331"},"geometry":{"type":"Polygon","coordinates":[[[-85.41899999999998,29.672],[-85.30000000000001,29.672],[-85.30000000000001,29.916],[-85.41899999999998,29.916],[-85.41899999999998,29.672]]]}},{"type":"Feature","properties":{"Name":"VDatum_MLW","ID":"FLjoseph03_8301","Agency":"NOAA","DataLink":"https://vdatum.noaa.gov/download/data/FLjoseph03_8301.zip","DataType":"mlw","Coverage":"fljoseph03_8301","ArchiveMember":"FLjoseph03_8301/FLjoseph03_8301_mlw.gtx","MultiGrid":false,"DataSource":"vdatum","LastUpdate":"20260908092331"},"geometry":{"type":"Polygon","coordinates":[[[-85.41899999999998,29.672],[-85.30000000000001,29.672],[-85.30000000000001,29.916],[-85.41899999999998,29.916],[-85.41899999999998,29.672]]]}},{"type":"Feature","properties":{"Name":"VDatum_MTL","ID":"FLjoseph03_8301","Agency":"NOAA","DataLink":"https://vdatum.noaa.gov/download/data/FLjoseph03_8301.zip","DataType":"mtl","Coverage":"fljoseph03_8301","ArchiveMember":"FLjoseph03_8301/FLjoseph03_8301_mtl.gtx","MultiGrid":false,"DataSource":"vdatum","LastUpdate":"20260908092331"},"geometry":{"type":"Polygon","coordinates":[[[-85.41899999999998,29.672],[-85.30000000000001,29.672],[-85.30000000000001,29.916],[-85.41899999999998,29.916],[-85.41899999999998,29.672]]]}},{"type":"Feature","properties":{"Name":"VDatum_TSS","ID":"FLjoseph03_8301","Agency":"NOAA","DataLink":"https://vdatum.noaa.gov/download/data/FLjoseph03_8301.zip","DataType":"tss","Coverage":"fljoseph03_8301","ArchiveMember":"FLjoseph03_8301/FLjoseph03_8301_tss.gtx","MultiGrid":false,"DataSource":"vdatum","LastUpdate":"20260908092331"},"geometry":{"type":"Polygon","coordinates":[[[-85.41899999999998,29.672],[-85.30000000000001,29.672],[-85.30000000000001,29.916],[-85.41899999999998,29.916],[-85.41899999999998,29.672]]]}},{"type":"Feature","properties":{"Name":"VDatum_DTL","ID":"FLpensac02_8301","Agency":"NOAA","DataLink":"https://vdatum.noaa.gov/download/data/FLpensac02_8301.zip","DataType":"dtl","Coverage":"flpensac02_8301","ArchiveMember":"FLpensac02_8301/FLpensac02_8301_dtl.gtx","MultiGrid":false,"DataSource":"vdatum","LastUpdate":"20260908092331"},"geometry":{"type":"Polygon","coordinates":[[[-87.70100000000002,30.191],[-85.851,30.191],[-85.851,30.665],[-87.70100000000002,30.665],[-87.70100000000002,30.191]]]}},{"type":"Feature","properties":{"Name":"VDatum_MHHW","ID":"FLpensac02_8301","Agency":"NOAA","DataLink":"https://vdatum.noaa.gov/download/data/FLpensac02_8301.zip","DataType":"mhhw","Coverage":"flpensac02_8301","ArchiveMember":"FLpensac02_8301/FLpensac02_8301_mhhw.gtx","MultiGrid":false,"DataSource":"vdatum","LastUpdate":"20260908092331"},"geometry":{"type":"Polygon","coordinates":[[[-87.70100000000002,30.191],[-85.851,30.191],[-85.851,30.665],[-87.70100000000002,30.665],[-87.70100000000002,30.191]]]}},{"type":"Feature","properties":{"Name":"VDatum_MHW","ID":"FLpensac02_8301","Agency":"NOAA","DataLink":"https://vdatum.noaa.gov/download/data/FLpensac02_8301.zip","DataType":"mhw","Coverage":"flpensac02_8301","ArchiveMember":"FLpensac02_8301/FLpensac02_8301_mhw.gtx","MultiGrid":false,"DataSource":"vdatum","LastUpdate":"20260908092331"},"geometry":{"type":"Polygon","coordinates":[[[-87.70100000000002,30.191],[-85.851,30.191],[-85.851,30.665],[-87.70100000000002,30.665],[-87.70100000000002,30.191]]]}},{"type":"Feature","properties":{"Name":"VDatum_MLLW","ID":"FLpensac02_8301","Agency":"NOAA","DataLink":"https://vdatum.noaa.gov/download/data/FLpensac02_8301.zip","DataType":"mllw","Coverage":"flpensac02_8301","ArchiveMember":"FLpensac02_8301/FLpensac02_8301_mllw.gtx","MultiGrid":false,"DataSource":"vdatum","LastUpdate":"20260908092331"},"geometry":{"type":"Polygon","coordinates":[[[-87.70100000000002,30.191],[-85.851,30.191],[-85.851,30.665],[-87.70100000000002,30.665],[-87.70100000000002,30.191]]]}},{"type":"Feature","properties":{"Name":"VDatum_MLW","ID":"FLpensac02_8301","Agency":"NOAA","DataLink":"https://vdatum.noaa.gov/download/data/FLpensac02_8301.zip","DataType":"mlw","Coverage":"flpensac02_8301","ArchiveMember":"FLpensac02_8301/FLpensac02_8301_mlw.gtx","MultiGrid":false,"DataSource":"vdatum","LastUpdate":"20260908092331"},"geometry":{"type":"Polygon","coordinates":[[[-87.70100000000002,30.191],[-85.851,30.191],[-85.851,30.665],[-87.70100000000002,30.665],[-87.70100000000002,30.191]]]}},{"type":"Feature","properties":{"Name":"VDatum_MTL","ID":"FLpensac02_8301","Agency":"NOAA","DataLink":"https://vdatum.noaa.gov/download/data/FLpensac02_8301.zip","DataType":"mtl","Coverage":"flpensac02_8301","ArchiveMember":"FLpensac02_8301/FLpensac02_8301_mtl.gtx","MultiGrid":false,"DataSource":"vdatum","LastUpdate":"20260908092331"},"geometry":{"type":"Polygon","coordinates":[[[-87.70100000000002,30.191],[-85.851,30.191],[-85.851,30.665],[-87.70100000000002,30.665],[-87.70100000000002,30.191]]]}},{"type":"Feature","properties":{"Name":"VDatum_TSS","ID":"FLpensac02_8301","Agency":"NOAA","DataLink":"https://vdatum.noaa.gov/download/data/FLpensac02_8301.zip","DataType":"tss","Coverage":"flpensac02_8301","ArchiveMember":"FLpensac02_8301/FLpensac02_8301_tss.gtx","MultiGrid":false,"DataSource":"vdatum","LastUpdate":"20260908092331"},"geometry":{"type":"Polygon","coordinates":[[[-87.70100000000002,30.191],[-85.851,30.191],[-85.851,30.665],[-87.70100000000002,30.665],[-87.70100000000002,30.191]]]}},{"type":"Feature","properties":{"Name":"VDatum_DTL","ID":"FLsoicw01_8301","Agency":"NOAA","DataLink":"https://vdatum.noaa.gov/download/data/FLsoicw01_8301.zip","DataType":"dtl","Coverage":"flsoicw01_8301","ArchiveMember":"FLsoicw01_8301/FLsoicw01_8301_dtl.gtx","MultiGrid":false,"DataSource":"vdatum","LastUpdate":"20260908092331"},"geometry":{"type":"Polygon","coordinates":[[[-80.14850000000001,25.9095],[-80.0985,25.9095],[-80.0985,26.173],[-80.14850000000001,26.173],[-80.14850000000001,25.9095]]]}},{"type":"Feature","properties":{"Name":"VDatum_MHHW","ID":"FLsoicw01_8301","Agency":"NOAA","DataLink":"https://vdatum.noaa.gov/download/data/FLsoicw01_8301.zip","DataType":"mhhw","Coverage":"flsoicw01_8301","ArchiveMember":"FLsoicw01_8301/FLsoicw01_8301_mhhw.gtx","MultiGrid":false,"DataSource":"vdatum","LastUpdate":"20260908092331"},"geometry":{"type":"Polygon","coordinates":[[[-80.14850000000001,25.9095],[-80.0985,25.9095],[-80.0985,26.173],[-80.14850000000001,26.173],[-80.14850000000001,25.9095]]]}},{"type":"Feature","properties":{"Name":"VDatum_MHW","ID":"FLsoicw01_8301","Agency":"NOAA","DataLink":"https://vdatum.noaa.gov/download/data/FLsoicw01_8301.zip","DataType":"mhw","Coverage":"flsoicw01_8301","ArchiveMember":"FLsoicw01_8301/FLsoicw01_8301_mhw.gtx","MultiGrid":false,"DataSource":"vdatum","LastUpdate":"20260908092331"},"geometry":{"type":"Polygon","coordinates":[[[-80.14850000000001,25.9095],[-80.0985,25.9095],[-80.0985,26.173],[-80.14850000000001,26.173],[-80.14850000000001,25.9095]]]}},{"type":"Feature","properties":{"Name":"VDatum_MLLW","ID":"FLsoicw01_8301","Agency":"NOAA","DataLink":"https://vdatum.noaa.gov/download/data/FLsoicw01_8301.zip","DataType":"mllw","Coverage":"flsoicw01_8301","ArchiveMember":"FLsoicw01_8301/FLsoicw01_8301_mllw.gtx","MultiGrid":false,"DataSource":"vdatum","LastUpdate":"20260908092331"},"geometry":{"type":"Polygon","coordinates":[[[-80.14850000000001,25.9095],[-80.0985,25.9095],[-80.0985,26.173],[-80.14850000000001,26.173],[-80.14850000000001,25.9095]]]}},{"type":"Feature","properties":{"Name":"VDatum_MLW","ID":"FLsoicw01_8301","Agency":"NOAA","DataLink":"https://vdatum.noaa.gov/download/data/FLsoicw01_8301.zip","DataType":"mlw","Coverage":"flsoicw01_8301","ArchiveMember":"FLsoicw01_8301/FLsoicw01_8301_mlw.gtx","MultiGrid":false,"DataSource":"vdatum","LastUpdate":"20260908092331"},"geometry":{"type":"Polygon","coordinates":[[[-80.14850000000001,25.9095],[-80.0985,25.9095],[-80.0985,26.173],[-80.14850000000001,26.173],[-80.14850000000001,25.9095]]]}},{"type":"Feature","properties":{"Name":"VDatum_MTL","ID":"FLsoicw01_8301","Agency":"NOAA","DataLink":"https://vdatum.noaa.gov/download/data/FLsoicw01_8301.zip","DataType":"mtl","Coverage":"flsoicw01_8301","ArchiveMember":"FLsoicw01_8301/FLsoicw01_8301_mtl.gtx","MultiGrid":false,"DataSource":"vdatum","LastUpdate":"20260908092331"},"geometry":{"type":"Polygon","coordinates":[[[-80.14850000000001,25.9095],[-80.0985,25.9095],[-80.0985,26.173],[-80.14850000000001,26.173],[-80.14850000000001,25.9095]]]}},{"type":"Feature","properties":{"Name":"VDatum_TSS","ID":"FLsoicw01_8301","Agency":"NOAA","DataLink":"https://vdatum.noaa.gov/download/data/FLsoicw01_8301.zip","DataType":"tss","Coverage":"flsoicw01_8301","ArchiveMember":"FLsoicw01_8301/FLsoicw01_8301_tss.gtx","MultiGrid":false,"DataSource":"vdatum","LastUpdate":"20260908092331"},"geometry":{"type":"Polygon","coordinates":[[[-80.14850000000001,25.9095],[-80.0985,25.9095],[-80.0985,26.173],[-80.14850000000001,26.173],[-80.14850000000001,25.9095]]]}},{"type":"Feature","properties":{"Name":"VDatum_DTL","ID":"FLsouth01_8301","Agency":"NOAA","DataLink":"https://vdatum.noaa.gov/download/data/FLsouth01_8301.zip","DataType":"dtl","Coverage":"flsouth01_8301","ArchiveMember":"vdatum/FLsouth01_8301/dtl.gtx","MultiGrid":false,"DataSource":"vdatum","LastUpdate":"20260908092331"},"geometry":{"type":"Polygon","coordinates":[[[-83.50299999999999,23.942],[-79.38549999999998,23.942],[-79.38549999999998,26.1905],[-83.50299999999999,26.1905],[-83.50299999999999,23.942]]]}},{"type":"Feature","properties":{"Name":"VDatum_MHHW","ID":"FLsouth01_8301","Agency":"NOAA","DataLink":"https://vdatum.noaa.gov/download/data/FLsouth01_8301.zip","DataType":"mhhw","Coverage":"flsouth01_8301","ArchiveMember":"vdatum/FLsouth01_8301/mhhw.gtx","MultiGrid":false,"DataSource":"vdatum","LastUpdate":"20260908092331"},"geometry":{"type":"Polygon","coordinates":[[[-83.50299999999999,23.942],[-79.38549999999998,23.942],[-79.38549999999998,26.1905],[-83.50299999999999,26.1905],[-83.50299999999999,23.942]]]}},{"type":"Feature","properties":{"Name":"VDatum_MHW","ID":"FLsouth01_8301","Agency":"NOAA","DataLink":"https://vdatum.noaa.gov/download/data/FLsouth01_8301.zip","DataType":"mhw","Coverage":"flsouth01_8301","ArchiveMember":"vdatum/FLsouth01_8301/mhw.gtx","MultiGrid":false,"DataSource":"vdatum","LastUpdate":"20260908092331"},"geometry":{"type":"Polygon","coordinates":[[[-83.50299999999999,23.942],[-79.38549999999998,23.942],[-79.38549999999998,26.1905],[-83.50299999999999,26.1905],[-83.50299999999999,23.942]]]}},{"type":"Feature","properties":{"Name":"VDatum_MLLW","ID":"FLsouth01_8301","Agency":"NOAA","DataLink":"https://vdatum.noaa.gov/download/data/FLsouth01_8301.zip","DataType":"mllw","Coverage":"flsouth01_8301","ArchiveMember":"vdatum/FLsouth01_8301/mllw.gtx","MultiGrid":false,"DataSource":"vdatum","LastUpdate":"20260908092331"},"geometry":{"type":"Polygon","coordinates":[[[-83.50299999999999,23.942],[-79.38549999999998,23.942],[-79.38549999999998,26.1905],[-83.50299999999999,26.1905],[-83.50299999999999,23.942]]]}},{"type":"Feature","properties":{"Name":"VDatum_MLW","ID":"FLsouth01_8301","Agency":"NOAA","DataLink":"https://vdatum.noaa.gov/download/data/FLsouth01_8301.zip","DataType":"mlw","Coverage":"flsouth01_8301","ArchiveMember":"vdatum/FLsouth01_8301/mlw.gtx","MultiGrid":false,"DataSource":"vdatum","LastUpdate":"20260908092331"},"geometry":{"type":"Polygon","coordinates":[[[-83.50299999999999,23.942],[-79.38549999999998,23.942],[-79.38549999999998,26.1905],[-83.50299999999999,26.1905],[-83.50299999999999,23.942]]]}},{"type":"Feature","properties":{"Name":"VDatum_MTL","ID":"FLsouth01_8301","Agency":"NOAA","DataLink":"https://vdatum.noaa.gov/download/data/FLsouth01_8301.zip","DataType":"mtl","Coverage":"flsouth01_8301","ArchiveMember":"vdatum/FLsouth01_8301/mtl.gtx","MultiGrid":false,"DataSource":"vdatum","LastUpdate":"20260908092331"},"geometry":{"type":"Polygon","coordinates":[[[-83.50299999999999,23.942],[-79.38549999999998,23.942],[-79.38549999999998,26.1905],[-83.50299999999999,26.1905],[-83.50299999999999,23.942]]]}},{"type":"Feature","properties":{"Name":"VDatum_TSS","ID":"FLsouth01_8301","Agency":"NOAA","DataLink":"https://vdatum.noaa.gov/download/data/FLsouth01_8301.zip","DataType":"tss","Coverage":"flsouth01_8301","ArchiveMember":"vdatum/FLsouth01_8301/tss.gtx","MultiGrid":false,"DataSource":"vdatum","LastUpdate":"20260908092331"},"geometry":{"type":"Polygon","coordinates":[[[-83.50299999999999,23.942],[-79.38549999999998,23.942],[-79.38549999999998,26.1905],[-83.50299999999999,26.1905],[-83.50299999999999,23.942]]]}},{"type":"Feature","properties":{"Name":"VDatum_DTL","ID":"FLsouth12_8301","Agency":"NOAA","DataLink":"https://vdatum.noaa.gov/download/data/FLsouth12_8301.zip","DataType":"dtl","Coverage":"flsouth12_8301","ArchiveMember":"FLsouth12_8301/FLsouth12_8301_dtl.gtx","MultiGrid":false,"DataSource":"vdatum","LastUpdate":"20260908092331"},"geometry":{"type":"Polygon","coordinates":[[[-83.49149999999997,23.814],[-79.58100000000002,23.814],[-79.58100000000002,26.175],[-83.49149999999997,26.175],[-83.49149999999997,23.814]]]}},{"type":"Feature","properties":{"Name":"VDatum_MHHW","ID":"FLsouth12_8301","Agency":"NOAA","DataLink":"https://vdatum.noaa.gov/download/data/FLsouth12_8301.zip","DataType":"mhhw","Coverage":"flsouth12_8301","ArchiveMember":"FLsouth12_8301/FLsouth12_8301_mhhw.gtx","MultiGrid":false,"DataSource":"vdatum","LastUpdate":"20260908092331"},"geometry":{"type":"Polygon","coordinates":[[[-83.49149999999997,23.814],[-79.58100000000002,23.814],[-79.58100000000002,26.175],[-83.49149999999997,26.175],[-83.49149999999997,23.814]]]}},{"type":"Feature","properties":{"Name":"VDatum_MHW","ID":"FLsouth12_8301","Agency":"NOAA","DataLink":"https://vdatum.noaa.gov/download/data/FLsouth12_8301.zip","DataType":"mhw","Coverage":"flsouth12_8301","ArchiveMember":"FLsouth12_8301/FLsouth12_8301_mhw.gtx","MultiGrid":false,"DataSource":"vdatum","LastUpdate":"20260908092331"},"geometry":{"type":"Polygon","coordinates":[[[-83.49149999999997,23.814],[-79.58100000000002,23.814],[-79.58100000000002,26.175],[-83.49149999999997,26.175],[-83.49149999999997,23.814]]]}},{"type":"Feature","properties":{"Name":"VDatum_MLLW","ID":"FLsouth12_8301","Agency":"NOAA","DataLink":"https://vdatum.noaa.gov/download/data/FLsouth12_8301.zip","DataType":"mllw","Coverage":"flsouth12_8301","ArchiveMember":"FLsouth12_8301/FLsouth12_8301_mllw.gtx","MultiGrid":false,"DataSource":"vdatum","LastUpdate":"20260908092331"},"geometry":{"type":"Polygon","coordinates":[[[-83.49149999999997,23.814],[-79.58100000000002,23.814],[-79.58100000000002,26.175],[-83.49149999999997,26.175],[-83.49149999999997,23.814]]]}},{"type":"Feature","properties":{"Name":"VDatum_MLW","ID":"FLsouth12_8301","Agency":"NOAA","DataLink":"https://vdatum.noaa.gov/download/data/FLsouth12_8301.zip","DataType":"mlw","Coverage":"flsouth12_8301","ArchiveMember":"FLsouth12_8301/FLsouth12_8301_mlw.gtx","MultiGrid":false,"DataSource":"vdatum","LastUpdate":"20260908092331"},"geometry":{"type":"Polygon","coordinates":[[[-83.49149999999997,23.814],[-79.58100000000002,23.814],[-79.58100000000002,26.175],[-83.49149999999997,26.175],[-83.49149999999997,23.814]]]}},{"type":"Feature","properties":{"Name":"VDatum_MTL","ID":"FLsouth12_8301","Agency":"NOAA","DataLink":"https://vdatum.noaa.gov/download/data/FLsouth12_8301.zip","DataType":"mtl","Coverage":"flsouth12_8301","ArchiveMember":"FLsouth12_8301/FLsouth12_8301_mtl.gtx","MultiGrid":false,"DataSource":"vdatum","LastUpdate":"20260908092331"},"geometry":{"type":"Polygon","coordinates":[[[-83.49149999999997,23.814],[-79.58100000000002,23.814],[-79.58100000000002,26.175],[-83.49149999999997,26.175],[-83.49149999999997,23.814]]]}},{"type":"Feature","properties":{"Name":"VDatum_TSS","ID":"FLsouth12_8301","Agency":"NOAA","DataLink":"https://vdatum.noaa.gov/download/data/FLsouth12_8301.zip","DataType":"tss","Coverage":"flsouth12_8301","ArchiveMember":"FLsouth12_8301/FLsouth12_8301_tss.gtx","MultiGrid":false,"DataSource":"vdatum","LastUpdate":"20260908092331"},"geometry":{"type":"Polygon","coordinates":[[[-83.49149999999997,23.814],[-79.58100000000002,23.814],[-79.58100000000002,26.175],[-83.49149999999997,26.175],[-83.49149999999997,23.814]]]}},{"type":"Feature","properties":{"Name":"VDatum_DTL","ID":"FLwest01_8301","Agency":"NOAA","DataLink":"https://vdatum.noaa.gov/download/data/FLwest01_8301.zip","DataType":"dtl","Coverage":"flwest01_8301","ArchiveMember":"FLwest01_8301/FLwest01_8301_dtl.gtx","MultiGrid":false,"DataSource":"vdatum","LastUpdate":"20260908092331"},"geometry":{"type":"Polygon","coordinates":[[[-83.51299999999998,26.152],[-81.60725000000002,26.152],[-81.60725000000002,28.162],[-83.51299999999998,28.162],[-83.51299999999998,26.152]]]}},{"type":"Feature","properties":{"Name":"VDatum_MHHW","ID":"FLwest01_8301","Agency":"NOAA","DataLink":"https://vdatum.noaa.gov/download/data/FLwest01_8301.zip","DataType":"mhhw","Coverage":"flwest01_8301","ArchiveMember":"FLwest01_8301/FLwest01_8301_mhhw.gtx","MultiGrid":false,"DataSource":"vdatum","LastUpdate":"20260908092331"},"geometry":{"type":"Polygon","coordinates":[[[-83.51299999999998,26.152],[-81.60725000000002,26.152],[-81.60725000000002,28.162],[-83.51299999999998,28.162],[-83.51299999999998,26.152]]]}},{"type":"Feature","properties":{"Name":"VDatum_MHW","ID":"FLwest01_8301","Agency":"NOAA","DataLink":"https://vdatum.noaa.gov/download/data/FLwest01_8301.zip","DataType":"mhw","Coverage":"flwest01_8301","ArchiveMember":"FLwest01_8301/FLwest01_8301_mhw.gtx","MultiGrid":false,"DataSource":"vdatum","LastUpdate":"20260908092331"},"geometry":{"type":"Polygon","coordinates":[[[-83.51299999999998,26.152],[-81.60725000000002,26.152],[-81.60725000000002,28.162],[-83.51299999999998,28.162],[-83.51299999999998,26.152]]]}},{"type":"Feature","properties":{"Name":"VDatum_MLLW","ID":"FLwest01_8301","Agency":"NOAA","DataLink":"https://vdatum.noaa.gov/download/data/FLwest01_8301.zip","DataType":"mllw","Coverage":"flwest01_8301","ArchiveMember":"FLwest01_8301/FLwest01_8301_mllw.gtx","MultiGrid":false,"DataSource":"vdatum","LastUpdate":"20260908092331"},"geometry":{"type":"Polygon","coordinates":[[[-83.51299999999998,26.152],[-81.60725000000002,26.152],[-81.60725000000002,28.162],[-83.51299999999998,28.162],[-83.51299999999998,26.152]]]}},{"type":"Feature","properties":{"Name":"VDatum_MLW","ID":"FLwest01_8301","Agency":"NOAA","DataLink":"https://vdatum.noaa.gov/download/data/FLwest01_8301.zip","DataType":"mlw","Coverage":"flwest01_8301","ArchiveMember":"FLwest01_8301/FLwest01_8301_mlw.gtx","MultiGrid":false,"DataSource":"vdatum","LastUpdate":"20260908092331"},"geometry":{"type":"Polygon","coordinates":[[[-83.51299999999998,26.152],[-81.60725000000002,26.152],[-81.60725000000002,28.162],[-83.51299999999998,28.162],[-83.51299999999998,26.152]]]}},{"type":"Feature","properties":{"Name":"VDatum_MTL","ID":"FLwest01_8301","Agency":"NOAA","DataLink":"https://vdatum.noaa.gov/download/data/FLwest01_8301.zip","DataType":"mtl","Coverage":"flwest01_8301","ArchiveMember":"FLwest01_8301/FLwest01_8301_mtl.gtx","MultiGrid":false,"DataSource":"vdatum","LastUpdate":"20260908092331"},"geometry":{"type":"Polygon","coordinates":[[[-83.51299999999998,26.152],[-81.60725000000002,26.152],[-81.60725000000002,28.162],[-83.51299999999998,28.162],[-83.51299999999998,26.152]]]}},{"type":"Feature","properties":{"Name":"VDatum_TSS","ID":"FLwest01_8301","Agency":"NOAA","DataLink":"https://vdatum.noaa.gov/download/data/FLwest01_8301.zip","DataType":"tss","Coverage":"flwest01_8301","ArchiveMember":"FLwest01_8301/FLwest01_8301_tss.gtx","MultiGrid":false,"DataSource":"vdatum","LastUpdate":"20260908092331"},"geometry":{"type":"Polygon","coordinates":[[[-83.51299999999998,26.152],[-81.60725000000002,26.152],[-81.60725000000002,28.162],[-83.51299999999998,28.162],[-83.51299999999998,26.152]]]}},{"type":"Feature","properties":{"Name":"VDatum_DTL","ID":"GASCNCsab31_8301","Agency":"NOAA","DataLink":"https://vdatum.noaa.gov/download/data/GASCNCsab31_8301.zip","DataType":"dtl","Coverage":"gascncsab31_8301","ArchiveMember":"GASCNCsab31_8301/GASCNCsab31_8301_dtl.gtx","MultiGrid":false,"DataSource":"vdatum","LastUpdate":"20260908092331"},"geometry":{"type":"Polygon","coordinates":[[[-81.327,31.442],[-77.25799999999998,31.442],[-77.25799999999998,33.949],[-81.327,33.949],[-81.327,31.442]]]}},{"type":"Feature","properties":{"Name":"VDatum_MHHW","ID":"GASCNCsab31_8301","Agency":"NOAA","DataLink":"https://vdatum.noaa.gov/download/data/GASCNCsab31_8301.zip","DataType":"mhhw","Coverage":"gascncsab31_8301","ArchiveMember":"GASCNCsab31_8301/GASCNCsab31_8301_mhhw.gtx","MultiGrid":false,"DataSource":"vdatum","LastUpdate":"20260908092331"},"geometry":{"type":"Polygon","coordinates":[[[-81.327,31.442],[-77.25799999999998,31.442],[-77.25799999999998,33.949],[-81.327,33.949],[-81.327,31.442]]]}},{"type":"Feature","properties":{"Name":"VDatum_MHW","ID":"GASCNCsab31_8301","Agency":"NOAA","DataLink":"https://vdatum.noaa.gov/download/data/GASCNCsab31_8301.zip","DataType":"mhw","Coverage":"gascncsab31_8301","ArchiveMember":"GASCNCsab31_8301/GASCNCsab31_8301_mhw.gtx","MultiGrid":false,"DataSource":"vdatum","LastUpdate":"20260908092331"},"geometry":{"type":"Polygon","coordinates":[[[-81.327,31.442],[-77.25799999999998,31.442],[-77.25799999999998,33.949],[-81.327,33.949],[-81.327,31.442]]]}},{"type":"Feature","properties":{"Name":"VDatum_MLLW","ID":"GASCNCsab31_8301","Agency":"NOAA","DataLink":"https://vdatum.noaa.gov/download/data/GASCNCsab31_8301.zip","DataType":"mllw","Coverage":"gascncsab31_8301","ArchiveMember":"GASCNCsab31_8301/GASCNCsab31_8301_mllw.gtx","MultiGrid":false,"DataSource":"vdatum","LastUpdate":"20260908092331"},"geometry":{"type":"Polygon","coordinates":[[[-81.327,31.442],[-77.25799999999998,31.442],[-77.25799999999998,33.949],[-81.327,33.949],[-81.327,31.442]]]}},{"type":"Feature","properties":{"Name":"VDatum_MLW","ID":"GASCNCsab31_8301","Agency":"NOAA","DataLink":"https://vdatum.noaa.gov/download/data/GASCNCsab31_8301.zip","DataType":"mlw","Coverage":"gascncsab31_8301","ArchiveMember":"GASCNCsab31_8301/GASCNCsab31_8301_mlw.gtx","MultiGrid":false,"DataSource":"vdatum","LastUpdate":"20260908092331"},"geometry":{"type":"Polygon","coordinates":[[[-81.327,31.442],[-77.25799999999998,31.442],[-77.25799999999998,33.949],[-81.327,33.949],[-81.327,31.442]]]}},{"type":"Feature","properties":{"Name":"VDatum_MTL","ID":"GASCNCsab31_8301","Agency":"NOAA","DataLink":"https://vdatum.noaa.gov/download/data/GASCNCsab31_8301.zip","DataType":"mtl","Coverage":"gascncsab31_8301","ArchiveMember":"GASCNCsab31_8301/GASCNCsab31_8301_mtl.gtx","MultiGrid":false,"DataSource":"vdatum","LastUpdate":"20260908092331"},"geometry":{"type":"Polygon","coordinates":[[[-81.327,31.442],[-77.25799999999998,31.442],[-77.25799999999998,33.949],[-81.327,33.949],[-81.327,31.442]]]}},{"type":"Feature","properties":{"Name":"VDatum_TSS","ID":"GASCNCsab31_8301","Agency":"NOAA","DataLink":"https://vdatum.noaa.gov/download/data/GASCNCsab31_8301.zip","DataType":"tss","Coverage":"gascncsab31_8301","ArchiveMember":"GASCNCsab31_8301/GASCNCsab31_8301_tss.gtx","MultiGrid":false,"DataSource":"vdatum","LastUpdate":"20260908092331"},"geometry":{"type":"Polygon","coordinates":[[[-81.327,31.442],[-77.25799999999998,31.442],[-77.25799999999998,33.949],[-81.327,33.949],[-81.327,31.442]]]}},{"type":"Feature","properties":{"Name":"VDatum_IGLD85","ID":"igld85:hydroc1","Agency":"NOAA","DataLink":"https://vdatum.noaa.gov/download/data/IGLD85.zip","DataType":"igld85","Coverage":"hydroc1","ArchiveMember":"vdatum/IGLD85/hydroc1.gtx","Resolution":0.05,"MultiGrid":true,"DataSource":"vdatum","LastUpdate":"20260908092331"},"geometry":{"type":"Polygon","coordinates":[[[-83.25,42.25],[-82.25,42.25],[-82.25,42.75],[-83.25,42.75],[-83.25,42.25]]]}},{"type":"Feature","properties":{"Name":"VDatum_IGLD85","ID":"igld85:hydroc2","Agency":"NOAA","DataLink":"https://vdatum.noaa.gov/download/data/IGLD85.zip","DataType":"igld85","Coverage":"hydroc2","ArchiveMember":"vdatum/IGLD85/hydroc2.gtx","Resolution":0.05,"MultiGrid":true,"DataSource":"vdatum","LastUpdate":"20260908092331"},"geometry":{"type":"Polygon","coordinates":[[[-83.75,41.25],[-78.5,41.25],[-78.5,43.0],[-83.75,43.0],[-83.75,41.25]]]}},{"type":"Feature","properties":{"Name":"VDatum_IGLD85","ID":"igld85:hydroc3","Agency":"NOAA","DataLink":"https://vdatum.noaa.gov/download/data/IGLD85.zip","DataType":"igld85","Coverage":"hydroc3","ArchiveMember":"vdatum/IGLD85/hydroc3.gtx","Resolution":0.05,"MultiGrid":true,"DataSource":"vdatum","LastUpdate":"20260908092331"},"geometry":{"type":"Polygon","coordinates":[[[-80.0,43.0],[-75.75,43.0],[-75.75,44.5],[-80.0,44.5],[-80.0,43.0]]]}},{"type":"Feature","properties":{"Name":"VDatum_IGLD85","ID":"igld85:hydroc4","Agency":"NOAA","DataLink":"https://vdatum.noaa.gov/download/data/IGLD85.zip","DataType":"igld85","Coverage":"hydroc4","ArchiveMember":"vdatum/IGLD85/hydroc4.gtx","Resolution":0.05,"MultiGrid":true,"DataSource":"vdatum","LastUpdate":"20260908092331"},"geometry":{"type":"Polygon","coordinates":[[[-92.25,46.25],[-84.25,46.25],[-84.25,49.25],[-92.25,49.25],[-92.25,46.25]]]}},{"type":"Feature","properties":{"Name":"VDatum_IGLD85","ID":"igld85:hydroc5","Agency":"NOAA","DataLink":"https://vdatum.noaa.gov/download/data/IGLD85.zip","DataType":"igld85","Coverage":"hydroc5","ArchiveMember":"vdatum/IGLD85/hydroc5.gtx","Resolution":0.05,"MultiGrid":true,"DataSource":"vdatum","LastUpdate":"20260908092331"},"geometry":{"type":"Polygon","coordinates":[[[-88.25,41.5],[-79.5,41.5],[-79.5,46.75],[-88.25,46.75],[-88.25,41.5]]]}},{"type":"Feature","properties":{"Name":"VDatum_DTL","ID":"LATXintra00_8301","Agency":"NOAA","DataLink":"https://vdatum.noaa.gov/download/data/LATXintra00_8301.zip","DataType":"dtl","Coverage":"latxintra00_8301","ArchiveMember":"LATXintra00_8301/LATXintra00_8301_svu_dtl.gtx","MultiGrid":false,"DataSource":"vdatum","LastUpdate":"20260908092331"},"geometry":{"type":"Polygon","coordinates":[[[-94.44,29.538],[-92.36000000000001,29.538],[-92.36000000000001,30.2732],[-94.44,30.2732],[-94.44,29.538]]]}},{"type":"Feature","properties":{"Name":"VDatum_MHHW","ID":"LATXintra00_8301","Agency":"NOAA","DataLink":"https://vdatum.noaa.gov/download/data/LATXintra00_8301.zip","DataType":"mhhw","Coverage":"latxintra00_8301","ArchiveMember":"LATXintra00_8301/LATXintra00_8301_svu_mhhw.gtx","MultiGrid":false,"DataSource":"vdatum","LastUpdate":"20260908092331"},"geometry":{"type":"Polygon","coordinates":[[[-94.44,29.538],[-92.36000000000001,29.538],[-92.36000000000001,30.2732],[-94.44,30.2732],[-94.44,29.538]]]}},{"type":"Feature","properties":{"Name":"VDatum_MHW","ID":"LATXintra00_8301","Agency":"NOAA","DataLink":"https://vdatum.noaa.gov/download/data/LATXintra00_8301.zip","DataType":"mhw","Coverage":"latxintra00_8301","ArchiveMember":"LATXintra00_8301/LATXintra00_8301_svu_mhw.gtx","MultiGrid":false,"DataSource":"vdatum","LastUpdate":"20260908092331"},"geometry":{"type":"Polygon","coordinates":[[[-94.44,29.538],[-92.36000000000001,29.538],[-92.36000000000001,30.2732],[-94.44,30.2732],[-94.44,29.538]]]}},{"type":"Feature","properties":{"Name":"VDatum_MLLW","ID":"LATXintra00_8301","Agency":"NOAA","DataLink":"https://vdatum.noaa.gov/download/data/LATXintra00_8301.zip","DataType":"mllw","Coverage":"latxintra00_8301","ArchiveMember":"LATXintra00_8301/LATXintra00_8301_svu_mllw.gtx","MultiGrid":false,"DataSource":"vdatum","LastUpdate":"20260908092331"},"geometry":{"type":"Polygon","coordinates":[[[-94.44,29.538],[-92.36000000000001,29.538],[-92.36000000000001,30.2732],[-94.44,30.2732],[-94.44,29.538]]]}},{"type":"Feature","properties":{"Name":"VDatum_MLW","ID":"LATXintra00_8301","Agency":"NOAA","DataLink":"https://vdatum.noaa.gov/download/data/LATXintra00_8301.zip","DataType":"mlw","Coverage":"latxintra00_8301","ArchiveMember":"LATXintra00_8301/LATXintra00_8301_svu_mlw.gtx","MultiGrid":false,"DataSource":"vdatum","LastUpdate":"20260908092331"},"geometry":{"type":"Polygon","coordinates":[[[-94.44,29.538],[-92.36000000000001,29.538],[-92.36000000000001,30.2732],[-94.44,30.2732],[-94.44,29.538]]]}},{"type":"Feature","properties":{"Name":"VDatum_MTL","ID":"LATXintra00_8301","Agency":"NOAA","DataLink":"https://vdatum.noaa.gov/download/data/LATXintra00_8301.zip","DataType":"mtl","Coverage":"latxintra00_8301","ArchiveMember":"LATXintra00_8301/LATXintra00_8301_svu_mtl.gtx","MultiGrid":false,"DataSource":"vdatum","LastUpdate":"20260908092331"},"geometry":{"type":"Polygon","coordinates":[[[-94.44,29.538],[-92.36000000000001,29.538],[-92.36000000000001,30.2732],[-94.44,30.2732],[-94.44,29.538]]]}},{"type":"Feature","properties":{"Name":"VDatum_TSS","ID":"LATXintra00_8301","Agency":"NOAA","DataLink":"https://vdatum.noaa.gov/download/data/LATXintra00_8301.zip","DataType":"tss","Coverage":"latxintra00_8301","ArchiveMember":"LATXintra00_8301/LATXintra00_8301_tss.gtx","MultiGrid":false,"DataSource":"vdatum","LastUpdate":"20260908092331"},"geometry":{"type":"Polygon","coordinates":[[[-94.44,29.538],[-92.36000000000001,29.538],[-92.36000000000001,30.2732],[-94.44,30.2732],[-94.44,29.538]]]}},{"type":"Feature","properties":{"Name":"VDatum_DTL","ID":"LATXoffshr00_8301","Agency":"NOAA","DataLink":"https://vdatum.noaa.gov/download/data/LATXoffshr00_8301.zip","DataType":"dtl","Coverage":"latxoffshr00_8301","ArchiveMember":"LATXoffshr00_8301/LATXoffshr00_8301_svu_dtl.gtx","MultiGrid":false,"DataSource":"vdatum","LastUpdate":"20260908092331"},"geometry":{"type":"Polygon","coordinates":[[[-95.582,28.396],[-92.322,28.396],[-92.322,29.794],[-95.582,29.794],[-95.582,28.396]]]}},{"type":"Feature","properties":{"Name":"VDatum_MHHW","ID":"LATXoffshr00_8301","Agency":"NOAA","DataLink":"https://vdatum.noaa.gov/download/data/LATXoffshr00_8301.zip","DataType":"mhhw","Coverage":"latxoffshr00_8301","ArchiveMember":"LATXoffshr00_8301/LATXoffshr00_8301_svu_mhhw.gtx","MultiGrid":false,"DataSource":"vdatum","LastUpdate":"20260908092331"},"geometry":{"type":"Polygon","coordinates":[[[-95.582,28.396],[-92.322,28.396],[-92.322,29.794],[-95.582,29.794],[-95.582,28.396]]]}},{"type":"Feature","properties":{"Name":"VDatum_MHW","ID":"LATXoffshr00_8301","Agency":"NOAA","DataLink":"https://vdatum.noaa.gov/download/data/LATXoffshr00_8301.zip","DataType":"mhw","Coverage":"latxoffshr00_8301","ArchiveMember":"LATXoffshr00_8301/LATXoffshr00_8301_svu_mhw.gtx","MultiGrid":false,"DataSource":"vdatum","LastUpdate":"20260908092331"},"geometry":{"type":"Polygon","coordinates":[[[-95.582,28.396],[-92.322,28.396],[-92.322,29.794],[-95.582,29.794],[-95.582,28.396]]]}},{"type":"Feature","properties":{"Name":"VDatum_MLLW","ID":"LATXoffshr00_8301","Agency":"NOAA","DataLink":"https://vdatum.noaa.gov/download/data/LATXoffshr00_8301.zip","DataType":"mllw","Coverage":"latxoffshr00_8301","ArchiveMember":"LATXoffshr00_8301/LATXoffshr00_8301_svu_mllw.gtx","MultiGrid":false,"DataSource":"vdatum","LastUpdate":"20260908092331"},"geometry":{"type":"Polygon","coordinates":[[[-95.582,28.396],[-92.322,28.396],[-92.322,29.794],[-95.582,29.794],[-95.582,28.396]]]}},{"type":"Feature","properties":{"Name":"VDatum_MLW","ID":"LATXoffshr00_8301","Agency":"NOAA","DataLink":"https://vdatum.noaa.gov/download/data/LATXoffshr00_8301.zip","DataType":"mlw","Coverage":"latxoffshr00_8301","ArchiveMember":"LATXoffshr00_8301/LATXoffshr00_8301_svu_mlw.gtx","MultiGrid":false,"DataSource":"vdatum","LastUpdate":"20260908092331"},"geometry":{"type":"Polygon","coordinates":[[[-95.582,28.396],[-92.322,28.396],[-92.322,29.794],[-95.582,29.794],[-95.582,28.396]]]}},{"type":"Feature","properties":{"Name":"VDatum_MTL","ID":"LATXoffshr00_8301","Agency":"NOAA","DataLink":"https://vdatum.noaa.gov/download/data/LATXoffshr00_8301.zip","DataType":"mtl","Coverage":"latxoffshr00_8301","ArchiveMember":"LATXoffshr00_8301/LATXoffshr00_8301_svu_mtl.gtx","MultiGrid":false,"DataSource":"vdatum","LastUpdate":"20260908092331"},"geometry":{"type":"Polygon","coordinates":[[[-95.582,28.396],[-92.322,28.396],[-92.322,29.794],[-95.582,29.794],[-95.582,28.396]]]}},{"type":"Feature","properties":{"Name":"VDatum_TSS","ID":"LATXoffshr00_8301","Agency":"NOAA","DataLink":"https://vdatum.noaa.gov/download/data/LATXoffshr00_8301.zip","DataType":"tss","Coverage":"latxoffshr00_8301","ArchiveMember":"LATXoffshr00_8301/LATXoffshr00_8301_tss.gtx","MultiGrid":false,"DataSource":"vdatum","LastUpdate":"20260908092331"},"geometry":{"type":"Polygon","coordinates":[[[-95.582,28.396],[-92.322,28.396],[-92.322,29.794],[-95.582,29.794],[-95.582,28.396]]]}},{"type":"Feature","properties":{"Name":"VDatum_DTL","ID":"LATXwest01_8301","Agency":"NOAA","DataLink":"https://vdatum.noaa.gov/download/data/LATXwest01_8301.zip","DataType":"dtl","Coverage":"latxwest01_8301","ArchiveMember":"vdatum/LATXwest01_8301/dtl.gtx","MultiGrid":false,"DataSource":"vdatum","LastUpdate":"20260908092331"},"geometry":{"type":"Polygon","coordinates":[[[-94.44999999999999,28.54],[-92.49900000000002,28.54],[-92.49900000000002,30.406],[-94.44999999999999,30.406],[-94.44999999999999,28.54]]]}},{"type":"Feature","properties":{"Name":"VDatum_MHHW","ID":"LATXwest01_8301","Agency":"NOAA","DataLink":"https://vdatum.noaa.gov/download/data/LATXwest01_8301.zip","DataType":"mhhw","Coverage":"latxwest01_8301","ArchiveMember":"vdatum/LATXwest01_8301/mhhw.gtx","MultiGrid":false,"DataSource":"vdatum","LastUpdate":"20260908092331"},"geometry":{"type":"Polygon","coordinates":[[[-94.44999999999999,28.54],[-92.49900000000002,28.54],[-92.49900000000002,30.406],[-94.44999999999999,30.406],[-94.44999999999999,28.54]]]}},{"type":"Feature","properties":{"Name":"VDatum_MHW","ID":"LATXwest01_8301","Agency":"NOAA","DataLink":"https://vdatum.noaa.gov/download/data/LATXwest01_8301.zip","DataType":"mhw","Coverage":"latxwest01_8301","ArchiveMember":"vdatum/LATXwest01_8301/mhw.gtx","MultiGrid":false,"DataSource":"vdatum","LastUpdate":"20260908092331"},"geometry":{"type":"Polygon","coordinates":[[[-94.44999999999999,28.54],[-92.49900000000002,28.54],[-92.49900000000002,30.406],[-94.44999999999999,30.406],[-94.44999999999999,28.54]]]}},{"type":"Feature","properties":{"Name":"VDatum_MLLW","ID":"LATXwest01_8301","Agency":"NOAA","DataLink":"https://vdatum.noaa.gov/download/data/LATXwest01_8301.zip","DataType":"mllw","Coverage":"latxwest01_8301","ArchiveMember":"vdatum/LATXwest01_8301/mllw.gtx","MultiGrid":false,"DataSource":"vdatum","LastUpdate":"20260908092331"},"geometry":{"type":"Polygon","coordinates":[[[-94.44999999999999,28.54],[-92.49900000000002,28.54],[-92.49900000000002,30.406],[-94.44999999999999,30.406],[-94.44999999999999,28.54]]]}},{"type":"Feature","properties":{"Name":"VDatum_MLW","ID":"LATXwest01_8301","Agency":"NOAA","DataLink":"https://vdatum.noaa.gov/download/data/LATXwest01_8301.zip","DataType":"mlw","Coverage":"latxwest01_8301","ArchiveMember":"vdatum/LATXwest01_8301/mlw.gtx","MultiGrid":false,"DataSource":"vdatum","LastUpdate":"20260908092331"},"geometry":{"type":"Polygon","coordinates":[[[-94.44999999999999,28.54],[-92.49900000000002,28.54],[-92.49900000000002,30.406],[-94.44999999999999,30.406],[-94.44999999999999,28.54]]]}},{"type":"Feature","properties":{"Name":"VDatum_MTL","ID":"LATXwest01_8301","Agency":"NOAA","DataLink":"https://vdatum.noaa.gov/download/data/LATXwest01_8301.zip","DataType":"mtl","Coverage":"latxwest01_8301","ArchiveMember":"vdatum/LATXwest01_8301/mtl.gtx","MultiGrid":false,"DataSource":"vdatum","LastUpdate":"20260908092331"},"geometry":{"type":"Polygon","coordinates":[[[-94.44999999999999,28.54],[-92.49900000000002,28.54],[-92.49900000000002,30.406],[-94.44999999999999,30.406],[-94.44999999999999,28.54]]]}},{"type":"Feature","properties":{"Name":"VDatum_TSS","ID":"LATXwest01_8301","Agency":"NOAA","DataLink":"https://vdatum.noaa.gov/download/data/LATXwest01_8301.zip","DataType":"tss","Coverage":"latxwest01_8301","ArchiveMember":"vdatum/LATXwest01_8301/tss.gtx","MultiGrid":false,"DataSource":"vdatum","LastUpdate":"20260908092331"},"geometry":{"type":"Polygon","coordinates":[[[-94.44999999999999,28.54],[-92.49900000000002,28.54],[-92.49900000000002,30.406],[-94.44999999999999,30.406],[-94.44999999999999,28.54]]]}},{"type":"Feature","properties":{"Name":"VDatum_DTL","ID":"LAatchaf00_8301","Agency":"NOAA","DataLink":"https://vdatum.noaa.gov/download/data/LAatchaf00_8301.zip","DataType":"dtl","Coverage":"laatchaf00_8301","ArchiveMember":"LAatchaf00_8301/LAatchaf00_8301_svu_dtl.gtx","MultiGrid":false,"DataSource":"vdatum","LastUpdate":"20260908092331"},"geometry":{"type":"Polygon","coordinates":[[[-92.36500000000001,29.13],[-91.14800000000002,29.13],[-91.14800000000002,29.954],[-92.36500000000001,29.954],[-92.36500000000001,29.13]]]}},{"type":"Feature","properties":{"Name":"VDatum_MHHW","ID":"LAatchaf00_8301","Agency":"NOAA","DataLink":"https://vdatum.noaa.gov/download/data/LAatchaf00_8301.zip","DataType":"mhhw","Coverage":"laatchaf00_8301","ArchiveMember":"LAatchaf00_8301/LAatchaf00_8301_svu_mhhw.gtx","MultiGrid":false,"DataSource":"vdatum","LastUpdate":"20260908092331"},"geometry":{"type":"Polygon","coordinates":[[[-92.36500000000001,29.13],[-91.14800000000002,29.13],[-91.14800000000002,29.954],[-92.36500000000001,29.954],[-92.36500000000001,29.13]]]}},{"type":"Feature","properties":{"Name":"VDatum_MHW","ID":"LAatchaf00_8301","Agency":"NOAA","DataLink":"https://vdatum.noaa.gov/download/data/LAatchaf00_8301.zip","DataType":"mhw","Coverage":"laatchaf00_8301","ArchiveMember":"LAatchaf00_8301/LAatchaf00_8301_svu_mhw.gtx","MultiGrid":false,"DataSource":"vdatum","LastUpdate":"20260908092331"},"geometry":{"type":"Polygon","coordinates":[[[-92.36500000000001,29.13],[-91.14800000000002,29.13],[-91.14800000000002,29.954],[-92.36500000000001,29.954],[-92.36500000000001,29.13]]]}},{"type":"Feature","properties":{"Name":"VDatum_MLLW","ID":"LAatchaf00_8301","Agency":"NOAA","DataLink":"https://vdatum.noaa.gov/download/data/LAatchaf00_8301.zip","DataType":"mllw","Coverage":"laatchaf00_8301","ArchiveMember":"LAatchaf00_8301/LAatchaf00_8301_svu_mllw.gtx","MultiGrid":false,"DataSource":"vdatum","LastUpdate":"20260908092331"},"geometry":{"type":"Polygon","coordinates":[[[-92.36500000000001,29.13],[-91.14800000000002,29.13],[-91.14800000000002,29.954],[-92.36500000000001,29.954],[-92.36500000000001,29.13]]]}},{"type":"Feature","properties":{"Name":"VDatum_MLW","ID":"LAatchaf00_8301","Agency":"NOAA","DataLink":"https://vdatum.noaa.gov/download/data/LAatchaf00_8301.zip","DataType":"mlw","Coverage":"laatchaf00_8301","ArchiveMember":"LAatchaf00_8301/LAatchaf00_8301_svu_mlw.gtx","MultiGrid":false,"DataSource":"vdatum","LastUpdate":"20260908092331"},"geometry":{"type":"Polygon","coordinates":[[[-92.36500000000001,29.13],[-91.14800000000002,29.13],[-91.14800000000002,29.954],[-92.36500000000001,29.954],[-92.36500000000001,29.13]]]}},{"type":"Feature","properties":{"Name":"VDatum_MTL","ID":"LAatchaf00_8301","Agency":"NOAA","DataLink":"https://vdatum.noaa.gov/download/data/LAatchaf00_8301.zip","DataType":"mtl","Coverage":"laatchaf00_8301","ArchiveMember":"LAatchaf00_8301/LAatchaf00_8301_svu_mtl.gtx","MultiGrid":false,"DataSource":"vdatum","LastUpdate":"20260908092331"},"geometry":{"type":"Polygon","coordinates":[[[-92.36500000000001,29.13],[-91.14800000000002,29.13],[-91.14800000000002,29.954],[-92.36500000000001,29.954],[-92.36500000000001,29.13]]]}},{"type":"Feature","properties":{"Name":"VDatum_TSS","ID":"LAatchaf00_8301","Agency":"NOAA","DataLink":"https://vdatum.noaa.gov/download/data/LAatchaf00_8301.zip","DataType":"tss","Coverage":"laatchaf00_8301","ArchiveMember":"LAatchaf00_8301/LAatchaf00_8301_tss.gtx","MultiGrid":false,"DataSource":"vdatum","LastUpdate":"20260908092331"},"geometry":{"type":"Polygon","coordinates":[[[-92.36500000000001,29.13],[-91.14800000000002,29.13],[-91.14800000000002,29.954],[-92.36500000000001,29.954],[-92.36500000000001,29.13]]]}},{"type":"Feature","properties":{"Name":"VDatum_DTL","ID":"LAmobile02_8301","Agency":"NOAA","DataLink":"https://vdatum.noaa.gov/download/data/LAmobile02_8301.zip","DataType":"dtl","Coverage":"lamobile02_8301","ArchiveMember":"LAmobile02_8301/LAmobile02_8301_dtl.gtx","MultiGrid":false,"DataSource":"vdatum","LastUpdate":"20260908092331"},"geometry":{"type":"Polygon","coordinates":[[[-93.0,28.0],[-88.0,28.0],[-88.0,30.5],[-93.0,30.5],[-93.0,28.0]]]}},{"type":"Feature","properties":{"Name":"VDatum_MHHW","ID":"LAmobile02_8301","Agency":"NOAA","DataLink":"https://vdatum.noaa.gov/download/data/LAmobile02_8301.zip","DataType":"mhhw","Coverage":"lamobile02_8301","ArchiveMember":"LAmobile02_8301/LAmobile02_8301_mhhw.gtx","MultiGrid":false,"DataSource":"vdatum","LastUpdate":"20260908092331"},"geometry":{"type":"Polygon","coordinates":[[[-93.0,28.0],[-88.0,28.0],[-88.0,30.5],[-93.0,30.5],[-93.0,28.0]]]}},{"type":"Feature","properties":{"Name":"VDatum_MHW","ID":"LAmobile02_8301","Agency":"NOAA","DataLink":"https://vdatum.noaa.gov/download/data/LAmobile02_8301.zip","DataType":"mhw","Coverage":"lamobile02_8301","ArchiveMember":"LAmobile02_8301/LAmobile02_8301_mhw.gtx","MultiGrid":false,"DataSource":"vdatum","LastUpdate":"20260908092331"},"geometry":{"type":"Polygon","coordinates":[[[-93.0,28.0],[-88.0,28.0],[-88.0,30.5],[-93.0,30.5],[-93.0,28.0]]]}},{"type":"Feature","properties":{"Name":"VDatum_MLLW","ID":"LAmobile02_8301","Agency":"NOAA","DataLink":"https://vdatum.noaa.gov/download/data/LAmobile02_8301.zip","DataType":"mllw","Coverage":"lamobile02_8301","ArchiveMember":"LAmobile02_8301/LAmobile02_8301_mllw.gtx","MultiGrid":false,"DataSource":"vdatum","LastUpdate":"20260908092331"},"geometry":{"type":"Polygon","coordinates":[[[-93.0,28.0],[-88.0,28.0],[-88.0,30.5],[-93.0,30.5],[-93.0,28.0]]]}},{"type":"Feature","properties":{"Name":"VDatum_MLW","ID":"LAmobile02_8301","Agency":"NOAA","DataLink":"https://vdatum.noaa.gov/download/data/LAmobile02_8301.zip","DataType":"mlw","Coverage":"lamobile02_8301","ArchiveMember":"LAmobile02_8301/LAmobile02_8301_mlw.gtx","MultiGrid":false,"DataSource":"vdatum","LastUpdate":"20260908092331"},"geometry":{"type":"Polygon","coordinates":[[[-93.0,28.0],[-88.0,28.0],[-88.0,30.5],[-93.0,30.5],[-93.0,28.0]]]}},{"type":"Feature","properties":{"Name":"VDatum_MTL","ID":"LAmobile02_8301","Agency":"NOAA","DataLink":"https://vdatum.noaa.gov/download/data/LAmobile02_8301.zip","DataType":"mtl","Coverage":"lamobile02_8301","ArchiveMember":"LAmobile02_8301/LAmobile02_8301_mtl.gtx","MultiGrid":false,"DataSource":"vdatum","LastUpdate":"20260908092331"},"geometry":{"type":"Polygon","coordinates":[[[-93.0,28.0],[-88.0,28.0],[-88.0,30.5],[-93.0,30.5],[-93.0,28.0]]]}},{"type":"Feature","properties":{"Name":"VDatum_TSS","ID":"LAmobile02_8301","Agency":"NOAA","DataLink":"https://vdatum.noaa.gov/download/data/LAmobile02_8301.zip","DataType":"tss","Coverage":"lamobile02_8301","ArchiveMember":"LAmobile02_8301/LAmobile02_8301_tss.gtx","MultiGrid":false,"DataSource":"vdatum","LastUpdate":"20260908092331"},"geometry":{"type":"Polygon","coordinates":[[[-93.0,28.0],[-88.0,28.0],[-88.0,30.5],[-93.0,30.5],[-93.0,28.0]]]}},{"type":"Feature","properties":{"Name":"VDatum_DTL","ID":"MDVAchb12_8301","Agency":"NOAA","DataLink":"https://vdatum.noaa.gov/download/data/MDVAchb12_8301.zip","DataType":"dtl","Coverage":"mdvachb12_8301","ArchiveMember":"vdatum/MDVAchb12_8301/dtl.gtx","MultiGrid":false,"DataSource":"vdatum","LastUpdate":"20260908092331"},"geometry":{"type":"Polygon","coordinates":[[[-77.48000000000002,35.95],[-75.57999999999998,35.95],[-75.57999999999998,39.65],[-77.48000000000002,39.65],[-77.48000000000002,35.95]]]}},{"type":"Feature","properties":{"Name":"VDatum_MHHW","ID":"MDVAchb12_8301","Agency":"NOAA","DataLink":"https://vdatum.noaa.gov/download/data/MDVAchb12_8301.zip","DataType":"mhhw","Coverage":"mdvachb12_8301","ArchiveMember":"vdatum/MDVAchb12_8301/mhhw.gtx","MultiGrid":false,"DataSource":"vdatum","LastUpdate":"20260908092331"},"geometry":{"type":"Polygon","coordinates":[[[-77.48000000000002,35.95],[-75.57999999999998,35.95],[-75.57999999999998,39.65],[-77.48000000000002,39.65],[-77.48000000000002,35.95]]]}},{"type":"Feature","properties":{"Name":"VDatum_MHW","ID":"MDVAchb12_8301","Agency":"NOAA","DataLink":"https://vdatum.noaa.gov/download/data/MDVAchb12_8301.zip","DataType":"mhw","Coverage":"mdvachb12_8301","ArchiveMember":"vdatum/MDVAchb12_8301/mhw.gtx","MultiGrid":false,"DataSource":"vdatum","LastUpdate":"20260908092331"},"geometry":{"type":"Polygon","coordinates":[[[-77.48000000000002,35.95],[-75.57999999999998,35.95],[-75.57999999999998,39.65],[-77.48000000000002,39.65],[-77.48000000000002,35.95]]]}},{"type":"Feature","properties":{"Name":"VDatum_MLLW","ID":"MDVAchb12_8301","Agency":"NOAA","DataLink":"https://vdatum.noaa.gov/download/data/MDVAchb12_8301.zip","DataType":"mllw","Coverage":"mdvachb12_8301","ArchiveMember":"vdatum/MDVAchb12_8301/mllw.gtx","MultiGrid":false,"DataSource":"vdatum","LastUpdate":"20260908092331"},"geometry":{"type":"Polygon","coordinates":[[[-77.48000000000002,35.95],[-75.57999999999998,35.95],[-75.57999999999998,39.65],[-77.48000000000002,39.65],[-77.48000000000002,35.95]]]}},{"type":"Feature","properties":{"Name":"VDatum_MLW","ID":"MDVAchb12_8301","Agency":"NOAA","DataLink":"https://vdatum.noaa.gov/download/data/MDVAchb12_8301.zip","DataType":"mlw","Coverage":"mdvachb12_8301","ArchiveMember":"vdatum/MDVAchb12_8301/mlw.gtx","MultiGrid":false,"DataSource":"vdatum","LastUpdate":"20260908092331"},"geometry":{"type":"Polygon","coordinates":[[[-77.48000000000002,35.95],[-75.57999999999998,35.95],[-75.57999999999998,39.65],[-77.48000000000002,39.65],[-77.48000000000002,35.95]]]}},{"type":"Feature","properties":{"Name":"VDatum_MTL","ID":"MDVAchb12_8301","Agency":"NOAA","DataLink":"https://vdatum.noaa.gov/download/data/MDVAchb12_8301.zip","DataType":"mtl","Coverage":"mdvachb12_8301","ArchiveMember":"vdatum/MDVAchb12_8301/mtl.gtx","MultiGrid":false,"DataSource":"vdatum","LastUpdate":"20260908092331"},"geometry":{"type":"Polygon","coordinates":[[[-77.48000000000002,35.95],[-75.57999999999998,35.95],[-75.57999999999998,39.65],[-77.48000000000002,39.65],[-77.48000000000002,35.95]]]}},{"type":"Feature","properties":{"Name":"VDatum_TSS","ID":"MDVAchb12_8301","Agency":"NOAA","DataLink":"https://vdatum.noaa.gov/download/data/MDVAchb12_8301.zip","DataType":"tss","Coverage":"mdvachb12_8301","ArchiveMember":"vdatum/MDVAchb12_8301/tss.gtx","MultiGrid":false,"DataSource":"vdatum","LastUpdate":"20260908092331"},"geometry":{"type":"Polygon","coordinates":[[[-77.48000000000002,35.95],[-75.57999999999998,35.95],[-75.57999999999998,39.65],[-77.48000000000002,39.65],[-77.48000000000002,35.95]]]}},{"type":"Feature","properties":{"Name":"VDatum_DTL","ID":"MDVAechb11_8301","Agency":"NOAA","DataLink":"https://vdatum.noaa.gov/download/data/MDVAechb11_8301.zip","DataType":"dtl","Coverage":"mdvaechb11_8301","ArchiveMember":"MDVAechb11_8301/MDVAechb11_8301_dtl.gtx","MultiGrid":false,"DataSource":"vdatum","LastUpdate":"20260908092331"},"geometry":{"type":"Polygon","coordinates":[[[-76.44200000000001,36.726],[-75.59719999999999,36.726],[-75.59719999999999,39.616],[-76.44200000000001,39.616],[-76.44200000000001,36.726]]]}},{"type":"Feature","properties":{"Name":"VDatum_MHHW","ID":"MDVAechb11_8301","Agency":"NOAA","DataLink":"https://vdatum.noaa.gov/download/data/MDVAechb11_8301.zip","DataType":"mhhw","Coverage":"mdvaechb11_8301","ArchiveMember":"MDVAechb11_8301/MDVAechb11_8301_mhhw.gtx","MultiGrid":false,"DataSource":"vdatum","LastUpdate":"20260908092331"},"geometry":{"type":"Polygon","coordinates":[[[-76.44200000000001,36.726],[-75.59719999999999,36.726],[-75.59719999999999,39.616],[-76.44200000000001,39.616],[-76.44200000000001,36.726]]]}},{"type":"Feature","properties":{"Name":"VDatum_MHW","ID":"MDVAechb11_8301","Agency":"NOAA","DataLink":"https://vdatum.noaa.gov/download/data/MDVAechb11_8301.zip","DataType":"mhw","Coverage":"mdvaechb11_8301","ArchiveMember":"MDVAechb11_8301/MDVAechb11_8301_mhw.gtx","MultiGrid":false,"DataSource":"vdatum","LastUpdate":"20260908092331"},"geometry":{"type":"Polygon","coordinates":[[[-76.44200000000001,36.726],[-75.59719999999999,36.726],[-75.59719999999999,39.616],[-76.44200000000001,39.616],[-76.44200000000001,36.726]]]}},{"type":"Feature","properties":{"Name":"VDatum_MLLW","ID":"MDVAechb11_8301","Agency":"NOAA","DataLink":"https://vdatum.noaa.gov/download/data/MDVAechb11_8301.zip","DataType":"mllw","Coverage":"mdvaechb11_8301","ArchiveMember":"MDVAechb11_8301/MDVAechb11_8301_mllw.gtx","MultiGrid":false,"DataSource":"vdatum","LastUpdate":"20260908092331"},"geometry":{"type":"Polygon","coordinates":[[[-76.44200000000001,36.726],[-75.59719999999999,36.726],[-75.59719999999999,39.616],[-76.44200000000001,39.616],[-76.44200000000001,36.726]]]}},{"type":"Feature","properties":{"Name":"VDatum_MLW","ID":"MDVAechb11_8301","Agency":"NOAA","DataLink":"https://vdatum.noaa.gov/download/data/MDVAechb11_8301.zip","DataType":"mlw","Coverage":"mdvaechb11_8301","ArchiveMember":"MDVAechb11_8301/MDVAechb11_8301_mlw.gtx","MultiGrid":false,"DataSource":"vdatum","LastUpdate":"20260908092331"},"geometry":{"type":"Polygon","coordinates":[[[-76.44200000000001,36.726],[-75.59719999999999,36.726],[-75.59719999999999,39.616],[-76.44200000000001,39.616],[-76.44200000000001,36.726]]]}},{"type":"Feature","properties":{"Name":"VDatum_MTL","ID":"MDVAechb11_8301","Agency":"NOAA","DataLink":"https://vdatum.noaa.gov/download/data/MDVAechb11_8301.zip","DataType":"mtl","Coverage":"mdvaechb11_8301","ArchiveMember":"MDVAechb11_8301/MDVAechb11_8301_mtl.gtx","MultiGrid":false,"DataSource":"vdatum","LastUpdate":"20260908092331"},"geometry":{"type":"Polygon","coordinates":[[[-76.44200000000001,36.726],[-75.59719999999999,36.726],[-75.59719999999999,39.616],[-76.44200000000001,39.616],[-76.44200000000001,36.726]]]}},{"type":"Feature","properties":{"Name":"VDatum_TSS","ID":"MDVAechb11_8301","Agency":"NOAA","DataLink":"https://vdatum.noaa.gov/download/data/MDVAechb11_8301.zip","DataType":"tss","Coverage":"mdvaechb11_8301","ArchiveMember":"MDVAechb11_8301/MDVAechb11_8301_tss.gtx","MultiGrid":false,"DataSource":"vdatum","LastUpdate":"20260908092331"},"geometry":{"type":"Polygon","coordinates":[[[-76.44200000000001,36.726],[-75.59719999999999,36.726],[-75.59719999999999,39.616],[-76.44200000000001,39.616],[-76.44200000000001,36.726]]]}},{"type":"Feature","properties":{"Name":"VDatum_DTL","ID":"MDnwchb11_8301","Agency":"NOAA","DataLink":"https://vdatum.noaa.gov/download/data/MDnwchb11_8301.zip","DataType":"dtl","Coverage":"mdnwchb11_8301","ArchiveMember":"MDnwchb11_8301/MDnwchb11_8301_dtl.gtx","MultiGrid":false,"DataSource":"vdatum","LastUpdate":"20260908092331"},"geometry":{"type":"Polygon","coordinates":[[[-77.38099999999997,37.898],[-76.12900000000002,37.898],[-76.12900000000002,39.482],[-77.38099999999997,39.482],[-77.38099999999997,37.898]]]}},{"type":"Feature","properties":{"Name":"VDatum_MHHW","ID":"MDnwchb11_8301","Agency":"NOAA","DataLink":"https://vdatum.noaa.gov/download/data/MDnwchb11_8301.zip","DataType":"mhhw","Coverage":"mdnwchb11_8301","ArchiveMember":"MDnwchb11_8301/MDnwchb11_8301_mhhw.gtx","MultiGrid":false,"DataSource":"vdatum","LastUpdate":"20260908092331"},"geometry":{"type":"Polygon","coordinates":[[[-77.38099999999997,37.898],[-76.12900000000002,37.898],[-76.12900000000002,39.482],[-77.38099999999997,39.482],[-77.38099999999997,37.898]]]}},{"type":"Feature","properties":{"Name":"VDatum_MHW","ID":"MDnwchb11_8301","Agency":"NOAA","DataLink":"https://vdatum.noaa.gov/download/data/MDnwchb11_8301.zip","DataType":"mhw","Coverage":"mdnwchb11_8301","ArchiveMember":"MDnwchb11_8301/MDnwchb11_8301_mhw.gtx","MultiGrid":false,"DataSource":"vdatum","LastUpdate":"20260908092331"},"geometry":{"type":"Polygon","coordinates":[[[-77.38099999999997,37.898],[-76.12900000000002,37.898],[-76.12900000000002,39.482],[-77.38099999999997,39.482],[-77.38099999999997,37.898]]]}},{"type":"Feature","properties":{"Name":"VDatum_MLLW","ID":"MDnwchb11_8301","Agency":"NOAA","DataLink":"https://vdatum.noaa.gov/download/data/MDnwchb11_8301.zip","DataType":"mllw","Coverage":"mdnwchb11_8301","ArchiveMember":"MDnwchb11_8301/MDnwchb11_8301_mllw.gtx","MultiGrid":false,"DataSource":"vdatum","LastUpdate":"20260908092331"},"geometry":{"type":"Polygon","coordinates":[[[-77.38099999999997,37.898],[-76.12900000000002,37.898],[-76.12900000000002,39.482],[-77.38099999999997,39.482],[-77.38099999999997,37.898]]]}},{"type":"Feature","properties":{"Name":"VDatum_MLW","ID":"MDnwchb11_8301","Agency":"NOAA","DataLink":"https://vdatum.noaa.gov/download/data/MDnwchb11_8301.zip","DataType":"mlw","Coverage":"mdnwchb11_8301","ArchiveMember":"MDnwchb11_8301/MDnwchb11_8301_mlw.gtx","MultiGrid":false,"DataSource":"vdatum","LastUpdate":"20260908092331"},"geometry":{"type":"Polygon","coordinates":[[[-77.38099999999997,37.898],[-76.12900000000002,37.898],[-76.12900000000002,39.482],[-77.38099999999997,39.482],[-77.38099999999997,37.898]]]}},{"type":"Feature","properties":{"Name":"VDatum_MTL","ID":"MDnwchb11_8301","Agency":"NOAA","DataLink":"https://vdatum.noaa.gov/download/data/MDnwchb11_8301.zip","DataType":"mtl","Coverage":"mdnwchb11_8301","ArchiveMember":"MDnwchb11_8301/MDnwchb11_8301_mtl.gtx","MultiGrid":false,"DataSource":"vdatum","LastUpdate":"20260908092331"},"geometry":{"type":"Polygon","coordinates":[[[-77.38099999999997,37.898],[-76.12900000000002,37.898],[-76.12900000000002,39.482],[-77.38099999999997,39.482],[-77.38099999999997,37.898]]]}},{"type":"Feature","properties":{"Name":"VDatum_TSS","ID":"MDnwchb11_8301","Agency":"NOAA","DataLink":"https://vdatum.noaa.gov/download/data/MDnwchb11_8301.zip","DataType":"tss","Coverage":"mdnwchb11_8301","ArchiveMember":"MDnwchb11_8301/MDnwchb11_8301_tss.gtx","MultiGrid":false,"DataSource":"vdatum","LastUpdate":"20260908092331"},"geometry":{"type":"Polygon","coordinates":[[[-77.38099999999997,37.898],[-76.12900000000002,37.898],[-76.12900000000002,39.482],[-77.38099999999997,39.482],[-77.38099999999997,37.898]]]}},{"type":"Feature","properties":{"Name":"VDatum_DTL","ID":"MENHMAgome13_8301","Agency":"NOAA","DataLink":"https://vdatum.noaa.gov/download/data/MENHMAgome13_8301.zip","DataType":"dtl","Coverage":"menhmagome13_8301","ArchiveMember":"vdatum/MENHMAgome13_8301/dtl.gtx","MultiGrid":false,"DataSource":"vdatum","LastUpdate":"20260908092331"},"geometry":{"type":"Polygon","coordinates":[[[-71.19999999999999,39.89],[-65.57979999999998,39.89],[-65.57979999999998,45.568],[-71.19999999999999,45.568],[-71.19999999999999,39.89]]]}},{"type":"Feature","properties":{"Name":"VDatum_MHHW","ID":"MENHMAgome13_8301","Agency":"NOAA","DataLink":"https://vdatum.noaa.gov/download/data/MENHMAgome13_8301.zip","DataType":"mhhw","Coverage":"menhmagome13_8301","ArchiveMember":"vdatum/MENHMAgome13_8301/mhhw.gtx","MultiGrid":false,"DataSource":"vdatum","LastUpdate":"20260908092331"},"geometry":{"type":"Polygon","coordinates":[[[-71.19999999999999,39.89],[-65.57979999999998,39.89],[-65.57979999999998,45.568],[-71.19999999999999,45.568],[-71.19999999999999,39.89]]]}},{"type":"Feature","properties":{"Name":"VDatum_MHW","ID":"MENHMAgome13_8301","Agency":"NOAA","DataLink":"https://vdatum.noaa.gov/download/data/MENHMAgome13_8301.zip","DataType":"mhw","Coverage":"menhmagome13_8301","ArchiveMember":"vdatum/MENHMAgome13_8301/mhw.gtx","MultiGrid":false,"DataSource":"vdatum","LastUpdate":"20260908092331"},"geometry":{"type":"Polygon","coordinates":[[[-71.19999999999999,39.89],[-65.57979999999998,39.89],[-65.57979999999998,45.568],[-71.19999999999999,45.568],[-71.19999999999999,39.89]]]}},{"type":"Feature","properties":{"Name":"VDatum_MLLW","ID":"MENHMAgome13_8301","Agency":"NOAA","DataLink":"https://vdatum.noaa.gov/download/data/MENHMAgome13_8301.zip","DataType":"mllw","Coverage":"menhmagome13_8301","ArchiveMember":"vdatum/MENHMAgome13_8301/mllw.gtx","MultiGrid":false,"DataSource":"vdatum","LastUpdate":"20260908092331"},"geometry":{"type":"Polygon","coordinates":[[[-71.19999999999999,39.89],[-65.57979999999998,39.89],[-65.57979999999998,45.568],[-71.19999999999999,45.568],[-71.19999999999999,39.89]]]}},{"type":"Feature","properties":{"Name":"VDatum_MLW","ID":"MENHMAgome13_8301","Agency":"NOAA","DataLink":"https://vdatum.noaa.gov/download/data/MENHMAgome13_8301.zip","DataType":"mlw","Coverage":"menhmagome13_8301","ArchiveMember":"vdatum/MENHMAgome13_8301/mlw.gtx","MultiGrid":false,"DataSource":"vdatum","LastUpdate":"20260908092331"},"geometry":{"type":"Polygon","coordinates":[[[-71.19999999999999,39.89],[-65.57979999999998,39.89],[-65.57979999999998,45.568],[-71.19999999999999,45.568],[-71.19999999999999,39.89]]]}},{"type":"Feature","properties":{"Name":"VDatum_MTL","ID":"MENHMAgome13_8301","Agency":"NOAA","DataLink":"https://vdatum.noaa.gov/download/data/MENHMAgome13_8301.zip","DataType":"mtl","Coverage":"menhmagome13_8301","ArchiveMember":"vdatum/MENHMAgome13_8301/mtl.gtx","MultiGrid":false,"DataSource":"vdatum","LastUpdate":"20260908092331"},"geometry":{"type":"Polygon","coordinates":[[[-71.19999999999999,39.89],[-65.57979999999998,39.89],[-65.57979999999998,45.568],[-71.19999999999999,45.568],[-71.19999999999999,39.89]]]}},{"type":"Feature","properties":{"Name":"VDatum_TSS","ID":"MENHMAgome13_8301","Agency":"NOAA","DataLink":"https://vdatum.noaa.gov/download/data/MENHMAgome13_8301.zip","DataType":"tss","Coverage":"menhmagome13_8301","ArchiveMember":"vdatum/MENHMAgome13_8301/tss.gtx","MultiGrid":false,"DataSource":"vdatum","LastUpdate":"20260908092331"},"geometry":{"type":"Polygon","coordinates":[[[-71.19999999999999,39.89],[-65.57979999999998,39.89],[-65.57979999999998,45.568],[-71.19999999999999,45.568],[-71.19999999999999,39.89]]]}},{"type":"Feature","properties":{"Name":"VDatum_DTL","ID":"MENHMAgome23_8301","Agency":"NOAA","DataLink":"https://vdatum.noaa.gov/download/data/MENHMAgome23_8301.zip","DataType":"dtl","Coverage":"menhmagome23_8301","ArchiveMember":"MENHMAgome23_8301/MENHMAgome23_8301_dtl.gtx","MultiGrid":false,"DataSource":"vdatum","LastUpdate":"20260908092331"},"geometry":{"type":"Polygon","coordinates":[[[-71.19999999999999,39.89],[-65.57979999999998,39.89],[-65.57979999999998,45.568],[-71.19999999999999,45.568],[-71.19999999999999,39.89]]]}},{"type":"Feature","properties":{"Name":"VDatum_MHHW","ID":"MENHMAgome23_8301","Agency":"NOAA","DataLink":"https://vdatum.noaa.gov/download/data/MENHMAgome23_8301.zip","DataType":"mhhw","Coverage":"menhmagome23_8301","ArchiveMember":"MENHMAgome23_8301/MENHMAgome23_8301_mhhw.gtx","MultiGrid":false,"DataSource":"vdatum","LastUpdate":"20260908092331"},"geometry":{"type":"Polygon","coordinates":[[[-71.19999999999999,39.89],[-65.57979999999998,39.89],[-65.57979999999998,45.568],[-71.19999999999999,45.568],[-71.19999999999999,39.89]]]}},{"type":"Feature","properties":{"Name":"VDatum_MHW","ID":"MENHMAgome23_8301","Agency":"NOAA","DataLink":"https://vdatum.noaa.gov/download/data/MENHMAgome23_8301.zip","DataType":"mhw","Coverage":"menhmagome23_8301","ArchiveMember":"MENHMAgome23_8301/MENHMAgome23_8301_mhw.gtx","MultiGrid":false,"DataSource":"vdatum","LastUpdate":"20260908092331"},"geometry":{"type":"Polygon","coordinates":[[[-71.19999999999999,39.89],[-65.57979999999998,39.89],[-65.57979999999998,45.568],[-71.19999999999999,45.568],[-71.19999999999999,39.89]]]}},{"type":"Feature","properties":{"Name":"VDatum_MLLW","ID":"MENHMAgome23_8301","Agency":"NOAA","DataLink":"https://vdatum.noaa.gov/download/data/MENHMAgome23_8301.zip","DataType":"mllw","Coverage":"menhmagome23_8301","ArchiveMember":"MENHMAgome23_8301/MENHMAgome23_8301_mllw.gtx","MultiGrid":false,"DataSource":"vdatum","LastUpdate":"20260908092331"},"geometry":{"type":"Polygon","coordinates":[[[-71.19999999999999,39.89],[-65.57979999999998,39.89],[-65.57979999999998,45.568],[-71.19999999999999,45.568],[-71.19999999999999,39.89]]]}},{"type":"Feature","properties":{"Name":"VDatum_MLW","ID":"MENHMAgome23_8301","Agency":"NOAA","DataLink":"https://vdatum.noaa.gov/download/data/MENHMAgome23_8301.zip","DataType":"mlw","Coverage":"menhmagome23_8301","ArchiveMember":"MENHMAgome23_8301/MENHMAgome23_8301_mlw.gtx","MultiGrid":false,"DataSource":"vdatum","LastUpdate":"20260908092331"},"geometry":{"type":"Polygon","coordinates":[[[-71.19999999999999,39.89],[-65.57979999999998,39.89],[-65.57979999999998,45.568],[-71.19999999999999,45.568],[-71.19999999999999,39.89]]]}},{"type":"Feature","properties":{"Name":"VDatum_MTL","ID":"MENHMAgome23_8301","Agency":"NOAA","DataLink":"https://vdatum.noaa.gov/download/data/MENHMAgome23_8301.zip","DataType":"mtl","Coverage":"menhmagome23_8301","ArchiveMember":"MENHMAgome23_8301/MENHMAgome23_8301_mtl.gtx","MultiGrid":false,"DataSource":"vdatum","LastUpdate":"20260908092331"},"geometry":{"type":"Polygon","coordinates":[[[-71.19999999999999,39.89],[-65.57979999999998,39.89],[-65.57979999999998,45.568],[-71.19999999999999,45.568],[-71.19999999999999,39.89]]]}},{"type":"Feature","properties":{"Name":"VDatum_TSS","ID":"MENHMAgome23_8301","Agency":"NOAA","DataLink":"https://vdatum.noaa.gov/download/data/MENHMAgome23_8301.zip","DataType":"tss","Coverage":"menhmagome23_8301","ArchiveMember":"MENHMAgome23_8301/MENHMAgome23_8301_tss.gtx","MultiGrid":false,"DataSource":"vdatum","LastUpdate":"20260908092331"},"geometry":{"type":"Polygon","coordinates":[[[-71.19999999999999,39.89],[-65.57979999999998,39.89],[-65.57979999999998,45.568],[-71.19999999999999,45.568],[-71.19999999999999,39.89]]]}},{"type":"Feature","properties":{"Name":"VDatum_DTL","ID":"NCcoast11_8301","Agency":"NOAA","DataLink":"https://vdatum.noaa.gov/download/data/NCcoast11_8301.zip","DataType":"dtl","Coverage":"nccoast11_8301","ArchiveMember":"NCcoast11_8301/NCcoast11_8301_dtl.gtx","MultiGrid":false,"DataSource":"vdatum","LastUpdate":"20260908092331"},"geometry":{"type":"Polygon","coordinates":[[[-78.35000000000002,32.65],[-74.14999999999998,32.65],[-74.14999999999998,37.05],[-78.35000000000002,37.05],[-78.35000000000002,32.65]]]}},{"type":"Feature","properties":{"Name":"VDatum_MHHW","ID":"NCcoast11_8301","Agency":"NOAA","DataLink":"https://vdatum.noaa.gov/download/data/NCcoast11_8301.zip","DataType":"mhhw","Coverage":"nccoast11_8301","ArchiveMember":"NCcoast11_8301/NCcoast11_8301_mhhw.gtx","MultiGrid":false,"DataSource":"vdatum","LastUpdate":"20260908092331"},"geometry":{"type":"Polygon","coordinates":[[[-78.35000000000002,32.65],[-74.14999999999998,32.65],[-74.14999999999998,37.05],[-78.35000000000002,37.05],[-78.35000000000002,32.65]]]}},{"type":"Feature","properties":{"Name":"VDatum_MHW","ID":"NCcoast11_8301","Agency":"NOAA","DataLink":"https://vdatum.noaa.gov/download/data/NCcoast11_8301.zip","DataType":"mhw","Coverage":"nccoast11_8301","ArchiveMember":"NCcoast11_8301/NCcoast11_8301_mhw.gtx","MultiGrid":false,"DataSource":"vdatum","LastUpdate":"20260908092331"},"geometry":{"type":"Polygon","coordinates":[[[-78.35000000000002,32.65],[-74.14999999999998,32.65],[-74.14999999999998,37.05],[-78.35000000000002,37.05],[-78.35000000000002,32.65]]]}},{"type":"Feature","properties":{"Name":"VDatum_MLLW","ID":"NCcoast11_8301","Agency":"NOAA","DataLink":"https://vdatum.noaa.gov/download/data/NCcoast11_8301.zip","DataType":"mllw","Coverage":"nccoast11_8301","ArchiveMember":"NCcoast11_8301/NCcoast11_8301_mllw.gtx","MultiGrid":false,"DataSource":"vdatum","LastUpdate":"20260908092331"},"geometry":{"type":"Polygon","coordinates":[[[-78.35000000000002,32.65],[-74.14999999999998,32.65],[-74.14999999999998,37.05],[-78.35000000000002,37.05],[-78.35000000000002,32.65]]]}},{"type":"Feature","properties":{"Name":"VDatum_MLW","ID":"NCcoast11_8301","Agency":"NOAA","DataLink":"https://vdatum.noaa.gov/download/data/NCcoast11_8301.zip","DataType":"mlw","Coverage":"nccoast11_8301","ArchiveMember":"NCcoast11_8301/NCcoast11_8301_mlw.gtx","MultiGrid":false,"DataSource":"vdatum","LastUpdate":"20260908092331"},"geometry":{"type":"Polygon","coordinates":[[[-78.35000000000002,32.65],[-74.14999999999998,32.65],[-74.14999999999998,37.05],[-78.35000000000002,37.05],[-78.35000000000002,32.65]]]}},{"type":"Feature","properties":{"Name":"VDatum_MTL","ID":"NCcoast11_8301","Agency":"NOAA","DataLink":"https://vdatum.noaa.gov/download/data/NCcoast11_8301.zip","DataType":"mtl","Coverage":"nccoast11_8301","ArchiveMember":"NCcoast11_8301/NCcoast11_8301_mtl.gtx","MultiGrid":false,"DataSource":"vdatum","LastUpdate":"20260908092331"},"geometry":{"type":"Polygon","coordinates":[[[-78.35000000000002,32.65],[-74.14999999999998,32.65],[-74.14999999999998,37.05],[-78.35000000000002,37.05],[-78.35000000000002,32.65]]]}},{"type":"Feature","properties":{"Name":"VDatum_TSS","ID":"NCcoast11_8301","Agency":"NOAA","DataLink":"https://vdatum.noaa.gov/download/data/NCcoast11_8301.zip","DataType":"tss","Coverage":"nccoast11_8301","ArchiveMember":"NCcoast11_8301/NCcoast11_8301_tss.gtx","MultiGrid":false,"DataSource":"vdatum","LastUpdate":"20260908092331"},"geometry":{"type":"Polygon","coordinates":[[[-78.35000000000002,32.65],[-74.14999999999998,32.65],[-74.14999999999998,37.05],[-78.35000000000002,37.05],[-78.35000000000002,32.65]]]}},{"type":"Feature","properties":{"Name":"VDatum_DTL","ID":"NCinner11_8301","Agency":"NOAA","DataLink":"https://vdatum.noaa.gov/download/data/NCinner11_8301.zip","DataType":"dtl","Coverage":"ncinner11_8301","ArchiveMember":"NCinner11_8301/NCinner11_8301_dtl.gtx","MultiGrid":false,"DataSource":"vdatum","LastUpdate":"20260908092331"},"geometry":{"type":"Polygon","coordinates":[[[-78.31,33.83],[-75.45949999999999,33.83],[-75.45949999999999,36.78],[-78.31,36.78],[-78.31,33.83]]]}},{"type":"Feature","properties":{"Name":"VDatum_MHHW","ID":"NCinner11_8301","Agency":"NOAA","DataLink":"https://vdatum.noaa.gov/download/data/NCinner11_8301.zip","DataType":"mhhw","Coverage":"ncinner11_8301","ArchiveMember":"NCinner11_8301/NCinner11_8301_mhhw.gtx","MultiGrid":false,"DataSource":"vdatum","LastUpdate":"20260908092331"},"geometry":{"type":"Polygon","coordinates":[[[-78.31,33.83],[-75.45949999999999,33.83],[-75.45949999999999,36.78],[-78.31,36.78],[-78.31,33.83]]]}},{"type":"Feature","properties":{"Name":"VDatum_MHW","ID":"NCinner11_8301","Agency":"NOAA","DataLink":"https://vdatum.noaa.gov/download/data/NCinner11_8301.zip","DataType":"mhw","Coverage":"ncinner11_8301","ArchiveMember":"NCinner11_8301/NCinner11_8301_mhw.gtx","MultiGrid":false,"DataSource":"vdatum","LastUpdate":"20260908092331"},"geometry":{"type":"Polygon","coordinates":[[[-78.31,33.83],[-75.45949999999999,33.83],[-75.45949999999999,36.78],[-78.31,36.78],[-78.31,33.83]]]}},{"type":"Feature","properties":{"Name":"VDatum_MLLW","ID":"NCinner11_8301","Agency":"NOAA","DataLink":"https://vdatum.noaa.gov/download/data/NCinner11_8301.zip","DataType":"mllw","Coverage":"ncinner11_8301","ArchiveMember":"NCinner11_8301/NCinner11_8301_mllw.gtx","MultiGrid":false,"DataSource":"vdatum","LastUpdate":"20260908092331"},"geometry":{"type":"Polygon","coordinates":[[[-78.31,33.83],[-75.45949999999999,33.83],[-75.45949999999999,36.78],[-78.31,36.78],[-78.31,33.83]]]}},{"type":"Feature","properties":{"Name":"VDatum_MLW","ID":"NCinner11_8301","Agency":"NOAA","DataLink":"https://vdatum.noaa.gov/download/data/NCinner11_8301.zip","DataType":"mlw","Coverage":"ncinner11_8301","ArchiveMember":"NCinner11_8301/NCinner11_8301_mlw.gtx","MultiGrid":false,"DataSource":"vdatum","LastUpdate":"20260908092331"},"geometry":{"type":"Polygon","coordinates":[[[-78.31,33.83],[-75.45949999999999,33.83],[-75.45949999999999,36.78],[-78.31,36.78],[-78.31,33.83]]]}},{"type":"Feature","properties":{"Name":"VDatum_MTL","ID":"NCinner11_8301","Agency":"NOAA","DataLink":"https://vdatum.noaa.gov/download/data/NCinner11_8301.zip","DataType":"mtl","Coverage":"ncinner11_8301","ArchiveMember":"NCinner11_8301/NCinner11_8301_mtl.gtx","MultiGrid":false,"DataSource":"vdatum","LastUpdate":"20260908092331"},"geometry":{"type":"Polygon","coordinates":[[[-78.31,33.83],[-75.45949999999999,33.83],[-75.45949999999999,36.78],[-78.31,36.78],[-78.31,33.83]]]}},{"type":"Feature","properties":{"Name":"VDatum_TSS","ID":"NCinner11_8301","Agency":"NOAA","DataLink":"https://vdatum.noaa.gov/download/data/NCinner11_8301.zip","DataType":"tss","Coverage":"ncinner11_8301","ArchiveMember":"NCinner11_8301/NCinner11_8301_tss.gtx","MultiGrid":false,"DataSource":"vdatum","LastUpdate":"20260908092331"},"geometry":{"type":"Polygon","coordinates":[[[-78.31,33.83],[-75.45949999999999,33.83],[-75.45949999999999,36.78],[-78.31,36.78],[-78.31,33.83]]]}},{"type":"Feature","properties":{"Name":"VDatum_DTL","ID":"NJVAmab12_8301","Agency":"NOAA","DataLink":"https://vdatum.noaa.gov/download/data/NJVAmab12_8301.zip","DataType":"dtl","Coverage":"njvamab12_8301","ArchiveMember":"vdatum/NJVAmab12_8301/dtl.gtx","MultiGrid":false,"DataSource":"vdatum","LastUpdate":"20260908092331"},"geometry":{"type":"Polygon","coordinates":[[[-75.73000000000002,35.93],[-72.75,35.93],[-72.75,40.062],[-75.73000000000002,40.062],[-75.73000000000002,35.93]]]}},{"type":"Feature","properties":{"Name":"VDatum_MHHW","ID":"NJVAmab12_8301","Agency":"NOAA","DataLink":"https://vdatum.noaa.gov/download/data/NJVAmab12_8301.zip","DataType":"mhhw","Coverage":"njvamab12_8301","ArchiveMember":"vdatum/NJVAmab12_8301/mhhw.gtx","MultiGrid":false,"DataSource":"vdatum","LastUpdate":"20260908092331"},"geometry":{"type":"Polygon","coordinates":[[[-75.73000000000002,35.93],[-72.75,35.93],[-72.75,40.062],[-75.73000000000002,40.062],[-75.73000000000002,35.93]]]}},{"type":"Feature","properties":{"Name":"VDatum_MHW","ID":"NJVAmab12_8301","Agency":"NOAA","DataLink":"https://vdatum.noaa.gov/download/data/NJVAmab12_8301.zip","DataType":"mhw","Coverage":"njvamab12_8301","ArchiveMember":"vdatum/NJVAmab12_8301/mhw.gtx","MultiGrid":false,"DataSource":"vdatum","LastUpdate":"20260908092331"},"geometry":{"type":"Polygon","coordinates":[[[-75.73000000000002,35.93],[-72.75,35.93],[-72.75,40.062],[-75.73000000000002,40.062],[-75.73000000000002,35.93]]]}},{"type":"Feature","properties":{"Name":"VDatum_MLLW","ID":"NJVAmab12_8301","Agency":"NOAA","DataLink":"https://vdatum.noaa.gov/download/data/NJVAmab12_8301.zip","DataType":"mllw","Coverage":"njvamab12_8301","ArchiveMember":"vdatum/NJVAmab12_8301/mllw.gtx","MultiGrid":false,"DataSource":"vdatum","LastUpdate":"20260908092331"},"geometry":{"type":"Polygon","coordinates":[[[-75.73000000000002,35.93],[-72.75,35.93],[-72.75,40.062],[-75.73000000000002,40.062],[-75.73000000000002,35.93]]]}},{"type":"Feature","properties":{"Name":"VDatum_MLW","ID":"NJVAmab12_8301","Agency":"NOAA","DataLink":"https://vdatum.noaa.gov/download/data/NJVAmab12_8301.zip","DataType":"mlw","Coverage":"njvamab12_8301","ArchiveMember":"vdatum/NJVAmab12_8301/mlw.gtx","MultiGrid":false,"DataSource":"vdatum","LastUpdate":"20260908092331"},"geometry":{"type":"Polygon","coordinates":[[[-75.73000000000002,35.93],[-72.75,35.93],[-72.75,40.062],[-75.73000000000002,40.062],[-75.73000000000002,35.93]]]}},{"type":"Feature","properties":{"Name":"VDatum_MTL","ID":"NJVAmab12_8301","Agency":"NOAA","DataLink":"https://vdatum.noaa.gov/download/data/NJVAmab12_8301.zip","DataType":"mtl","Coverage":"njvamab12_8301","ArchiveMember":"vdatum/NJVAmab12_8301/mtl.gtx","MultiGrid":false,"DataSource":"vdatum","LastUpdate":"20260908092331"},"geometry":{"type":"Polygon","coordinates":[[[-75.73000000000002,35.93],[-72.75,35.93],[-72.75,40.062],[-75.73000000000002,40.062],[-75.73000000000002,35.93]]]}},{"type":"Feature","properties":{"Name":"VDatum_TSS","ID":"NJVAmab12_8301","Agency":"NOAA","DataLink":"https://vdatum.noaa.gov/download/data/NJVAmab12_8301.zip","DataType":"tss","Coverage":"njvamab12_8301","ArchiveMember":"vdatum/NJVAmab12_8301/tss.gtx","MultiGrid":false,"DataSource":"vdatum","LastUpdate":"20260908092331"},"geometry":{"type":"Polygon","coordinates":[[[-75.73000000000002,35.93],[-72.75,35.93],[-72.75,40.062],[-75.73000000000002,40.062],[-75.73000000000002,35.93]]]}},{"type":"Feature","properties":{"Name":"VDatum_DTL","ID":"NJVAmab22_8301","Agency":"NOAA","DataLink":"https://vdatum.noaa.gov/download/data/NJVAmab22_8301.zip","DataType":"dtl","Coverage":"njvamab22_8301","ArchiveMember":"vdatum/NJVAmab22_8301/dtl.gtx","MultiGrid":false,"DataSource":"vdatum","LastUpdate":"20260908092331"},"geometry":{"type":"Polygon","coordinates":[[[-75.73000000000002,35.93],[-72.75,35.93],[-72.75,39.458],[-75.73000000000002,39.458],[-75.73000000000002,35.93]]]}},{"type":"Feature","properties":{"Name":"VDatum_MHHW","ID":"NJVAmab22_8301","Agency":"NOAA","DataLink":"https://vdatum.noaa.gov/download/data/NJVAmab22_8301.zip","DataType":"mhhw","Coverage":"njvamab22_8301","ArchiveMember":"vdatum/NJVAmab22_8301/mhhw.gtx","MultiGrid":false,"DataSource":"vdatum","LastUpdate":"20260908092331"},"geometry":{"type":"Polygon","coordinates":[[[-75.73000000000002,35.93],[-72.75,35.93],[-72.75,39.458],[-75.73000000000002,39.458],[-75.73000000000002,35.93]]]}},{"type":"Feature","properties":{"Name":"VDatum_MHW","ID":"NJVAmab22_8301","Agency":"NOAA","DataLink":"https://vdatum.noaa.gov/download/data/NJVAmab22_8301.zip","DataType":"mhw","Coverage":"njvamab22_8301","ArchiveMember":"vdatum/NJVAmab22_8301/mhw.gtx","MultiGrid":false,"DataSource":"vdatum","LastUpdate":"20260908092331"},"geometry":{"type":"Polygon","coordinates":[[[-75.73000000000002,35.93],[-72.75,35.93],[-72.75,39.458],[-75.73000000000002,39.458],[-75.73000000000002,35.93]]]}},{"type":"Feature","properties":{"Name":"VDatum_MLLW","ID":"NJVAmab22_8301","Agency":"NOAA","DataLink":"https://vdatum.noaa.gov/download/data/NJVAmab22_8301.zip","DataType":"mllw","Coverage":"njvamab22_8301","ArchiveMember":"vdatum/NJVAmab22_8301/mllw.gtx","MultiGrid":false,"DataSource":"vdatum","LastUpdate":"20260908092331"},"geometry":{"type":"Polygon","coordinates":[[[-75.73000000000002,35.93],[-72.75,35.93],[-72.75,39.458],[-75.73000000000002,39.458],[-75.73000000000002,35.93]]]}},{"type":"Feature","properties":{"Name":"VDatum_MLW","ID":"NJVAmab22_8301","Agency":"NOAA","DataLink":"https://vdatum.noaa.gov/download/data/NJVAmab22_8301.zip","DataType":"mlw","Coverage":"njvamab22_8301","ArchiveMember":"vdatum/NJVAmab22_8301/mlw.gtx","MultiGrid":false,"DataSource":"vdatum","LastUpdate":"20260908092331"},"geometry":{"type":"Polygon","coordinates":[[[-75.73000000000002,35.93],[-72.75,35.93],[-72.75,39.458],[-75.73000000000002,39.458],[-75.73000000000002,35.93]]]}},{"type":"Feature","properties":{"Name":"VDatum_MTL","ID":"NJVAmab22_8301","Agency":"NOAA","DataLink":"https://vdatum.noaa.gov/download/data/NJVAmab22_8301.zip","DataType":"mtl","Coverage":"njvamab22_8301","ArchiveMember":"vdatum/NJVAmab22_8301/mtl.gtx","MultiGrid":false,"DataSource":"vdatum","LastUpdate":"20260908092331"},"geometry":{"type":"Polygon","coordinates":[[[-75.73000000000002,35.93],[-72.75,35.93],[-72.75,39.458],[-75.73000000000002,39.458],[-75.73000000000002,35.93]]]}},{"type":"Feature","properties":{"Name":"VDatum_TSS","ID":"NJVAmab22_8301","Agency":"NOAA","DataLink":"https://vdatum.noaa.gov/download/data/NJVAmab22_8301.zip","DataType":"tss","Coverage":"njvamab22_8301","ArchiveMember":"vdatum/NJVAmab22_8301/tss.gtx","MultiGrid":false,"DataSource":"vdatum","LastUpdate":"20260908092331"},"geometry":{"type":"Polygon","coordinates":[[[-75.73000000000002,35.93],[-72.75,35.93],[-72.75,39.458],[-75.73000000000002,39.458],[-75.73000000000002,35.93]]]}},{"type":"Feature","properties":{"Name":"VDatum_DTL","ID":"NJVAmab33_8301","Agency":"NOAA","DataLink":"https://vdatum.noaa.gov/download/data/NJVAmab33_8301.zip","DataType":"dtl","Coverage":"njvamab33_8301","ArchiveMember":"NJVAmab33_8301/NJVAmab33_8301_dtl.gtx","MultiGrid":false,"DataSource":"vdatum","LastUpdate":"20260908092331"},"geometry":{"type":"Polygon","coordinates":[[[-75.72000000000003,36.744],[-73.58999999999997,36.744],[-73.58999999999997,39.364],[-75.72000000000003,39.364],[-75.72000000000003,36.744]]]}},{"type":"Feature","properties":{"Name":"VDatum_MHHW","ID":"NJVAmab33_8301","Agency":"NOAA","DataLink":"https://vdatum.noaa.gov/download/data/NJVAmab33_8301.zip","DataType":"mhhw","Coverage":"njvamab33_8301","ArchiveMember":"NJVAmab33_8301/NJVAmab33_8301_mhhw.gtx","MultiGrid":false,"DataSource":"vdatum","LastUpdate":"20260908092331"},"geometry":{"type":"Polygon","coordinates":[[[-75.72000000000003,36.744],[-73.58999999999997,36.744],[-73.58999999999997,39.364],[-75.72000000000003,39.364],[-75.72000000000003,36.744]]]}},{"type":"Feature","properties":{"Name":"VDatum_MHW","ID":"NJVAmab33_8301","Agency":"NOAA","DataLink":"https://vdatum.noaa.gov/download/data/NJVAmab33_8301.zip","DataType":"mhw","Coverage":"njvamab33_8301","ArchiveMember":"NJVAmab33_8301/NJVAmab33_8301_mhw.gtx","MultiGrid":false,"DataSource":"vdatum","LastUpdate":"20260908092331"},"geometry":{"type":"Polygon","coordinates":[[[-75.72000000000003,36.744],[-73.58999999999997,36.744],[-73.58999999999997,39.364],[-75.72000000000003,39.364],[-75.72000000000003,36.744]]]}},{"type":"Feature","properties":{"Name":"VDatum_MLLW","ID":"NJVAmab33_8301","Agency":"NOAA","DataLink":"https://vdatum.noaa.gov/download/data/NJVAmab33_8301.zip","DataType":"mllw","Coverage":"njvamab33_8301","ArchiveMember":"NJVAmab33_8301/NJVAmab33_8301_mllw.gtx","MultiGrid":false,"DataSource":"vdatum","LastUpdate":"20260908092331"},"geometry":{"type":"Polygon","coordinates":[[[-75.72000000000003,36.744],[-73.58999999999997,36.744],[-73.58999999999997,39.364],[-75.72000000000003,39.364],[-75.72000000000003,36.744]]]}},{"type":"Feature","properties":{"Name":"VDatum_MLW","ID":"NJVAmab33_8301","Agency":"NOAA","DataLink":"https://vdatum.noaa.gov/download/data/NJVAmab33_8301.zip","DataType":"mlw","Coverage":"njvamab33_8301","ArchiveMember":"NJVAmab33_8301/NJVAmab33_8301_mlw.gtx","MultiGrid":false,"DataSource":"vdatum","LastUpdate":"20260908092331"},"geometry":{"type":"Polygon","coordinates":[[[-75.72000000000003,36.744],[-73.58999999999997,36.744],[-73.58999999999997,39.364],[-75.72000000000003,39.364],[-75.72000000000003,36.744]]]}},{"type":"Feature","properties":{"Name":"VDatum_MTL","ID":"NJVAmab33_8301","Agency":"NOAA","DataLink":"https://vdatum.noaa.gov/download/data/NJVAmab33_8301.zip","DataType":"mtl","Coverage":"njvamab33_8301","ArchiveMember":"NJVAmab33_8301/NJVAmab33_8301_mtl.gtx","MultiGrid":false,"DataSource":"vdatum","LastUpdate":"20260908092331"},"geometry":{"type":"Polygon","coordinates":[[[-75.72000000000003,36.744],[-73.58999999999997,36.744],[-73.58999999999997,39.364],[-75.72000000000003,39.364],[-75.72000000000003,36.744]]]}},{"type":"Feature","properties":{"Name":"VDatum_TSS","ID":"NJVAmab33_8301","Agency":"NOAA","DataLink":"https://vdatum.noaa.gov/download/data/NJVAmab33_8301.zip","DataType":"tss","Coverage":"njvamab33_8301","ArchiveMember":"NJVAmab33_8301/NJVAmab33_8301_tss.gtx","MultiGrid":false,"DataSource":"vdatum","LastUpdate":"20260908092331"},"geometry":{"type":"Polygon","coordinates":[[[-75.72000000000003,36.744],[-73.58999999999997,36.744],[-73.58999999999997,39.364],[-75.72000000000003,39.364],[-75.72000000000003,36.744]]]}},{"type":"Feature","properties":{"Name":"VDatum_DTL","ID":"NJcstemb12_8301","Agency":"NOAA","DataLink":"https://vdatum.noaa.gov/download/data/NJcstemb12_8301.zip","DataType":"dtl","Coverage":"njcstemb12_8301","ArchiveMember":"vdatum/NJcstemb12_8301/dtl.gtx","MultiGrid":false,"DataSource":"vdatum","LastUpdate":"20260908092331"},"geometry":{"type":"Polygon","coordinates":[[[-74.93,38.92],[-74.04000000000002,38.92],[-74.04000000000002,40.07],[-74.93,40.07],[-74.93,38.92]]]}},{"type":"Feature","properties":{"Name":"VDatum_MHHW","ID":"NJcstemb12_8301","Agency":"NOAA","DataLink":"https://vdatum.noaa.gov/download/data/NJcstemb12_8301.zip","DataType":"mhhw","Coverage":"njcstemb12_8301","ArchiveMember":"vdatum/NJcstemb12_8301/mhhw.gtx","MultiGrid":false,"DataSource":"vdatum","LastUpdate":"20260908092331"},"geometry":{"type":"Polygon","coordinates":[[[-74.93,38.92],[-74.04000000000002,38.92],[-74.04000000000002,40.07],[-74.93,40.07],[-74.93,38.92]]]}},{"type":"Feature","properties":{"Name":"VDatum_MHW","ID":"NJcstemb12_8301","Agency":"NOAA","DataLink":"https://vdatum.noaa.gov/download/data/NJcstemb12_8301.zip","DataType":"mhw","Coverage":"njcstemb12_8301","ArchiveMember":"vdatum/NJcstemb12_8301/mhw.gtx","MultiGrid":false,"DataSource":"vdatum","LastUpdate":"20260908092331"},"geometry":{"type":"Polygon","coordinates":[[[-74.93,38.92],[-74.04000000000002,38.92],[-74.04000000000002,40.07],[-74.93,40.07],[-74.93,38.92]]]}},{"type":"Feature","properties":{"Name":"VDatum_MLLW","ID":"NJcstemb12_8301","Agency":"NOAA","DataLink":"https://vdatum.noaa.gov/download/data/NJcstemb12_8301.zip","DataType":"mllw","Coverage":"njcstemb12_8301","ArchiveMember":"vdatum/NJcstemb12_8301/mllw.gtx","MultiGrid":false,"DataSource":"vdatum","LastUpdate":"20260908092331"},"geometry":{"type":"Polygon","coordinates":[[[-74.93,38.92],[-74.04000000000002,38.92],[-74.04000000000002,40.07],[-74.93,40.07],[-74.93,38.92]]]}},{"type":"Feature","properties":{"Name":"VDatum_MLW","ID":"NJcstemb12_8301","Agency":"NOAA","DataLink":"https://vdatum.noaa.gov/download/data/NJcstemb12_8301.zip","DataType":"mlw","Coverage":"njcstemb12_8301","ArchiveMember":"vdatum/NJcstemb12_8301/mlw.gtx","MultiGrid":false,"DataSource":"vdatum","LastUpdate":"20260908092331"},"geometry":{"type":"Polygon","coordinates":[[[-74.93,38.92],[-74.04000000000002,38.92],[-74.04000000000002,40.07],[-74.93,40.07],[-74.93,38.92]]]}},{"type":"Feature","properties":{"Name":"VDatum_MTL","ID":"NJcstemb12_8301","Agency":"NOAA","DataLink":"https://vdatum.noaa.gov/download/data/NJcstemb12_8301.zip","DataType":"mtl","Coverage":"njcstemb12_8301","ArchiveMember":"vdatum/NJcstemb12_8301/mtl.gtx","MultiGrid":false,"DataSource":"vdatum","LastUpdate":"20260908092331"},"geometry":{"type":"Polygon","coordinates":[[[-74.93,38.92],[-74.04000000000002,38.92],[-74.04000000000002,40.07],[-74.93,40.07],[-74.93,38.92]]]}},{"type":"Feature","properties":{"Name":"VDatum_TSS","ID":"NJcstemb12_8301","Agency":"NOAA","DataLink":"https://vdatum.noaa.gov/download/data/NJcstemb12_8301.zip","DataType":"tss","Coverage":"njcstemb12_8301","ArchiveMember":"vdatum/NJcstemb12_8301/tss.gtx","MultiGrid":false,"DataSource":"vdatum","LastUpdate":"20260908092331"},"geometry":{"type":"Polygon","coordinates":[[[-74.93,38.92],[-74.04000000000002,38.92],[-74.04000000000002,40.07],[-74.93,40.07],[-74.93,38.92]]]}},{"type":"Feature","properties":{"Name":"VDatum_DTL","ID":"NJncstemb11_8301","Agency":"NOAA","DataLink":"https://vdatum.noaa.gov/download/data/NJncstemb11_8301.zip","DataType":"dtl","Coverage":"njncstemb11_8301","ArchiveMember":"vdatum/NJncstemb11_8301/dtl.gtx","MultiGrid":false,"DataSource":"vdatum","LastUpdate":"20260908092331"},"geometry":{"type":"Polygon","coordinates":[[[-74.57209999999998,39.2803],[-73.97210000000001,39.2803],[-73.97210000000001,40.9499],[-74.57209999999998,40.9499],[-74.57209999999998,39.2803]]]}},{"type":"Feature","properties":{"Name":"VDatum_MHHW","ID":"NJncstemb11_8301","Agency":"NOAA","DataLink":"https://vdatum.noaa.gov/download/data/NJncstemb11_8301.zip","DataType":"mhhw","Coverage":"njncstemb11_8301","ArchiveMember":"vdatum/NJncstemb11_8301/mhhw.gtx","MultiGrid":false,"DataSource":"vdatum","LastUpdate":"20260908092331"},"geometry":{"type":"Polygon","coordinates":[[[-74.57209999999998,39.2803],[-73.97210000000001,39.2803],[-73.97210000000001,40.9499],[-74.57209999999998,40.9499],[-74.57209999999998,39.2803]]]}},{"type":"Feature","properties":{"Name":"VDatum_MHW","ID":"NJncstemb11_8301","Agency":"NOAA","DataLink":"https://vdatum.noaa.gov/download/data/NJncstemb11_8301.zip","DataType":"mhw","Coverage":"njncstemb11_8301","ArchiveMember":"vdatum/NJncstemb11_8301/mhw.gtx","MultiGrid":false,"DataSource":"vdatum","LastUpdate":"20260908092331"},"geometry":{"type":"Polygon","coordinates":[[[-74.57209999999998,39.2803],[-73.97210000000001,39.2803],[-73.97210000000001,40.9499],[-74.57209999999998,40.9499],[-74.57209999999998,39.2803]]]}},{"type":"Feature","properties":{"Name":"VDatum_MLLW","ID":"NJncstemb11_8301","Agency":"NOAA","DataLink":"https://vdatum.noaa.gov/download/data/NJncstemb11_8301.zip","DataType":"mllw","Coverage":"njncstemb11_8301","ArchiveMember":"vdatum/NJncstemb11_8301/mllw.gtx","MultiGrid":false,"DataSource":"vdatum","LastUpdate":"20260908092331"},"geometry":{"type":"Polygon","coordinates":[[[-74.57209999999998,39.2803],[-73.97210000000001,39.2803],[-73.97210000000001,40.9499],[-74.57209999999998,40.9499],[-74.57209999999998,39.2803]]]}},{"type":"Feature","properties":{"Name":"VDatum_MLW","ID":"NJncstemb11_8301","Agency":"NOAA","DataLink":"https://vdatum.noaa.gov/download/data/NJncstemb11_8301.zip","DataType":"mlw","Coverage":"njncstemb11_8301","ArchiveMember":"vdatum/NJncstemb11_8301/mlw.gtx","MultiGrid":false,"DataSource":"vdatum","LastUpdate":"20260908092331"},"geometry":{"type":"Polygon","coordinates":[[[-74.57209999999998,39.2803],[-73.97210000000001,39.2803],[-73.97210000000001,40.9499],[-74.57209999999998,40.9499],[-74.57209999999998,39.2803]]]}},{"type":"Feature","properties":{"Name":"VDatum_MTL","ID":"NJncstemb11_8301","Agency":"NOAA","DataLink":"https://vdatum.noaa.gov/download/data/NJncstemb11_8301.zip","DataType":"mtl","Coverage":"njncstemb11_8301","ArchiveMember":"vdatum/NJncstemb11_8301/mtl.gtx","MultiGrid":false,"DataSource":"vdatum","LastUpdate":"20260908092331"},"geometry":{"type":"Polygon","coordinates":[[[-74.57209999999998,39.2803],[-73.97210000000001,39.2803],[-73.97210000000001,40.9499],[-74.57209999999998,40.9499],[-74.57209999999998,39.2803]]]}},{"type":"Feature","properties":{"Name":"VDatum_TSS","ID":"NJncstemb11_8301","Agency":"NOAA","DataLink":"https://vdatum.noaa.gov/download/data/NJncstemb11_8301.zip","DataType":"tss","Coverage":"njncstemb11_8301","ArchiveMember":"vdatum/NJncstemb11_8301/tss.gtx","MultiGrid":false,"DataSource":"vdatum","LastUpdate":"20260908092331"},"geometry":{"type":"Polygon","coordinates":[[[-74.57209999999998,39.2803],[-73.97210000000001,39.2803],[-73.97210000000001,40.9499],[-74.57209999999998,40.9499],[-74.57209999999998,39.2803]]]}},{"type":"Feature","properties":{"Name":"VDatum_DTL","ID":"NJncstemb12_8301","Agency":"NOAA","DataLink":"https://vdatum.noaa.gov/download/data/NJncstemb12_8301.zip","DataType":"dtl","Coverage":"njncstemb12_8301","ArchiveMember":"NJncstemb12_8301/NJncstemb12_8301_dtl.gtx","MultiGrid":false,"DataSource":"vdatum","LastUpdate":"20260908092331"},"geometry":{"type":"Polygon","coordinates":[[[-74.57209999999998,39.2803],[-73.97210000000001,39.2803],[-73.97210000000001,40.9499],[-74.57209999999998,40.9499],[-74.57209999999998,39.2803]]]}},{"type":"Feature","properties":{"Name":"VDatum_MHHW","ID":"NJncstemb12_8301","Agency":"NOAA","DataLink":"https://vdatum.noaa.gov/download/data/NJncstemb12_8301.zip","DataType":"mhhw","Coverage":"njncstemb12_8301","ArchiveMember":"NJncstemb12_8301/NJncstemb12_8301_mhhw.gtx","MultiGrid":false,"DataSource":"vdatum","LastUpdate":"20260908092331"},"geometry":{"type":"Polygon","coordinates":[[[-74.57209999999998,39.2803],[-73.97210000000001,39.2803],[-73.97210000000001,40.9499],[-74.57209999999998,40.9499],[-74.57209999999998,39.2803]]]}},{"type":"Feature","properties":{"Name":"VDatum_MHW","ID":"NJncstemb12_8301","Agency":"NOAA","DataLink":"https://vdatum.noaa.gov/download/data/NJncstemb12_8301.zip","DataType":"mhw","Coverage":"njncstemb12_8301","ArchiveMember":"NJncstemb12_8301/NJncstemb12_8301_mhw.gtx","MultiGrid":false,"DataSource":"vdatum","LastUpdate":"20260908092331"},"geometry":{"type":"Polygon","coordinates":[[[-74.57209999999998,39.2803],[-73.97210000000001,39.2803],[-73.97210000000001,40.9499],[-74.57209999999998,40.9499],[-74.57209999999998,39.2803]]]}},{"type":"Feature","properties":{"Name":"VDatum_MLLW","ID":"NJncstemb12_8301","Agency":"NOAA","DataLink":"https://vdatum.noaa.gov/download/data/NJncstemb12_8301.zip","DataType":"mllw","Coverage":"njncstemb12_8301","ArchiveMember":"NJncstemb12_8301/NJncstemb12_8301_mllw.gtx","MultiGrid":false,"DataSource":"vdatum","LastUpdate":"20260908092331"},"geometry":{"type":"Polygon","coordinates":[[[-74.57209999999998,39.2803],[-73.97210000000001,39.2803],[-73.97210000000001,40.9499],[-74.57209999999998,40.9499],[-74.57209999999998,39.2803]]]}},{"type":"Feature","properties":{"Name":"VDatum_MLW","ID":"NJncstemb12_8301","Agency":"NOAA","DataLink":"https://vdatum.noaa.gov/download/data/NJncstemb12_8301.zip","DataType":"mlw","Coverage":"njncstemb12_8301","ArchiveMember":"NJncstemb12_8301/NJncstemb12_8301_mlw.gtx","MultiGrid":false,"DataSource":"vdatum","LastUpdate":"20260908092331"},"geometry":{"type":"Polygon","coordinates":[[[-74.57209999999998,39.2803],[-73.97210000000001,39.2803],[-73.97210000000001,40.9499],[-74.57209999999998,40.9499],[-74.57209999999998,39.2803]]]}},{"type":"Feature","properties":{"Name":"VDatum_MTL","ID":"NJncstemb12_8301","Agency":"NOAA","DataLink":"https://vdatum.noaa.gov/download/data/NJncstemb12_8301.zip","DataType":"mtl","Coverage":"njncstemb12_8301","ArchiveMember":"NJncstemb12_8301/NJncstemb12_8301_mtl.gtx","MultiGrid":false,"DataSource":"vdatum","LastUpdate":"20260908092331"},"geometry":{"type":"Polygon","coordinates":[[[-74.57209999999998,39.2803],[-73.97210000000001,39.2803],[-73.97210000000001,40.9499],[-74.57209999999998,40.9499],[-74.57209999999998,39.2803]]]}},{"type":"Feature","properties":{"Name":"VDatum_TSS","ID":"NJncstemb12_8301","Agency":"NOAA","DataLink":"https://vdatum.noaa.gov/download/data/NJncstemb12_8301.zip","DataType":"tss","Coverage":"njncstemb12_8301","ArchiveMember":"NJncstemb12_8301/NJncstemb12_8301_tss.gtx","MultiGrid":false,"DataSource":"vdatum","LastUpdate":"20260908092331"},"geometry":{"type":"Polygon","coordinates":[[[-74.57209999999998,39.2803],[-73.97210000000001,39.2803],[-73.97210000000001,40.9499],[-74.57209999999998,40.9499],[-74.57209999999998,39.2803]]]}},{"type":"Feature","properties":{"Name":"VDatum_DTL","ID":"NJscstemb21_8301","Agency":"NOAA","DataLink":"https://vdatum.noaa.gov/download/data/NJscstemb21_8301.zip","DataType":"dtl","Coverage":"njscstemb21_8301","ArchiveMember":"vdatum/NJscstemb21_8301/dtl.gtx","MultiGrid":false,"DataSource":"vdatum","LastUpdate":"20260908092331"},"geometry":{"type":"Polygon","coordinates":[[[-74.93,38.92],[-74.36000000000001,38.92],[-74.36000000000001,39.462],[-74.93,39.462],[-74.93,38.92]]]}},{"type":"Feature","properties":{"Name":"VDatum_MHHW","ID":"NJscstemb21_8301","Agency":"NOAA","DataLink":"https://vdatum.noaa.gov/download/data/NJscstemb21_8301.zip","DataType":"mhhw","Coverage":"njscstemb21_8301","ArchiveMember":"vdatum/NJscstemb21_8301/mhhw.gtx","MultiGrid":false,"DataSource":"vdatum","LastUpdate":"20260908092331"},"geometry":{"type":"Polygon","coordinates":[[[-74.93,38.92],[-74.36000000000001,38.92],[-74.36000000000001,39.462],[-74.93,39.462],[-74.93,38.92]]]}},{"type":"Feature","properties":{"Name":"VDatum_MHW","ID":"NJscstemb21_8301","Agency":"NOAA","DataLink":"https://vdatum.noaa.gov/download/data/NJscstemb21_8301.zip","DataType":"mhw","Coverage":"njscstemb21_8301","ArchiveMember":"vdatum/NJscstemb21_8301/mhw.gtx","MultiGrid":false,"DataSource":"vdatum","LastUpdate":"20260908092331"},"geometry":{"type":"Polygon","coordinates":[[[-74.93,38.92],[-74.36000000000001,38.92],[-74.36000000000001,39.462],[-74.93,39.462],[-74.93,38.92]]]}},{"type":"Feature","properties":{"Name":"VDatum_MLLW","ID":"NJscstemb21_8301","Agency":"NOAA","DataLink":"https://vdatum.noaa.gov/download/data/NJscstemb21_8301.zip","DataType":"mllw","Coverage":"njscstemb21_8301","ArchiveMember":"vdatum/NJscstemb21_8301/mllw.gtx","MultiGrid":false,"DataSource":"vdatum","LastUpdate":"20260908092331"},"geometry":{"type":"Polygon","coordinates":[[[-74.93,38.92],[-74.36000000000001,38.92],[-74.36000000000001,39.462],[-74.93,39.462],[-74.93,38.92]]]}},{"type":"Feature","properties":{"Name":"VDatum_MLW","ID":"NJscstemb21_8301","Agency":"NOAA","DataLink":"https://vdatum.noaa.gov/download/data/NJscstemb21_8301.zip","DataType":"mlw","Coverage":"njscstemb21_8301","ArchiveMember":"vdatum/NJscstemb21_8301/mlw.gtx","MultiGrid":false,"DataSource":"vdatum","LastUpdate":"20260908092331"},"geometry":{"type":"Polygon","coordinates":[[[-74.93,38.92],[-74.36000000000001,38.92],[-74.36000000000001,39.462],[-74.93,39.462],[-74.93,38.92]]]}},{"type":"Feature","properties":{"Name":"VDatum_MTL","ID":"NJscstemb21_8301","Agency":"NOAA","DataLink":"https://vdatum.noaa.gov/download/data/NJscstemb21_8301.zip","DataType":"mtl","Coverage":"njscstemb21_8301","ArchiveMember":"vdatum/NJscstemb21_8301/mtl.gtx","MultiGrid":false,"DataSource":"vdatum","LastUpdate":"20260908092331"},"geometry":{"type":"Polygon","coordinates":[[[-74.93,38.92],[-74.36000000000001,38.92],[-74.36000000000001,39.462],[-74.93,39.462],[-74.93,38.92]]]}},{"type":"Feature","properties":{"Name":"VDatum_TSS","ID":"NJscstemb21_8301","Agency":"NOAA","DataLink":"https://vdatum.noaa.gov/download/data/NJscstemb21_8301.zip","DataType":"tss","Coverage":"njscstemb21_8301","ArchiveMember":"vdatum/NJscstemb21_8301/tss.gtx","MultiGrid":false,"DataSource":"vdatum","LastUpdate":"20260908092331"},"geometry":{"type":"Polygon","coordinates":[[[-74.93,38.92],[-74.36000000000001,38.92],[-74.36000000000001,39.462],[-74.93,39.462],[-74.93,38.92]]]}},{"type":"Feature","properties":{"Name":"VDatum_DTL","ID":"NJscstemb32_8301","Agency":"NOAA","DataLink":"https://vdatum.noaa.gov/download/data/NJscstemb32_8301.zip","DataType":"dtl","Coverage":"njscstemb32_8301","ArchiveMember":"NJscstemb32_8301/NJscstemb32_8301_dtl.gtx","MultiGrid":false,"DataSource":"vdatum","LastUpdate":"20260908092331"},"geometry":{"type":"Polygon","coordinates":[[[-74.92200000000003,38.898],[-74.35849999999999,38.898],[-74.35849999999999,39.467],[-74.92200000000003,39.467],[-74.92200000000003,38.898]]]}},{"type":"Feature","properties":{"Name":"VDatum_MHHW","ID":"NJscstemb32_8301","Agency":"NOAA","DataLink":"https://vdatum.noaa.gov/download/data/NJscstemb32_8301.zip","DataType":"mhhw","Coverage":"njscstemb32_8301","ArchiveMember":"NJscstemb32_8301/NJscstemb32_8301_mhhw.gtx","MultiGrid":false,"DataSource":"vdatum","LastUpdate":"20260908092331"},"geometry":{"type":"Polygon","coordinates":[[[-74.92200000000003,38.898],[-74.35849999999999,38.898],[-74.35849999999999,39.467],[-74.92200000000003,39.467],[-74.92200000000003,38.898]]]}},{"type":"Feature","properties":{"Name":"VDatum_MHW","ID":"NJscstemb32_8301","Agency":"NOAA","DataLink":"https://vdatum.noaa.gov/download/data/NJscstemb32_8301.zip","DataType":"mhw","Coverage":"njscstemb32_8301","ArchiveMember":"NJscstemb32_8301/NJscstemb32_8301_mhw.gtx","MultiGrid":false,"DataSource":"vdatum","LastUpdate":"20260908092331"},"geometry":{"type":"Polygon","coordinates":[[[-74.92200000000003,38.898],[-74.35849999999999,38.898],[-74.35849999999999,39.467],[-74.92200000000003,39.467],[-74.92200000000003,38.898]]]}},{"type":"Feature","properties":{"Name":"VDatum_MLLW","ID":"NJscstemb32_8301","Agency":"NOAA","DataLink":"https://vdatum.noaa.gov/download/data/NJscstemb32_8301.zip","DataType":"mllw","Coverage":"njscstemb32_8301","ArchiveMember":"NJscstemb32_8301/NJscstemb32_8301_mllw.gtx","MultiGrid":false,"DataSource":"vdatum","LastUpdate":"20260908092331"},"geometry":{"type":"Polygon","coordinates":[[[-74.92200000000003,38.898],[-74.35849999999999,38.898],[-74.35849999999999,39.467],[-74.92200000000003,39.467],[-74.92200000000003,38.898]]]}},{"type":"Feature","properties":{"Name":"VDatum_MLW","ID":"NJscstemb32_8301","Agency":"NOAA","DataLink":"https://vdatum.noaa.gov/download/data/NJscstemb32_8301.zip","DataType":"mlw","Coverage":"njscstemb32_8301","ArchiveMember":"NJscstemb32_8301/NJscstemb32_8301_mlw.gtx","MultiGrid":false,"DataSource":"vdatum","LastUpdate":"20260908092331"},"geometry":{"type":"Polygon","coordinates":[[[-74.92200000000003,38.898],[-74.35849999999999,38.898],[-74.35849999999999,39.467],[-74.92200000000003,39.467],[-74.92200000000003,38.898]]]}},{"type":"Feature","properties":{"Name":"VDatum_MTL","ID":"NJscstemb32_8301","Agency":"NOAA","DataLink":"https://vdatum.noaa.gov/download/data/NJscstemb32_8301.zip","DataType":"mtl","Coverage":"njscstemb32_8301","ArchiveMember":"NJscstemb32_8301/NJscstemb32_8301_mtl.gtx","MultiGrid":false,"DataSource":"vdatum","LastUpdate":"20260908092331"},"geometry":{"type":"Polygon","coordinates":[[[-74.92200000000003,38.898],[-74.35849999999999,38.898],[-74.35849999999999,39.467],[-74.92200000000003,39.467],[-74.92200000000003,38.898]]]}},{"type":"Feature","properties":{"Name":"VDatum_TSS","ID":"NJscstemb32_8301","Agency":"NOAA","DataLink":"https://vdatum.noaa.gov/download/data/NJscstemb32_8301.zip","DataType":"tss","Coverage":"njscstemb32_8301","ArchiveMember":"NJscstemb32_8301/NJscstemb32_8301_tss.gtx","MultiGrid":false,"DataSource":"vdatum","LastUpdate":"20260908092331"},"geometry":{"type":"Polygon","coordinates":[[[-74.92200000000003,38.898],[-74.35849999999999,38.898],[-74.35849999999999,39.467],[-74.92200000000003,39.467],[-74.92200000000003,38.898]]]}},{"type":"Feature","properties":{"Name":"VDatum_DTL","ID":"NYNJhbr22_8301","Agency":"NOAA","DataLink":"https://vdatum.noaa.gov/download/data/NYNJhbr22_8301.zip","DataType":"dtl","Coverage":"nynjhbr22_8301","ArchiveMember":"vdatum/NYNJhbr22_8301/dtl.gtx","MultiGrid":false,"DataSource":"vdatum","LastUpdate":"20260908092331"},"geometry":{"type":"Polygon","coordinates":[[[-74.36590000000001,39.3519],[-70.99990000000003,39.3519],[-70.99990000000003,42.0005],[-74.36590000000001,42.0005],[-74.36590000000001,39.3519]]]}},{"type":"Feature","properties":{"Name":"VDatum_MHHW","ID":"NYNJhbr22_8301","Agency":"NOAA","DataLink":"https://vdatum.noaa.gov/download/data/NYNJhbr22_8301.zip","DataType":"mhhw","Coverage":"nynjhbr22_8301","ArchiveMember":"vdatum/NYNJhbr22_8301/mhhw.gtx","MultiGrid":false,"DataSource":"vdatum","LastUpdate":"20260908092331"},"geometry":{"type":"Polygon","coordinates":[[[-74.36590000000001,39.3519],[-70.99990000000003,39.3519],[-70.99990000000003,42.0005],[-74.36590000000001,42.0005],[-74.36590000000001,39.3519]]]}},{"type":"Feature","properties":{"Name":"VDatum_MHW","ID":"NYNJhbr22_8301","Agency":"NOAA","DataLink":"https://vdatum.noaa.gov/download/data/NYNJhbr22_8301.zip","DataType":"mhw","Coverage":"nynjhbr22_8301","ArchiveMember":"vdatum/NYNJhbr22_8301/mhw.gtx","MultiGrid":false,"DataSource":"vdatum","LastUpdate":"20260908092331"},"geometry":{"type":"Polygon","coordinates":[[[-74.36590000000001,39.3519],[-70.99990000000003,39.3519],[-70.99990000000003,42.0005],[-74.36590000000001,42.0005],[-74.36590000000001,39.3519]]]}},{"type":"Feature","properties":{"Name":"VDatum_MLLW","ID":"NYNJhbr22_8301","Agency":"NOAA","DataLink":"https://vdatum.noaa.gov/download/data/NYNJhbr22_8301.zip","DataType":"mllw","Coverage":"nynjhbr22_8301","ArchiveMember":"vdatum/NYNJhbr22_8301/mllw.gtx","MultiGrid":false,"DataSource":"vdatum","LastUpdate":"20260908092331"},"geometry":{"type":"Polygon","coordinates":[[[-74.36590000000001,39.3519],[-70.99990000000003,39.3519],[-70.99990000000003,42.0005],[-74.36590000000001,42.0005],[-74.36590000000001,39.3519]]]}},{"type":"Feature","properties":{"Name":"VDatum_MLW","ID":"NYNJhbr22_8301","Agency":"NOAA","DataLink":"https://vdatum.noaa.gov/download/data/NYNJhbr22_8301.zip","DataType":"mlw","Coverage":"nynjhbr22_8301","ArchiveMember":"vdatum/NYNJhbr22_8301/mlw.gtx","MultiGrid":false,"DataSource":"vdatum","LastUpdate":"20260908092331"},"geometry":{"type":"Polygon","coordinates":[[[-74.36590000000001,39.3519],[-70.99990000000003,39.3519],[-70.99990000000003,42.0005],[-74.36590000000001,42.0005],[-74.36590000000001,39.3519]]]}},{"type":"Feature","properties":{"Name":"VDatum_MTL","ID":"NYNJhbr22_8301","Agency":"NOAA","DataLink":"https://vdatum.noaa.gov/download/data/NYNJhbr22_8301.zip","DataType":"mtl","Coverage":"nynjhbr22_8301","ArchiveMember":"vdatum/NYNJhbr22_8301/mtl.gtx","MultiGrid":false,"DataSource":"vdatum","LastUpdate":"20260908092331"},"geometry":{"type":"Polygon","coordinates":[[[-74.36590000000001,39.3519],[-70.99990000000003,39.3519],[-70.99990000000003,42.0005],[-74.36590000000001,42.0005],[-74.36590000000001,39.3519]]]}},{"type":"Feature","properties":{"Name":"VDatum_TSS","ID":"NYNJhbr22_8301","Agency":"NOAA","DataLink":"https://vdatum.noaa.gov/download/data/NYNJhbr22_8301.zip","DataType":"tss","Coverage":"nynjhbr22_8301","ArchiveMember":"vdatum/NYNJhbr22_8301/tss.gtx","MultiGrid":false,"DataSource":"vdatum","LastUpdate":"20260908092331"},"geometry":{"type":"Polygon","coordinates":[[[-74.36590000000001,39.3519],[-70.99990000000003,39.3519],[-70.99990000000003,42.0005],[-74.36590000000001,42.0005],[-74.36590000000001,39.3519]]]}},{"type":"Feature","properties":{"Name":"VDatum_DTL","ID":"NYNJhbr33_8301","Agency":"NOAA","DataLink":"https://vdatum.noaa.gov/download/data/NYNJhbr33_8301.zip","DataType":"dtl","Coverage":"nynjhbr33_8301","ArchiveMember":"vdatum/NYNJhbr33_8301/dtl.gtx","MultiGrid":false,"DataSource":"vdatum","LastUpdate":"20260908092331"},"geometry":{"type":"Polygon","coordinates":[[[-74.57209999999998,39.2803],[-73.50229999999999,39.2803],[-73.50229999999999,42.7663],[-74.57209999999998,42.7663],[-74.57209999999998,39.2803]]]}},{"type":"Feature","properties":{"Name":"VDatum_MHHW","ID":"NYNJhbr33_8301","Agency":"NOAA","DataLink":"https://vdatum.noaa.gov/download/data/NYNJhbr33_8301.zip","DataType":"mhhw","Coverage":"nynjhbr33_8301","ArchiveMember":"vdatum/NYNJhbr33_8301/mhhw.gtx","MultiGrid":false,"DataSource":"vdatum","LastUpdate":"20260908092331"},"geometry":{"type":"Polygon","coordinates":[[[-74.57209999999998,39.2803],[-73.50229999999999,39.2803],[-73.50229999999999,42.7663],[-74.57209999999998,42.7663],[-74.57209999999998,39.2803]]]}},{"type":"Feature","properties":{"Name":"VDatum_MHW","ID":"NYNJhbr33_8301","Agency":"NOAA","DataLink":"https://vdatum.noaa.gov/download/data/NYNJhbr33_8301.zip","DataType":"mhw","Coverage":"nynjhbr33_8301","ArchiveMember":"vdatum/NYNJhbr33_8301/mhw.gtx","MultiGrid":false,"DataSource":"vdatum","LastUpdate":"20260908092331"},"geometry":{"type":"Polygon","coordinates":[[[-74.57209999999998,39.2803],[-73.50229999999999,39.2803],[-73.50229999999999,42.7663],[-74.57209999999998,42.7663],[-74.57209999999998,39.2803]]]}},{"type":"Feature","properties":{"Name":"VDatum_MLLW","ID":"NYNJhbr33_8301","Agency":"NOAA","DataLink":"https://vdatum.noaa.gov/download/data/NYNJhbr33_8301.zip","DataType":"mllw","Coverage":"nynjhbr33_8301","ArchiveMember":"vdatum/NYNJhbr33_8301/mllw.gtx","MultiGrid":false,"DataSource":"vdatum","LastUpdate":"20260908092331"},"geometry":{"type":"Polygon","coordinates":[[[-74.57209999999998,39.2803],[-73.50229999999999,39.2803],[-73.50229999999999,42.7663],[-74.57209999999998,42.7663],[-74.57209999999998,39.2803]]]}},{"type":"Feature","properties":{"Name":"VDatum_MLW","ID":"NYNJhbr33_8301","Agency":"NOAA","DataLink":"https://vdatum.noaa.gov/download/data/NYNJhbr33_8301.zip","DataType":"mlw","Coverage":"nynjhbr33_8301","ArchiveMember":"vdatum/NYNJhbr33_8301/mlw.gtx","MultiGrid":false,"DataSource":"vdatum","LastUpdate":"20260908092331"},"geometry":{"type":"Polygon","coordinates":[[[-74.57209999999998,39.2803],[-73.50229999999999,39.2803],[-73.50229999999999,42.7663],[-74.57209999999998,42.7663],[-74.57209999999998,39.2803]]]}},{"type":"Feature","properties":{"Name":"VDatum_MTL","ID":"NYNJhbr33_8301","Agency":"NOAA","DataLink":"https://vdatum.noaa.gov/download/data/NYNJhbr33_8301.zip","DataType":"mtl","Coverage":"nynjhbr33_8301","ArchiveMember":"vdatum/NYNJhbr33_8301/mtl.gtx","MultiGrid":false,"DataSource":"vdatum","LastUpdate":"20260908092331"},"geometry":{"type":"Polygon","coordinates":[[[-74.57209999999998,39.2803],[-73.50229999999999,39.2803],[-73.50229999999999,42.7663],[-74.57209999999998,42.7663],[-74.57209999999998,39.2803]]]}},{"type":"Feature","properties":{"Name":"VDatum_TSS","ID":"NYNJhbr33_8301","Agency":"NOAA","DataLink":"https://vdatum.noaa.gov/download/data/NYNJhbr33_8301.zip","DataType":"tss","Coverage":"nynjhbr33_8301","ArchiveMember":"vdatum/NYNJhbr33_8301/tss.gtx","MultiGrid":false,"DataSource":"vdatum","LastUpdate":"20260908092331"},"geometry":{"type":"Polygon","coordinates":[[[-74.57209999999998,39.2803],[-73.50229999999999,39.2803],[-73.50229999999999,42.7663],[-74.57209999999998,42.7663],[-74.57209999999998,39.2803]]]}},{"type":"Feature","properties":{"Name":"VDatum_DTL","ID":"NYNJhbr34_8301","Agency":"NOAA","DataLink":"https://vdatum.noaa.gov/download/data/NYNJhbr34_8301.zip","DataType":"dtl","Coverage":"nynjhbr34_8301","ArchiveMember":"NYNJhbr34_8301/NYNJhbr34_8301_dtl.gtx","MultiGrid":false,"DataSource":"vdatum","LastUpdate":"20260908092331"},"geometry":{"type":"Polygon","coordinates":[[[-74.57209999999998,39.2803],[-73.50229999999999,39.2803],[-73.50229999999999,42.7663],[-74.57209999999998,42.7663],[-74.57209999999998,39.2803]]]}},{"type":"Feature","properties":{"Name":"VDatum_MHHW","ID":"NYNJhbr34_8301","Agency":"NOAA","DataLink":"https://vdatum.noaa.gov/download/data/NYNJhbr34_8301.zip","DataType":"mhhw","Coverage":"nynjhbr34_8301","ArchiveMember":"NYNJhbr34_8301/NYNJhbr34_8301_mhhw.gtx","MultiGrid":false,"DataSource":"vdatum","LastUpdate":"20260908092331"},"geometry":{"type":"Polygon","coordinates":[[[-74.57209999999998,39.2803],[-73.50229999999999,39.2803],[-73.50229999999999,42.7663],[-74.57209999999998,42.7663],[-74.57209999999998,39.2803]]]}},{"type":"Feature","properties":{"Name":"VDatum_MHW","ID":"NYNJhbr34_8301","Agency":"NOAA","DataLink":"https://vdatum.noaa.gov/download/data/NYNJhbr34_8301.zip","DataType":"mhw","Coverage":"nynjhbr34_8301","ArchiveMember":"NYNJhbr34_8301/NYNJhbr34_8301_mhw.gtx","MultiGrid":false,"DataSource":"vdatum","LastUpdate":"20260908092331"},"geometry":{"type":"Polygon","coordinates":[[[-74.57209999999998,39.2803],[-73.50229999999999,39.2803],[-73.50229999999999,42.7663],[-74.57209999999998,42.7663],[-74.57209999999998,39.2803]]]}},{"type":"Feature","properties":{"Name":"VDatum_MLLW","ID":"NYNJhbr34_8301","Agency":"NOAA","DataLink":"https://vdatum.noaa.gov/download/data/NYNJhbr34_8301.zip","DataType":"mllw","Coverage":"nynjhbr34_8301","ArchiveMember":"NYNJhbr34_8301/NYNJhbr34_8301_mllw.gtx","MultiGrid":false,"DataSource":"vdatum","LastUpdate":"20260908092331"},"geometry":{"type":"Polygon","coordinates":[[[-74.57209999999998,39.2803],[-73.50229999999999,39.2803],[-73.50229999999999,42.7663],[-74.57209999999998,42.7663],[-74.57209999999998,39.2803]]]}},{"type":"Feature","properties":{"Name":"VDatum_MLW","ID":"NYNJhbr34_8301","Agency":"NOAA","DataLink":"https://vdatum.noaa.gov/download/data/NYNJhbr34_8301.zip","DataType":"mlw","Coverage":"nynjhbr34_8301","ArchiveMember":"NYNJhbr34_8301/NYNJhbr34_8301_mlw.gtx","MultiGrid":false,"DataSource":"vdatum","LastUpdate":"20260908092331"},"geometry":{"type":"Polygon","coordinates":[[[-74.57209999999998,39.2803],[-73.50229999999999,39.2803],[-73.50229999999999,42.7663],[-74.57209999999998,42.7663],[-74.57209999999998,39.2803]]]}},{"type":"Feature","properties":{"Name":"VDatum_MTL","ID":"NYNJhbr34_8301","Agency":"NOAA","DataLink":"https://vdatum.noaa.gov/download/data/NYNJhbr34_8301.zip","DataType":"mtl","Coverage":"nynjhbr34_8301","ArchiveMember":"NYNJhbr34_8301/NYNJhbr34_8301_mtl.gtx","MultiGrid":false,"DataSource":"vdatum","LastUpdate":"20260908092331"},"geometry":{"type":"Polygon","coordinates":[[[-74.57209999999998,39.2803],[-73.50229999999999,39.2803],[-73.50229999999999,42.7663],[-74.57209999999998,42.7663],[-74.57209999999998,39.2803]]]}},{"type":"Feature","properties":{"Name":"VDatum_TSS","ID":"NYNJhbr34_8301","Agency":"NOAA","DataLink":"https://vdatum.noaa.gov/download/data/NYNJhbr34_8301.zip","DataType":"tss","Coverage":"nynjhbr34_8301","ArchiveMember":"NYNJhbr34_8301/NYNJhbr34_8301_tss.gtx","MultiGrid":false,"DataSource":"vdatum","LastUpdate":"20260908092331"},"geometry":{"type":"Polygon","coordinates":[[[-74.57209999999998,39.2803],[-73.50229999999999,39.2803],[-73.50229999999999,42.7663],[-74.57209999999998,42.7663],[-74.57209999999998,39.2803]]]}},{"type":"Feature","properties":{"Name":"VDatum_DTL","ID":"NYgr8bay22_8301","Agency":"NOAA","DataLink":"https://vdatum.noaa.gov/download/data/NYgr8bay22_8301.zip","DataType":"dtl","Coverage":"nygr8bay22_8301","ArchiveMember":"vdatum/NYgr8bay22_8301/dtl.gtx","MultiGrid":false,"DataSource":"vdatum","LastUpdate":"20260908092331"},"geometry":{"type":"Polygon","coordinates":[[[-74.36590000000001,39.3519],[-72.38999999999999,39.3519],[-72.38999999999999,40.91],[-74.36590000000001,40.91],[-74.36590000000001,39.3519]]]}},{"type":"Feature","properties":{"Name":"VDatum_MHHW","ID":"NYgr8bay22_8301","Agency":"NOAA","DataLink":"https://vdatum.noaa.gov/download/data/NYgr8bay22_8301.zip","DataType":"mhhw","Coverage":"nygr8bay22_8301","ArchiveMember":"vdatum/NYgr8bay22_8301/mhhw.gtx","MultiGrid":false,"DataSource":"vdatum","LastUpdate":"20260908092331"},"geometry":{"type":"Polygon","coordinates":[[[-74.36590000000001,39.3519],[-72.38999999999999,39.3519],[-72.38999999999999,40.91],[-74.36590000000001,40.91],[-74.36590000000001,39.3519]]]}},{"type":"Feature","properties":{"Name":"VDatum_MHW","ID":"NYgr8bay22_8301","Agency":"NOAA","DataLink":"https://vdatum.noaa.gov/download/data/NYgr8bay22_8301.zip","DataType":"mhw","Coverage":"nygr8bay22_8301","ArchiveMember":"vdatum/NYgr8bay22_8301/mhw.gtx","MultiGrid":false,"DataSource":"vdatum","LastUpdate":"20260908092331"},"geometry":{"type":"Polygon","coordinates":[[[-74.36590000000001,39.3519],[-72.38999999999999,39.3519],[-72.38999999999999,40.91],[-74.36590000000001,40.91],[-74.36590000000001,39.3519]]]}},{"type":"Feature","properties":{"Name":"VDatum_MLLW","ID":"NYgr8bay22_8301","Agency":"NOAA","DataLink":"https://vdatum.noaa.gov/download/data/NYgr8bay22_8301.zip","DataType":"mllw","Coverage":"nygr8bay22_8301","ArchiveMember":"vdatum/NYgr8bay22_8301/mllw.gtx","MultiGrid":false,"DataSource":"vdatum","LastUpdate":"20260908092331"},"geometry":{"type":"Polygon","coordinates":[[[-74.36590000000001,39.3519],[-72.38999999999999,39.3519],[-72.38999999999999,40.91],[-74.36590000000001,40.91],[-74.36590000000001,39.3519]]]}},{"type":"Feature","properties":{"Name":"VDatum_MLW","ID":"NYgr8bay22_8301","Agency":"NOAA","DataLink":"https://vdatum.noaa.gov/download/data/NYgr8bay22_8301.zip","DataType":"mlw","Coverage":"nygr8bay22_8301","ArchiveMember":"vdatum/NYgr8bay22_8301/mlw.gtx","MultiGrid":false,"DataSource":"vdatum","LastUpdate":"20260908092331"},"geometry":{"type":"Polygon","coordinates":[[[-74.36590000000001,39.3519],[-72.38999999999999,39.3519],[-72.38999999999999,40.91],[-74.36590000000001,40.91],[-74.36590000000001,39.3519]]]}},{"type":"Feature","properties":{"Name":"VDatum_MTL","ID":"NYgr8bay22_8301","Agency":"NOAA","DataLink":"https://vdatum.noaa.gov/download/data/NYgr8bay22_8301.zip","DataType":"mtl","Coverage":"nygr8bay22_8301","ArchiveMember":"vdatum/NYgr8bay22_8301/mtl.gtx","MultiGrid":false,"DataSource":"vdatum","LastUpdate":"20260908092331"},"geometry":{"type":"Polygon","coordinates":[[[-74.36590000000001,39.3519],[-72.38999999999999,39.3519],[-72.38999999999999,40.91],[-74.36590000000001,40.91],[-74.36590000000001,39.3519]]]}},{"type":"Feature","properties":{"Name":"VDatum_TSS","ID":"NYgr8bay22_8301","Agency":"NOAA","DataLink":"https://vdatum.noaa.gov/download/data/NYgr8bay22_8301.zip","DataType":"tss","Coverage":"nygr8bay22_8301","ArchiveMember":"vdatum/NYgr8bay22_8301/tss.gtx","MultiGrid":false,"DataSource":"vdatum","LastUpdate":"20260908092331"},"geometry":{"type":"Polygon","coordinates":[[[-74.36590000000001,39.3519],[-72.38999999999999,39.3519],[-72.38999999999999,40.91],[-74.36590000000001,40.91],[-74.36590000000001,39.3519]]]}},{"type":"Feature","properties":{"Name":"VDatum_DTL","ID":"NYgr8bay33_8301","Agency":"NOAA","DataLink":"https://vdatum.noaa.gov/download/data/NYgr8bay33_8301.zip","DataType":"dtl","Coverage":"nygr8bay33_8301","ArchiveMember":"vdatum/NYgr8bay33_8301/dtl.gtx","MultiGrid":false,"DataSource":"vdatum","LastUpdate":"20260908092331"},"geometry":{"type":"Polygon","coordinates":[[[-74.57209999999998,39.2803],[-72.40550000000002,39.2803],[-72.40550000000002,40.9013],[-74.57209999999998,40.9013],[-74.57209999999998,39.2803]]]}},{"type":"Feature","properties":{"Name":"VDatum_MHHW","ID":"NYgr8bay33_8301","Agency":"NOAA","DataLink":"https://vdatum.noaa.gov/download/data/NYgr8bay33_8301.zip","DataType":"mhhw","Coverage":"nygr8bay33_8301","ArchiveMember":"vdatum/NYgr8bay33_8301/mhhw.gtx","MultiGrid":false,"DataSource":"vdatum","LastUpdate":"20260908092331"},"geometry":{"type":"Polygon","coordinates":[[[-74.57209999999998,39.2803],[-72.40550000000002,39.2803],[-72.40550000000002,40.9013],[-74.57209999999998,40.9013],[-74.57209999999998,39.2803]]]}},{"type":"Feature","properties":{"Name":"VDatum_MHW","ID":"NYgr8bay33_8301","Agency":"NOAA","DataLink":"https://vdatum.noaa.gov/download/data/NYgr8bay33_8301.zip","DataType":"mhw","Coverage":"nygr8bay33_8301","ArchiveMember":"vdatum/NYgr8bay33_8301/mhw.gtx","MultiGrid":false,"DataSource":"vdatum","LastUpdate":"20260908092331"},"geometry":{"type":"Polygon","coordinates":[[[-74.57209999999998,39.2803],[-72.40550000000002,39.2803],[-72.40550000000002,40.9013],[-74.57209999999998,40.9013],[-74.57209999999998,39.2803]]]}},{"type":"Feature","properties":{"Name":"VDatum_MLLW","ID":"NYgr8bay33_8301","Agency":"NOAA","DataLink":"https://vdatum.noaa.gov/download/data/NYgr8bay33_8301.zip","DataType":"mllw","Coverage":"nygr8bay33_8301","ArchiveMember":"vdatum/NYgr8bay33_8301/mllw.gtx","MultiGrid":false,"DataSource":"vdatum","LastUpdate":"20260908092331"},"geometry":{"type":"Polygon","coordinates":[[[-74.57209999999998,39.2803],[-72.40550000000002,39.2803],[-72.40550000000002,40.9013],[-74.57209999999998,40.9013],[-74.57209999999998,39.2803]]]}},{"type":"Feature","properties":{"Name":"VDatum_MLW","ID":"NYgr8bay33_8301","Agency":"NOAA","DataLink":"https://vdatum.noaa.gov/download/data/NYgr8bay33_8301.zip","DataType":"mlw","Coverage":"nygr8bay33_8301","ArchiveMember":"vdatum/NYgr8bay33_8301/mlw.gtx","MultiGrid":false,"DataSource":"vdatum","LastUpdate":"20260908092331"},"geometry":{"type":"Polygon","coordinates":[[[-74.57209999999998,39.2803],[-72.40550000000002,39.2803],[-72.40550000000002,40.9013],[-74.57209999999998,40.9013],[-74.57209999999998,39.2803]]]}},{"type":"Feature","properties":{"Name":"VDatum_MTL","ID":"NYgr8bay33_8301","Agency":"NOAA","DataLink":"https://vdatum.noaa.gov/download/data/NYgr8bay33_8301.zip","DataType":"mtl","Coverage":"nygr8bay33_8301","ArchiveMember":"vdatum/NYgr8bay33_8301/mtl.gtx","MultiGrid":false,"DataSource":"vdatum","LastUpdate":"20260908092331"},"geometry":{"type":"Polygon","coordinates":[[[-74.57209999999998,39.2803],[-72.40550000000002,39.2803],[-72.40550000000002,40.9013],[-74.57209999999998,40.9013],[-74.57209999999998,39.2803]]]}},{"type":"Feature","properties":{"Name":"VDatum_TSS","ID":"NYgr8bay33_8301","Agency":"NOAA","DataLink":"https://vdatum.noaa.gov/download/data/NYgr8bay33_8301.zip","DataType":"tss","Coverage":"nygr8bay33_8301","ArchiveMember":"vdatum/NYgr8bay33_8301/tss.gtx","MultiGrid":false,"DataSource":"vdatum","LastUpdate":"20260908092331"},"geometry":{"type":"Polygon","coordinates":[[[-74.57209999999998,39.2803],[-72.40550000000002,39.2803],[-72.40550000000002,40.9013],[-74.57209999999998,40.9013],[-74.57209999999998,39.2803]]]}},{"type":"Feature","properties":{"Name":"VDatum_DTL","ID":"NYgr8bay34_8301","Agency":"NOAA","DataLink":"https://vdatum.noaa.gov/download/data/NYgr8bay34_8301.zip","DataType":"dtl","Coverage":"nygr8bay34_8301","ArchiveMember":"NYgr8bay34_8301/NYgr8bay34_8301_dtl.gtx","MultiGrid":false,"DataSource":"vdatum","LastUpdate":"20260908092331"},"geometry":{"type":"Polygon","coordinates":[[[-74.57209999999998,39.2803],[-72.40550000000002,39.2803],[-72.40550000000002,40.9013],[-74.57209999999998,40.9013],[-74.57209999999998,39.2803]]]}},{"type":"Feature","properties":{"Name":"VDatum_MHHW","ID":"NYgr8bay34_8301","Agency":"NOAA","DataLink":"https://vdatum.noaa.gov/download/data/NYgr8bay34_8301.zip","DataType":"mhhw","Coverage":"nygr8bay34_8301","ArchiveMember":"NYgr8bay34_8301/NYgr8bay34_8301_mhhw.gtx","MultiGrid":false,"DataSource":"vdatum","LastUpdate":"20260908092331"},"geometry":{"type":"Polygon","coordinates":[[[-74.57209999999998,39.2803],[-72.40550000000002,39.2803],[-72.40550000000002,40.9013],[-74.57209999999998,40.9013],[-74.57209999999998,39.2803]]]}},{"type":"Feature","properties":{"Name":"VDatum_MHW","ID":"NYgr8bay34_8301","Agency":"NOAA","DataLink":"https://vdatum.noaa.gov/download/data/NYgr8bay34_8301.zip","DataType":"mhw","Coverage":"nygr8bay34_8301","ArchiveMember":"NYgr8bay34_8301/NYgr8bay34_8301_mhw.gtx","MultiGrid":false,"DataSource":"vdatum","LastUpdate":"20260908092331"},"geometry":{"type":"Polygon","coordinates":[[[-74.57209999999998,39.2803],[-72.40550000000002,39.2803],[-72.40550000000002,40.9013],[-74.57209999999998,40.9013],[-74.57209999999998,39.2803]]]}},{"type":"Feature","properties":{"Name":"VDatum_MLLW","ID":"NYgr8bay34_8301","Agency":"NOAA","DataLink":"https://vdatum.noaa.gov/download/data/NYgr8bay34_8301.zip","DataType":"mllw","Coverage":"nygr8bay34_8301","ArchiveMember":"NYgr8bay34_8301/NYgr8bay34_8301_mllw.gtx","MultiGrid":false,"DataSource":"vdatum","LastUpdate":"20260908092331"},"geometry":{"type":"Polygon","coordinates":[[[-74.57209999999998,39.2803],[-72.40550000000002,39.2803],[-72.40550000000002,40.9013],[-74.57209999999998,40.9013],[-74.57209999999998,39.2803]]]}},{"type":"Feature","properties":{"Name":"VDatum_MLW","ID":"NYgr8bay34_8301","Agency":"NOAA","DataLink":"https://vdatum.noaa.gov/download/data/NYgr8bay34_8301.zip","DataType":"mlw","Coverage":"nygr8bay34_8301","ArchiveMember":"NYgr8bay34_8301/NYgr8bay34_8301_mlw.gtx","MultiGrid":false,"DataSource":"vdatum","LastUpdate":"20260908092331"},"geometry":{"type":"Polygon","coordinates":[[[-74.57209999999998,39.2803],[-72.40550000000002,39.2803],[-72.40550000000002,40.9013],[-74.57209999999998,40.9013],[-74.57209999999998,39.2803]]]}},{"type":"Feature","properties":{"Name":"VDatum_MTL","ID":"NYgr8bay34_8301","Agency":"NOAA","DataLink":"https://vdatum.noaa.gov/download/data/NYgr8bay34_8301.zip","DataType":"mtl","Coverage":"nygr8bay34_8301","ArchiveMember":"NYgr8bay34_8301/NYgr8bay34_8301_mtl.gtx","MultiGrid":false,"DataSource":"vdatum","LastUpdate":"20260908092331"},"geometry":{"type":"Polygon","coordinates":[[[-74.57209999999998,39.2803],[-72.40550000000002,39.2803],[-72.40550000000002,40.9013],[-74.57209999999998,40.9013],[-74.57209999999998,39.2803]]]}},{"type":"Feature","properties":{"Name":"VDatum_TSS","ID":"NYgr8bay34_8301","Agency":"NOAA","DataLink":"https://vdatum.noaa.gov/download/data/NYgr8bay34_8301.zip","DataType":"tss","Coverage":"nygr8bay34_8301","ArchiveMember":"NYgr8bay34_8301/NYgr8bay34_8301_tss.gtx","MultiGrid":false,"DataSource":"vdatum","LastUpdate":"20260908092331"},"geometry":{"type":"Polygon","coordinates":[[[-74.57209999999998,39.2803],[-72.40550000000002,39.2803],[-72.40550000000002,40.9013],[-74.57209999999998,40.9013],[-74.57209999999998,39.2803]]]}},{"type":"Feature","properties":{"Name":"VDatum_DTL","ID":"ORWAcolr01_8301","Agency":"NOAA","DataLink":"https://vdatum.noaa.gov/download/data/ORWAcolr01_8301.zip","DataType":"dtl","Coverage":"orwacolr01_8301","ArchiveMember":"vdatum/ORWAcolr01_8301/dtl.gtx","MultiGrid":false,"DataSource":"vdatum","LastUpdate":"20260908092331"},"geometry":{"type":"Polygon","coordinates":[[[-126.39999999999998,45.35],[-121.94,45.35],[-121.94,48.02],[-126.39999999999998,48.02],[-126.39999999999998,45.35]]]}},{"type":"Feature","properties":{"Name":"VDatum_MHHW","ID":"ORWAcolr01_8301","Agency":"NOAA","DataLink":"https://vdatum.noaa.gov/download/data/ORWAcolr01_8301.zip","DataType":"mhhw","Coverage":"orwacolr01_8301","ArchiveMember":"vdatum/ORWAcolr01_8301/mhhw.gtx","MultiGrid":false,"DataSource":"vdatum","LastUpdate":"20260908092331"},"geometry":{"type":"Polygon","coordinates":[[[-126.39999999999998,45.35],[-121.94,45.35],[-121.94,48.02],[-126.39999999999998,48.02],[-126.39999999999998,45.35]]]}},{"type":"Feature","properties":{"Name":"VDatum_MHW","ID":"ORWAcolr01_8301","Agency":"NOAA","DataLink":"https://vdatum.noaa.gov/download/data/ORWAcolr01_8301.zip","DataType":"mhw","Coverage":"orwacolr01_8301","ArchiveMember":"vdatum/ORWAcolr01_8301/mhw.gtx","MultiGrid":false,"DataSource":"vdatum","LastUpdate":"20260908092331"},"geometry":{"type":"Polygon","coordinates":[[[-126.39999999999998,45.35],[-121.94,45.35],[-121.94,48.02],[-126.39999999999998,48.02],[-126.39999999999998,45.35]]]}},{"type":"Feature","properties":{"Name":"VDatum_MLLW","ID":"ORWAcolr01_8301","Agency":"NOAA","DataLink":"https://vdatum.noaa.gov/download/data/ORWAcolr01_8301.zip","DataType":"mllw","Coverage":"orwacolr01_8301","ArchiveMember":"vdatum/ORWAcolr01_8301/mllw.gtx","MultiGrid":false,"DataSource":"vdatum","LastUpdate":"20260908092331"},"geometry":{"type":"Polygon","coordinates":[[[-126.39999999999998,45.35],[-121.94,45.35],[-121.94,48.02],[-126.39999999999998,48.02],[-126.39999999999998,45.35]]]}},{"type":"Feature","properties":{"Name":"VDatum_MLW","ID":"ORWAcolr01_8301","Agency":"NOAA","DataLink":"https://vdatum.noaa.gov/download/data/ORWAcolr01_8301.zip","DataType":"mlw","Coverage":"orwacolr01_8301","ArchiveMember":"vdatum/ORWAcolr01_8301/mlw.gtx","MultiGrid":false,"DataSource":"vdatum","LastUpdate":"20260908092331"},"geometry":{"type":"Polygon","coordinates":[[[-126.39999999999998,45.35],[-121.94,45.35],[-121.94,48.02],[-126.39999999999998,48.02],[-126.39999999999998,45.35]]]}},{"type":"Feature","properties":{"Name":"VDatum_MTL","ID":"ORWAcolr01_8301","Agency":"NOAA","DataLink":"https://vdatum.noaa.gov/download/data/ORWAcolr01_8301.zip","DataType":"mtl","Coverage":"orwacolr01_8301","ArchiveMember":"vdatum/ORWAcolr01_8301/mtl.gtx","MultiGrid":false,"DataSource":"vdatum","LastUpdate":"20260908092331"},"geometry":{"type":"Polygon","coordinates":[[[-126.39999999999998,45.35],[-121.94,45.35],[-121.94,48.02],[-126.39999999999998,48.02],[-126.39999999999998,45.35]]]}},{"type":"Feature","properties":{"Name":"VDatum_TSS","ID":"ORWAcolr01_8301","Agency":"NOAA","DataLink":"https://vdatum.noaa.gov/download/data/ORWAcolr01_8301.zip","DataType":"tss","Coverage":"orwacolr01_8301","ArchiveMember":"vdatum/ORWAcolr01_8301/tss.gtx","MultiGrid":false,"DataSource":"vdatum","LastUpdate":"20260908092331"},"geometry":{"type":"Polygon","coordinates":[[[-126.39999999999998,45.35],[-121.94,45.35],[-121.94,48.02],[-126.39999999999998,48.02],[-126.39999999999998,45.35]]]}},{"type":"Feature","properties":{"Name":"VDatum_DTL","ID":"ORcentr01_8301","Agency":"NOAA","DataLink":"https://vdatum.noaa.gov/download/data/ORcentr01_8301.zip","DataType":"dtl","Coverage":"orcentr01_8301","ArchiveMember":"vdatum/ORcentr01_8301/dtl.gtx","MultiGrid":false,"DataSource":"vdatum","LastUpdate":"20260908092331"},"geometry":{"type":"Polygon","coordinates":[[[-126.47000000000003,42.69],[-123.88,42.69],[-123.88,45.37],[-126.47000000000003,45.37],[-126.47000000000003,42.69]]]}},{"type":"Feature","properties":{"Name":"VDatum_MHHW","ID":"ORcentr01_8301","Agency":"NOAA","DataLink":"https://vdatum.noaa.gov/download/data/ORcentr01_8301.zip","DataType":"mhhw","Coverage":"orcentr01_8301","ArchiveMember":"vdatum/ORcentr01_8301/mhhw.gtx","MultiGrid":false,"DataSource":"vdatum","LastUpdate":"20260908092331"},"geometry":{"type":"Polygon","coordinates":[[[-126.47000000000003,42.69],[-123.88,42.69],[-123.88,45.37],[-126.47000000000003,45.37],[-126.47000000000003,42.69]]]}},{"type":"Feature","properties":{"Name":"VDatum_MHW","ID":"ORcentr01_8301","Agency":"NOAA","DataLink":"https://vdatum.noaa.gov/download/data/ORcentr01_8301.zip","DataType":"mhw","Coverage":"orcentr01_8301","ArchiveMember":"vdatum/ORcentr01_8301/mhw.gtx","MultiGrid":false,"DataSource":"vdatum","LastUpdate":"20260908092331"},"geometry":{"type":"Polygon","coordinates":[[[-126.47000000000003,42.69],[-123.88,42.69],[-123.88,45.37],[-126.47000000000003,45.37],[-126.47000000000003,42.69]]]}},{"type":"Feature","properties":{"Name":"VDatum_MLLW","ID":"ORcentr01_8301","Agency":"NOAA","DataLink":"https://vdatum.noaa.gov/download/data/ORcentr01_8301.zip","DataType":"mllw","Coverage":"orcentr01_8301","ArchiveMember":"vdatum/ORcentr01_8301/mllw.gtx","MultiGrid":false,"DataSource":"vdatum","LastUpdate":"20260908092331"},"geometry":{"type":"Polygon","coordinates":[[[-126.47000000000003,42.69],[-123.88,42.69],[-123.88,45.37],[-126.47000000000003,45.37],[-126.47000000000003,42.69]]]}},{"type":"Feature","properties":{"Name":"VDatum_MLW","ID":"ORcentr01_8301","Agency":"NOAA","DataLink":"https://vdatum.noaa.gov/download/data/ORcentr01_8301.zip","DataType":"mlw","Coverage":"orcentr01_8301","ArchiveMember":"vdatum/ORcentr01_8301/mlw.gtx","MultiGrid":false,"DataSource":"vdatum","LastUpdate":"20260908092331"},"geometry":{"type":"Polygon","coordinates":[[[-126.47000000000003,42.69],[-123.88,42.69],[-123.88,45.37],[-126.47000000000003,45.37],[-126.47000000000003,42.69]]]}},{"type":"Feature","properties":{"Name":"VDatum_MTL","ID":"ORcentr01_8301","Agency":"NOAA","DataLink":"https://vdatum.noaa.gov/download/data/ORcentr01_8301.zip","DataType":"mtl","Coverage":"orcentr01_8301","ArchiveMember":"vdatum/ORcentr01_8301/mtl.gtx","MultiGrid":false,"DataSource":"vdatum","LastUpdate":"20260908092331"},"geometry":{"type":"Polygon","coordinates":[[[-126.47000000000003,42.69],[-123.88,42.69],[-123.88,45.37],[-126.47000000000003,45.37],[-126.47000000000003,42.69]]]}},{"type":"Feature","properties":{"Name":"VDatum_TSS","ID":"ORcentr01_8301","Agency":"NOAA","DataLink":"https://vdatum.noaa.gov/download/data/ORcentr01_8301.zip","DataType":"tss","Coverage":"orcentr01_8301","ArchiveMember":"vdatum/ORcentr01_8301/tss.gtx","MultiGrid":false,"DataSource":"vdatum","LastUpdate":"20260908092331"},"geometry":{"type":"Polygon","coordinates":[[[-126.47000000000003,42.69],[-123.88,42.69],[-123.88,45.37],[-126.47000000000003,45.37],[-126.47000000000003,42.69]]]}},{"type":"Feature","properties":{"Name":"VDatum_DTL","ID":"ORcoain00_8301","Agency":"NOAA","DataLink":"https://vdatum.noaa.gov/download/data/ORcoain00_8301.zip","DataType":"dtl","Coverage":"orcoain00_8301","ArchiveMember":"ORcoain00_8301/ORcoain00_8301_dtl.gtx","MultiGrid":false,"DataSource":"vdatum","LastUpdate":"20260908092331"},"geometry":{"type":"Polygon","coordinates":[[[-124.4291,40.568199],[-123.9341,40.568199],[-123.9341,43.502199],[-124.4291,43.502199],[-124.4291,40.568199]]]}},{"type":"Feature","properties":{"Name":"VDatum_MHHW","ID":"ORcoain00_8301","Agency":"NOAA","DataLink":"https://vdatum.noaa.gov/download/data/ORcoain00_8301.zip","DataType":"mhhw","Coverage":"orcoain00_8301","ArchiveMember":"ORcoain00_8301/ORcoain00_8301_mhhw.gtx","MultiGrid":false,"DataSource":"vdatum","LastUpdate":"20260908092331"},"geometry":{"type":"Polygon","coordinates":[[[-124.4291,40.568199],[-123.9341,40.568199],[-123.9341,43.502199],[-124.4291,43.502199],[-124.4291,40.568199]]]}},{"type":"Feature","properties":{"Name":"VDatum_MHW","ID":"ORcoain00_8301","Agency":"NOAA","DataLink":"https://vdatum.noaa.gov/download/data/ORcoain00_8301.zip","DataType":"mhw","Coverage":"orcoain00_8301","ArchiveMember":"ORcoain00_8301/ORcoain00_8301_mhw.gtx","MultiGrid":false,"DataSource":"vdatum","LastUpdate":"20260908092331"},"geometry":{"type":"Polygon","coordinates":[[[-124.4291,40.568199],[-123.9341,40.568199],[-123.9341,43.502199],[-124.4291,43.502199],[-124.4291,40.568199]]]}},{"type":"Feature","properties":{"Name":"VDatum_MLLW","ID":"ORcoain00_8301","Agency":"NOAA","DataLink":"https://vdatum.noaa.gov/download/data/ORcoain00_8301.zip","DataType":"mllw","Coverage":"orcoain00_8301","ArchiveMember":"ORcoain00_8301/ORcoain00_8301_mllw.gtx","MultiGrid":false,"DataSource":"vdatum","LastUpdate":"20260908092331"},"geometry":{"type":"Polygon","coordinates":[[[-124.4291,40.568199],[-123.9341,40.568199],[-123.9341,43.502199],[-124.4291,43.502199],[-124.4291,40.568199]]]}},{"type":"Feature","properties":{"Name":"VDatum_MLW","ID":"ORcoain00_8301","Agency":"NOAA","DataLink":"https://vdatum.noaa.gov/download/data/ORcoain00_8301.zip","DataType":"mlw","Coverage":"orcoain00_8301","ArchiveMember":"ORcoain00_8301/ORcoain00_8301_mlw.gtx","MultiGrid":false,"DataSource":"vdatum","LastUpdate":"20260908092331"},"geometry":{"type":"Polygon","coordinates":[[[-124.4291,40.568199],[-123.9341,40.568199],[-123.9341,43.502199],[-124.4291,43.502199],[-124.4291,40.568199]]]}},{"type":"Feature","properties":{"Name":"VDatum_MTL","ID":"ORcoain00_8301","Agency":"NOAA","DataLink":"https://vdatum.noaa.gov/download/data/ORcoain00_8301.zip","DataType":"mtl","Coverage":"orcoain00_8301","ArchiveMember":"ORcoain00_8301/ORcoain00_8301_mtl.gtx","MultiGrid":false,"DataSource":"vdatum","LastUpdate":"20260908092331"},"geometry":{"type":"Polygon","coordinates":[[[-124.4291,40.568199],[-123.9341,40.568199],[-123.9341,43.502199],[-124.4291,43.502199],[-124.4291,40.568199]]]}},{"type":"Feature","properties":{"Name":"VDatum_TSS","ID":"ORcoain00_8301","Agency":"NOAA","DataLink":"https://vdatum.noaa.gov/download/data/ORcoain00_8301.zip","DataType":"tss","Coverage":"orcoain00_8301","ArchiveMember":"ORcoain00_8301/ORcoain00_8301_tss.gtx","MultiGrid":false,"DataSource":"vdatum","LastUpdate":"20260908092331"},"geometry":{"type":"Polygon","coordinates":[[[-124.4291,40.568199],[-123.9341,40.568199],[-123.9341,43.502199],[-124.4291,43.502199],[-124.4291,40.568199]]]}},{"type":"Feature","properties":{"Name":"VDatum_DTL","ID":"ORcoast00_8301","Agency":"NOAA","DataLink":"https://vdatum.noaa.gov/download/data/ORcoast00_8301.zip","DataType":"dtl","Coverage":"orcoast00_8301","ArchiveMember":"ORcoast00_8301/ORcoast00_8301_dtl.gtx","MultiGrid":false,"DataSource":"vdatum","LastUpdate":"20260908092331"},"geometry":{"type":"Polygon","coordinates":[[[-126.452538,42.699],[-123.79553799999996,42.699],[-123.79553799999996,45.368],[-126.452538,45.368],[-126.452538,42.699]]]}},{"type":"Feature","properties":{"Name":"VDatum_MHHW","ID":"ORcoast00_8301","Agency":"NOAA","DataLink":"https://vdatum.noaa.gov/download/data/ORcoast00_8301.zip","DataType":"mhhw","Coverage":"orcoast00_8301","ArchiveMember":"ORcoast00_8301/ORcoast00_8301_mhhw.gtx","MultiGrid":false,"DataSource":"vdatum","LastUpdate":"20260908092331"},"geometry":{"type":"Polygon","coordinates":[[[-126.452538,42.699],[-123.79553799999996,42.699],[-123.79553799999996,45.368],[-126.452538,45.368],[-126.452538,42.699]]]}},{"type":"Feature","properties":{"Name":"VDatum_MHW","ID":"ORcoast00_8301","Agency":"NOAA","DataLink":"https://vdatum.noaa.gov/download/data/ORcoast00_8301.zip","DataType":"mhw","Coverage":"orcoast00_8301","ArchiveMember":"ORcoast00_8301/ORcoast00_8301_mhw.gtx","MultiGrid":false,"DataSource":"vdatum","LastUpdate":"20260908092331"},"geometry":{"type":"Polygon","coordinates":[[[-126.452538,42.699],[-123.79553799999996,42.699],[-123.79553799999996,45.368],[-126.452538,45.368],[-126.452538,42.699]]]}},{"type":"Feature","properties":{"Name":"VDatum_MLLW","ID":"ORcoast00_8301","Agency":"NOAA","DataLink":"https://vdatum.noaa.gov/download/data/ORcoast00_8301.zip","DataType":"mllw","Coverage":"orcoast00_8301","ArchiveMember":"ORcoast00_8301/ORcoast00_8301_mllw.gtx","MultiGrid":false,"DataSource":"vdatum","LastUpdate":"20260908092331"},"geometry":{"type":"Polygon","coordinates":[[[-126.452538,42.699],[-123.79553799999996,42.699],[-123.79553799999996,45.368],[-126.452538,45.368],[-126.452538,42.699]]]}},{"type":"Feature","properties":{"Name":"VDatum_MLW","ID":"ORcoast00_8301","Agency":"NOAA","DataLink":"https://vdatum.noaa.gov/download/data/ORcoast00_8301.zip","DataType":"mlw","Coverage":"orcoast00_8301","ArchiveMember":"ORcoast00_8301/ORcoast00_8301_mlw.gtx","MultiGrid":false,"DataSource":"vdatum","LastUpdate":"20260908092331"},"geometry":{"type":"Polygon","coordinates":[[[-126.452538,42.699],[-123.79553799999996,42.699],[-123.79553799999996,45.368],[-126.452538,45.368],[-126.452538,42.699]]]}},{"type":"Feature","properties":{"Name":"VDatum_MTL","ID":"ORcoast00_8301","Agency":"NOAA","DataLink":"https://vdatum.noaa.gov/download/data/ORcoast00_8301.zip","DataType":"mtl","Coverage":"orcoast00_8301","ArchiveMember":"ORcoast00_8301/ORcoast00_8301_mtl.gtx","MultiGrid":false,"DataSource":"vdatum","LastUpdate":"20260908092331"},"geometry":{"type":"Polygon","coordinates":[[[-126.452538,42.699],[-123.79553799999996,42.699],[-123.79553799999996,45.368],[-126.452538,45.368],[-126.452538,42.699]]]}},{"type":"Feature","properties":{"Name":"VDatum_TSS","ID":"ORcoast00_8301","Agency":"NOAA","DataLink":"https://vdatum.noaa.gov/download/data/ORcoast00_8301.zip","DataType":"tss","Coverage":"orcoast00_8301","ArchiveMember":"ORcoast00_8301/ORcoast00_8301_tss.gtx","MultiGrid":false,"DataSource":"vdatum","LastUpdate":"20260908092331"},"geometry":{"type":"Polygon","coordinates":[[[-126.452538,42.699],[-123.79553799999996,42.699],[-123.79553799999996,45.368],[-126.452538,45.368],[-126.452538,42.699]]]}},{"type":"Feature","properties":{"Name":"VDatum_DTL","ID":"PRVI01_8301","Agency":"NOAA","DataLink":"https://vdatum.noaa.gov/download/data/PRVI01_8301.zip","DataType":"dtl","Coverage":"prvi01_8301","ArchiveMember":"vdatum/PRVI01_8301/dtl.gtx","MultiGrid":false,"DataSource":"vdatum","LastUpdate":"20260908092331"},"geometry":{"type":"Polygon","coordinates":[[[-68.32,17.22],[-63.879999999999995,17.22],[-63.879999999999995,18.9605],[-68.32,18.9605],[-68.32,17.22]]]}},{"type":"Feature","properties":{"Name":"VDatum_MHHW","ID":"PRVI01_8301","Agency":"NOAA","DataLink":"https://vdatum.noaa.gov/download/data/PRVI01_8301.zip","DataType":"mhhw","Coverage":"prvi01_8301","ArchiveMember":"vdatum/PRVI01_8301/mhhw.gtx","MultiGrid":false,"DataSource":"vdatum","LastUpdate":"20260908092331"},"geometry":{"type":"Polygon","coordinates":[[[-68.32,17.22],[-63.879999999999995,17.22],[-63.879999999999995,18.9605],[-68.32,18.9605],[-68.32,17.22]]]}},{"type":"Feature","properties":{"Name":"VDatum_MHW","ID":"PRVI01_8301","Agency":"NOAA","DataLink":"https://vdatum.noaa.gov/download/data/PRVI01_8301.zip","DataType":"mhw","Coverage":"prvi01_8301","ArchiveMember":"vdatum/PRVI01_8301/mhw.gtx","MultiGrid":false,"DataSource":"vdatum","LastUpdate":"20260908092331"},"geometry":{"type":"Polygon","coordinates":[[[-68.32,17.22],[-63.879999999999995,17.22],[-63.879999999999995,18.9605],[-68.32,18.9605],[-68.32,17.22]]]}},{"type":"Feature","properties":{"Name":"VDatum_MLLW","ID":"PRVI01_8301","Agency":"NOAA","DataLink":"https://vdatum.noaa.gov/download/data/PRVI01_8301.zip","DataType":"mllw","Coverage":"prvi01_8301","ArchiveMember":"vdatum/PRVI01_8301/mllw.gtx","MultiGrid":false,"DataSource":"vdatum","LastUpdate":"20260908092331"},"geometry":{"type":"Polygon","coordinates":[[[-68.32,17.22],[-63.879999999999995,17.22],[-63.879999999999995,18.9605],[-68.32,18.9605],[-68.32,17.22]]]}},{"type":"Feature","properties":{"Name":"VDatum_MLW","ID":"PRVI01_8301","Agency":"NOAA","DataLink":"https://vdatum.noaa.gov/download/data/PRVI01_8301.zip","DataType":"mlw","Coverage":"prvi01_8301","ArchiveMember":"vdatum/PRVI01_8301/mlw.gtx","MultiGrid":false,"DataSource":"vdatum","LastUpdate":"20260908092331"},"geometry":{"type":"Polygon","coordinates":[[[-68.32,17.22],[-63.879999999999995,17.22],[-63.879999999999995,18.9605],[-68.32,18.9605],[-68.32,17.22]]]}},{"type":"Feature","properties":{"Name":"VDatum_MTL","ID":"PRVI01_8301","Agency":"NOAA","DataLink":"https://vdatum.noaa.gov/download/data/PRVI01_8301.zip","DataType":"mtl","Coverage":"prvi01_8301","ArchiveMember":"vdatum/PRVI01_8301/mtl.gtx","MultiGrid":false,"DataSource":"vdatum","LastUpdate":"20260908092331"},"geometry":{"type":"Polygon","coordinates":[[[-68.32,17.22],[-63.879999999999995,17.22],[-63.879999999999995,18.9605],[-68.32,18.9605],[-68.32,17.22]]]}},{"type":"Feature","properties":{"Name":"VDatum_TSS","ID":"PRVI01_8301","Agency":"NOAA","DataLink":"https://vdatum.noaa.gov/download/data/PRVI01_8301.zip","DataType":"tss","Coverage":"prvi01_8301","ArchiveMember":"vdatum/PRVI01_8301/tss.gtx","MultiGrid":false,"DataSource":"vdatum","LastUpdate":"20260908092331"},"geometry":{"type":"Polygon","coordinates":[[[-68.32,17.22],[-63.879999999999995,17.22],[-63.879999999999995,18.9605],[-68.32,18.9605],[-68.32,17.22]]]}},{"type":"Feature","properties":{"Name":"VDatum_DTL","ID":"PRVIis00_8301","Agency":"NOAA","DataLink":"https://vdatum.noaa.gov/download/data/PRVIis00_8301.zip","DataType":"dtl","Coverage":"prviis00_8301","ArchiveMember":"PRVIis00_8301/PRVIis00_8301_dtl.gtx","MultiGrid":false,"DataSource":"vdatum","LastUpdate":"20260908092331"},"geometry":{"type":"Polygon","coordinates":[[[-68.30919999999998,17.2295],[-63.88819999999998,17.2295],[-63.88819999999998,18.9505],[-68.30919999999998,18.9505],[-68.30919999999998,17.2295]]]}},{"type":"Feature","properties":{"Name":"VDatum_MHHW","ID":"PRVIis00_8301","Agency":"NOAA","DataLink":"https://vdatum.noaa.gov/download/data/PRVIis00_8301.zip","DataType":"mhhw","Coverage":"prviis00_8301","ArchiveMember":"PRVIis00_8301/PRVIis00_8301_mhhw.gtx","MultiGrid":false,"DataSource":"vdatum","LastUpdate":"20260908092331"},"geometry":{"type":"Polygon","coordinates":[[[-68.30919999999998,17.2295],[-63.88819999999998,17.2295],[-63.88819999999998,18.9505],[-68.30919999999998,18.9505],[-68.30919999999998,17.2295]]]}},{"type":"Feature","properties":{"Name":"VDatum_MHW","ID":"PRVIis00_8301","Agency":"NOAA","DataLink":"https://vdatum.noaa.gov/download/data/PRVIis00_8301.zip","DataType":"mhw","Coverage":"prviis00_8301","ArchiveMember":"PRVIis00_8301/PRVIis00_8301_mhw.gtx","MultiGrid":false,"DataSource":"vdatum","LastUpdate":"20260908092331"},"geometry":{"type":"Polygon","coordinates":[[[-68.30919999999998,17.2295],[-63.88819999999998,17.2295],[-63.88819999999998,18.9505],[-68.30919999999998,18.9505],[-68.30919999999998,17.2295]]]}},{"type":"Feature","properties":{"Name":"VDatum_MLLW","ID":"PRVIis00_8301","Agency":"NOAA","DataLink":"https://vdatum.noaa.gov/download/data/PRVIis00_8301.zip","DataType":"mllw","Coverage":"prviis00_8301","ArchiveMember":"PRVIis00_8301/PRVIis00_8301_mllw.gtx","MultiGrid":false,"DataSource":"vdatum","LastUpdate":"20260908092331"},"geometry":{"type":"Polygon","coordinates":[[[-68.30919999999998,17.2295],[-63.88819999999998,17.2295],[-63.88819999999998,18.9505],[-68.30919999999998,18.9505],[-68.30919999999998,17.2295]]]}},{"type":"Feature","properties":{"Name":"VDatum_MLW","ID":"PRVIis00_8301","Agency":"NOAA","DataLink":"https://vdatum.noaa.gov/download/data/PRVIis00_8301.zip","DataType":"mlw","Coverage":"prviis00_8301","ArchiveMember":"PRVIis00_8301/PRVIis00_8301_mlw.gtx","MultiGrid":false,"DataSource":"vdatum","LastUpdate":"20260908092331"},"geometry":{"type":"Polygon","coordinates":[[[-68.30919999999998,17.2295],[-63.88819999999998,17.2295],[-63.88819999999998,18.9505],[-68.30919999999998,18.9505],[-68.30919999999998,17.2295]]]}},{"type":"Feature","properties":{"Name":"VDatum_MTL","ID":"PRVIis00_8301","Agency":"NOAA","DataLink":"https://vdatum.noaa.gov/download/data/PRVIis00_8301.zip","DataType":"mtl","Coverage":"prviis00_8301","ArchiveMember":"PRVIis00_8301/PRVIis00_8301_mtl.gtx","MultiGrid":false,"DataSource":"vdatum","LastUpdate":"20260908092331"},"geometry":{"type":"Polygon","coordinates":[[[-68.30919999999998,17.2295],[-63.88819999999998,17.2295],[-63.88819999999998,18.9505],[-68.30919999999998,18.9505],[-68.30919999999998,17.2295]]]}},{"type":"Feature","properties":{"Name":"VDatum_TSS","ID":"PRVIis00_8301","Agency":"NOAA","DataLink":"https://vdatum.noaa.gov/download/data/PRVIis00_8301.zip","DataType":"tss","Coverage":"prviis00_8301","ArchiveMember":"PRVIis00_8301/PRVIis00_8301_tss.gtx","MultiGrid":false,"DataSource":"vdatum","LastUpdate":"20260908092331"},"geometry":{"type":"Polygon","coordinates":[[[-68.30919999999998,17.2295],[-63.88819999999998,17.2295],[-63.88819999999998,18.9505],[-68.30919999999998,18.9505],[-68.30919999999998,17.2295]]]}},{"type":"Feature","properties":{"Name":"VDatum_DTL","ID":"PRVIof00_8301","Agency":"NOAA","DataLink":"https://vdatum.noaa.gov/download/data/PRVIof00_8301.zip","DataType":"dtl","Coverage":"prviof00_8301","ArchiveMember":"PRVIof00_8301/PRVIof00_8301_dtl.gtx","MultiGrid":false,"DataSource":"vdatum","LastUpdate":"20260908092331"},"geometry":{"type":"Polygon","coordinates":[[[-69.63999999999999,14.422],[-60.82499999999999,14.422],[-60.82499999999999,22.277],[-69.63999999999999,22.277],[-69.63999999999999,14.422]]]}},{"type":"Feature","properties":{"Name":"VDatum_MHHW","ID":"PRVIof00_8301","Agency":"NOAA","DataLink":"https://vdatum.noaa.gov/download/data/PRVIof00_8301.zip","DataType":"mhhw","Coverage":"prviof00_8301","ArchiveMember":"PRVIof00_8301/PRVIof00_8301_mhhw.gtx","MultiGrid":false,"DataSource":"vdatum","LastUpdate":"20260908092331"},"geometry":{"type":"Polygon","coordinates":[[[-69.63999999999999,14.422],[-60.82499999999999,14.422],[-60.82499999999999,22.277],[-69.63999999999999,22.277],[-69.63999999999999,14.422]]]}},{"type":"Feature","properties":{"Name":"VDatum_MHW","ID":"PRVIof00_8301","Agency":"NOAA","DataLink":"https://vdatum.noaa.gov/download/data/PRVIof00_8301.zip","DataType":"mhw","Coverage":"prviof00_8301","ArchiveMember":"PRVIof00_8301/PRVIof00_8301_mhw.gtx","MultiGrid":false,"DataSource":"vdatum","LastUpdate":"20260908092331"},"geometry":{"type":"Polygon","coordinates":[[[-69.63999999999999,14.422],[-60.82499999999999,14.422],[-60.82499999999999,22.277],[-69.63999999999999,22.277],[-69.63999999999999,14.422]]]}},{"type":"Feature","properties":{"Name":"VDatum_MLLW","ID":"PRVIof00_8301","Agency":"NOAA","DataLink":"https://vdatum.noaa.gov/download/data/PRVIof00_8301.zip","DataType":"mllw","Coverage":"prviof00_8301","ArchiveMember":"PRVIof00_8301/PRVIof00_8301_mllw.gtx","MultiGrid":false,"DataSource":"vdatum","LastUpdate":"20260908092331"},"geometry":{"type":"Polygon","coordinates":[[[-69.63999999999999,14.422],[-60.82499999999999,14.422],[-60.82499999999999,22.277],[-69.63999999999999,22.277],[-69.63999999999999,14.422]]]}},{"type":"Feature","properties":{"Name":"VDatum_MLW","ID":"PRVIof00_8301","Agency":"NOAA","DataLink":"https://vdatum.noaa.gov/download/data/PRVIof00_8301.zip","DataType":"mlw","Coverage":"prviof00_8301","ArchiveMember":"PRVIof00_8301/PRVIof00_8301_mlw.gtx","MultiGrid":false,"DataSource":"vdatum","LastUpdate":"20260908092331"},"geometry":{"type":"Polygon","coordinates":[[[-69.63999999999999,14.422],[-60.82499999999999,14.422],[-60.82499999999999,22.277],[-69.63999999999999,22.277],[-69.63999999999999,14.422]]]}},{"type":"Feature","properties":{"Name":"VDatum_MTL","ID":"PRVIof00_8301","Agency":"NOAA","DataLink":"https://vdatum.noaa.gov/download/data/PRVIof00_8301.zip","DataType":"mtl","Coverage":"prviof00_8301","ArchiveMember":"PRVIof00_8301/PRVIof00_8301_mtl.gtx","MultiGrid":false,"DataSource":"vdatum","LastUpdate":"20260908092331"},"geometry":{"type":"Polygon","coordinates":[[[-69.63999999999999,14.422],[-60.82499999999999,14.422],[-60.82499999999999,22.277],[-69.63999999999999,22.277],[-69.63999999999999,14.422]]]}},{"type":"Feature","properties":{"Name":"VDatum_TSS","ID":"PRVIof00_8301","Agency":"NOAA","DataLink":"https://vdatum.noaa.gov/download/data/PRVIof00_8301.zip","DataType":"tss","Coverage":"prviof00_8301","ArchiveMember":"PRVIof00_8301/PRVIof00_8301_tss.gtx","MultiGrid":false,"DataSource":"vdatum","LastUpdate":"20260908092331"},"geometry":{"type":"Polygon","coordinates":[[[-69.63999999999999,14.422],[-60.82499999999999,14.422],[-60.82499999999999,22.277],[-69.63999999999999,22.277],[-69.63999999999999,14.422]]]}},{"type":"Feature","properties":{"Name":"VDatum_DTL","ID":"RICTbis22_8301","Agency":"NOAA","DataLink":"https://vdatum.noaa.gov/download/data/RICTbis22_8301.zip","DataType":"dtl","Coverage":"rictbis22_8301","ArchiveMember":"vdatum/RICTbis22_8301/dtl.gtx","MultiGrid":false,"DataSource":"vdatum","LastUpdate":"20260908092331"},"geometry":{"type":"Polygon","coordinates":[[[-74.36590000000001,39.3519],[-70.99990000000003,39.3519],[-70.99990000000003,42.0005],[-74.36590000000001,42.0005],[-74.36590000000001,39.3519]]]}},{"type":"Feature","properties":{"Name":"VDatum_MHHW","ID":"RICTbis22_8301","Agency":"NOAA","DataLink":"https://vdatum.noaa.gov/download/data/RICTbis22_8301.zip","DataType":"mhhw","Coverage":"rictbis22_8301","ArchiveMember":"vdatum/RICTbis22_8301/mhhw.gtx","MultiGrid":false,"DataSource":"vdatum","LastUpdate":"20260908092331"},"geometry":{"type":"Polygon","coordinates":[[[-74.36590000000001,39.3519],[-70.99990000000003,39.3519],[-70.99990000000003,42.0005],[-74.36590000000001,42.0005],[-74.36590000000001,39.3519]]]}},{"type":"Feature","properties":{"Name":"VDatum_MHW","ID":"RICTbis22_8301","Agency":"NOAA","DataLink":"https://vdatum.noaa.gov/download/data/RICTbis22_8301.zip","DataType":"mhw","Coverage":"rictbis22_8301","ArchiveMember":"vdatum/RICTbis22_8301/mhw.gtx","MultiGrid":false,"DataSource":"vdatum","LastUpdate":"20260908092331"},"geometry":{"type":"Polygon","coordinates":[[[-74.36590000000001,39.3519],[-70.99990000000003,39.3519],[-70.99990000000003,42.0005],[-74.36590000000001,42.0005],[-74.36590000000001,39.3519]]]}},{"type":"Feature","properties":{"Name":"VDatum_MLLW","ID":"RICTbis22_8301","Agency":"NOAA","DataLink":"https://vdatum.noaa.gov/download/data/RICTbis22_8301.zip","DataType":"mllw","Coverage":"rictbis22_8301","ArchiveMember":"vdatum/RICTbis22_8301/mllw.gtx","MultiGrid":false,"DataSource":"vdatum","LastUpdate":"20260908092331"},"geometry":{"type":"Polygon","coordinates":[[[-74.36590000000001,39.3519],[-70.99990000000003,39.3519],[-70.99990000000003,42.0005],[-74.36590000000001,42.0005],[-74.36590000000001,39.3519]]]}},{"type":"Feature","properties":{"Name":"VDatum_MLW","ID":"RICTbis22_8301","Agency":"NOAA","DataLink":"https://vdatum.noaa.gov/download/data/RICTbis22_8301.zip","DataType":"mlw","Coverage":"rictbis22_8301","ArchiveMember":"vdatum/RICTbis22_8301/mlw.gtx","MultiGrid":false,"DataSource":"vdatum","LastUpdate":"20260908092331"},"geometry":{"type":"Polygon","coordinates":[[[-74.36590000000001,39.3519],[-70.99990000000003,39.3519],[-70.99990000000003,42.0005],[-74.36590000000001,42.0005],[-74.36590000000001,39.3519]]]}},{"type":"Feature","properties":{"Name":"VDatum_MTL","ID":"RICTbis22_8301","Agency":"NOAA","DataLink":"https://vdatum.noaa.gov/download/data/RICTbis22_8301.zip","DataType":"mtl","Coverage":"rictbis22_8301","ArchiveMember":"vdatum/RICTbis22_8301/mtl.gtx","MultiGrid":false,"DataSource":"vdatum","LastUpdate":"20260908092331"},"geometry":{"type":"Polygon","coordinates":[[[-74.36590000000001,39.3519],[-70.99990000000003,39.3519],[-70.99990000000003,42.0005],[-74.36590000000001,42.0005],[-74.36590000000001,39.3519]]]}},{"type":"Feature","properties":{"Name":"VDatum_TSS","ID":"RICTbis22_8301","Agency":"NOAA","DataLink":"https://vdatum.noaa.gov/download/data/RICTbis22_8301.zip","DataType":"tss","Coverage":"rictbis22_8301","ArchiveMember":"vdatum/RICTbis22_8301/tss.gtx","MultiGrid":false,"DataSource":"vdatum","LastUpdate":"20260908092331"},"geometry":{"type":"Polygon","coordinates":[[[-74.36590000000001,39.3519],[-70.99990000000003,39.3519],[-70.99990000000003,42.0005],[-74.36590000000001,42.0005],[-74.36590000000001,39.3519]]]}},{"type":"Feature","properties":{"Name":"VDatum_DTL","ID":"RICTbis33_8301","Agency":"NOAA","DataLink":"https://vdatum.noaa.gov/download/data/RICTbis33_8301.zip","DataType":"dtl","Coverage":"rictbis33_8301","ArchiveMember":"vdatum/RICTbis33_8301/dtl.gtx","MultiGrid":false,"DataSource":"vdatum","LastUpdate":"20260908092331"},"geometry":{"type":"Polygon","coordinates":[[[-74.57209999999998,39.2803],[-71.10210000000001,39.2803],[-71.10210000000001,41.9313],[-74.57209999999998,41.9313],[-74.57209999999998,39.2803]]]}},{"type":"Feature","properties":{"Name":"VDatum_MHHW","ID":"RICTbis33_8301","Agency":"NOAA","DataLink":"https://vdatum.noaa.gov/download/data/RICTbis33_8301.zip","DataType":"mhhw","Coverage":"rictbis33_8301","ArchiveMember":"vdatum/RICTbis33_8301/mhhw.gtx","MultiGrid":false,"DataSource":"vdatum","LastUpdate":"20260908092331"},"geometry":{"type":"Polygon","coordinates":[[[-74.57209999999998,39.2803],[-71.10210000000001,39.2803],[-71.10210000000001,41.9313],[-74.57209999999998,41.9313],[-74.57209999999998,39.2803]]]}},{"type":"Feature","properties":{"Name":"VDatum_MHW","ID":"RICTbis33_8301","Agency":"NOAA","DataLink":"https://vdatum.noaa.gov/download/data/RICTbis33_8301.zip","DataType":"mhw","Coverage":"rictbis33_8301","ArchiveMember":"vdatum/RICTbis33_8301/mhw.gtx","MultiGrid":false,"DataSource":"vdatum","LastUpdate":"20260908092331"},"geometry":{"type":"Polygon","coordinates":[[[-74.57209999999998,39.2803],[-71.10210000000001,39.2803],[-71.10210000000001,41.9313],[-74.57209999999998,41.9313],[-74.57209999999998,39.2803]]]}},{"type":"Feature","properties":{"Name":"VDatum_MLLW","ID":"RICTbis33_8301","Agency":"NOAA","DataLink":"https://vdatum.noaa.gov/download/data/RICTbis33_8301.zip","DataType":"mllw","Coverage":"rictbis33_8301","ArchiveMember":"vdatum/RICTbis33_8301/mllw.gtx","MultiGrid":false,"DataSource":"vdatum","LastUpdate":"20260908092331"},"geometry":{"type":"Polygon","coordinates":[[[-74.57209999999998,39.2803],[-71.10210000000001,39.2803],[-71.10210000000001,41.9313],[-74.57209999999998,41.9313],[-74.57209999999998,39.2803]]]}},{"type":"Feature","properties":{"Name":"VDatum_MLW","ID":"RICTbis33_8301","Agency":"NOAA","DataLink":"https://vdatum.noaa.gov/download/data/RICTbis33_8301.zip","DataType":"mlw","Coverage":"rictbis33_8301","ArchiveMember":"vdatum/RICTbis33_8301/mlw.gtx","MultiGrid":false,"DataSource":"vdatum","LastUpdate":"20260908092331"},"geometry":{"type":"Polygon","coordinates":[[[-74.57209999999998,39.2803],[-71.10210000000001,39.2803],[-71.10210000000001,41.9313],[-74.57209999999998,41.9313],[-74.57209999999998,39.2803]]]}},{"type":"Feature","properties":{"Name":"VDatum_MTL","ID":"RICTbis33_8301","Agency":"NOAA","DataLink":"https://vdatum.noaa.gov/download/data/RICTbis33_8301.zip","DataType":"mtl","Coverage":"rictbis33_8301","ArchiveMember":"vdatum/RICTbis33_8301/mtl.gtx","MultiGrid":false,"DataSource":"vdatum","LastUpdate":"20260908092331"},"geometry":{"type":"Polygon","coordinates":[[[-74.57209999999998,39.2803],[-71.10210000000001,39.2803],[-71.10210000000001,41.9313],[-74.57209999999998,41.9313],[-74.57209999999998,39.2803]]]}},{"type":"Feature","properties":{"Name":"VDatum_TSS","ID":"RICTbis33_8301","Agency":"NOAA","DataLink":"https://vdatum.noaa.gov/download/data/RICTbis33_8301.zip","DataType":"tss","Coverage":"rictbis33_8301","ArchiveMember":"vdatum/RICTbis33_8301/tss.gtx","MultiGrid":false,"DataSource":"vdatum","LastUpdate":"20260908092331"},"geometry":{"type":"Polygon","coordinates":[[[-74.57209999999998,39.2803],[-71.10210000000001,39.2803],[-71.10210000000001,41.9313],[-74.57209999999998,41.9313],[-74.57209999999998,39.2803]]]}},{"type":"Feature","properties":{"Name":"VDatum_DTL","ID":"RICTbis34_8301","Agency":"NOAA","DataLink":"https://vdatum.noaa.gov/download/data/RICTbis34_8301.zip","DataType":"dtl","Coverage":"rictbis34_8301","ArchiveMember":"vdatum/RICTbis34_8301/dtl.gtx","MultiGrid":false,"DataSource":"vdatum","LastUpdate":"20260908092331"},"geometry":{"type":"Polygon","coordinates":[[[-74.57209999999998,39.2803],[-71.10210000000001,39.2803],[-71.10210000000001,41.9313],[-74.57209999999998,41.9313],[-74.57209999999998,39.2803]]]}},{"type":"Feature","properties":{"Name":"VDatum_MHHW","ID":"RICTbis34_8301","Agency":"NOAA","DataLink":"https://vdatum.noaa.gov/download/data/RICTbis34_8301.zip","DataType":"mhhw","Coverage":"rictbis34_8301","ArchiveMember":"vdatum/RICTbis34_8301/mhhw.gtx","MultiGrid":false,"DataSource":"vdatum","LastUpdate":"20260908092331"},"geometry":{"type":"Polygon","coordinates":[[[-74.57209999999998,39.2803],[-71.10210000000001,39.2803],[-71.10210000000001,41.9313],[-74.57209999999998,41.9313],[-74.57209999999998,39.2803]]]}},{"type":"Feature","properties":{"Name":"VDatum_MHW","ID":"RICTbis34_8301","Agency":"NOAA","DataLink":"https://vdatum.noaa.gov/download/data/RICTbis34_8301.zip","DataType":"mhw","Coverage":"rictbis34_8301","ArchiveMember":"vdatum/RICTbis34_8301/mhw.gtx","MultiGrid":false,"DataSource":"vdatum","LastUpdate":"20260908092331"},"geometry":{"type":"Polygon","coordinates":[[[-74.57209999999998,39.2803],[-71.10210000000001,39.2803],[-71.10210000000001,41.9313],[-74.57209999999998,41.9313],[-74.57209999999998,39.2803]]]}},{"type":"Feature","properties":{"Name":"VDatum_MLLW","ID":"RICTbis34_8301","Agency":"NOAA","DataLink":"https://vdatum.noaa.gov/download/data/RICTbis34_8301.zip","DataType":"mllw","Coverage":"rictbis34_8301","ArchiveMember":"vdatum/RICTbis34_8301/mllw.gtx","MultiGrid":false,"DataSource":"vdatum","LastUpdate":"20260908092331"},"geometry":{"type":"Polygon","coordinates":[[[-74.57209999999998,39.2803],[-71.10210000000001,39.2803],[-71.10210000000001,41.9313],[-74.57209999999998,41.9313],[-74.57209999999998,39.2803]]]}},{"type":"Feature","properties":{"Name":"VDatum_MLW","ID":"RICTbis34_8301","Agency":"NOAA","DataLink":"https://vdatum.noaa.gov/download/data/RICTbis34_8301.zip","DataType":"mlw","Coverage":"rictbis34_8301","ArchiveMember":"vdatum/RICTbis34_8301/mlw.gtx","MultiGrid":false,"DataSource":"vdatum","LastUpdate":"20260908092331"},"geometry":{"type":"Polygon","coordinates":[[[-74.57209999999998,39.2803],[-71.10210000000001,39.2803],[-71.10210000000001,41.9313],[-74.57209999999998,41.9313],[-74.57209999999998,39.2803]]]}},{"type":"Feature","properties":{"Name":"VDatum_MTL","ID":"RICTbis34_8301","Agency":"NOAA","DataLink":"https://vdatum.noaa.gov/download/data/RICTbis34_8301.zip","DataType":"mtl","Coverage":"rictbis34_8301","ArchiveMember":"vdatum/RICTbis34_8301/mtl.gtx","MultiGrid":false,"DataSource":"vdatum","LastUpdate":"20260908092331"},"geometry":{"type":"Polygon","coordinates":[[[-74.57209999999998,39.2803],[-71.10210000000001,39.2803],[-71.10210000000001,41.9313],[-74.57209999999998,41.9313],[-74.57209999999998,39.2803]]]}},{"type":"Feature","properties":{"Name":"VDatum_TSS","ID":"RICTbis34_8301","Agency":"NOAA","DataLink":"https://vdatum.noaa.gov/download/data/RICTbis34_8301.zip","DataType":"tss","Coverage":"rictbis34_8301","ArchiveMember":"vdatum/RICTbis34_8301/tss.gtx","MultiGrid":false,"DataSource":"vdatum","LastUpdate":"20260908092331"},"geometry":{"type":"Polygon","coordinates":[[[-74.57209999999998,39.2803],[-71.10210000000001,39.2803],[-71.10210000000001,41.9313],[-74.57209999999998,41.9313],[-74.57209999999998,39.2803]]]}},{"type":"Feature","properties":{"Name":"VDatum_DTL","ID":"RICTbis44_8301","Agency":"NOAA","DataLink":"https://vdatum.noaa.gov/download/data/RICTbis44_8301.zip","DataType":"dtl","Coverage":"rictbis44_8301","ArchiveMember":"RICTbis44_8301/RICTbis44_8301_dtl.gtx","MultiGrid":false,"DataSource":"vdatum","LastUpdate":"20260908092331"},"geometry":{"type":"Polygon","coordinates":[[[-74.57209999999998,39.2803],[-71.10210000000001,39.2803],[-71.10210000000001,41.9313],[-74.57209999999998,41.9313],[-74.57209999999998,39.2803]]]}},{"type":"Feature","properties":{"Name":"VDatum_MHHW","ID":"RICTbis44_8301","Agency":"NOAA","DataLink":"https://vdatum.noaa.gov/download/data/RICTbis44_8301.zip","DataType":"mhhw","Coverage":"rictbis44_8301","ArchiveMember":"RICTbis44_8301/RICTbis44_8301_mhhw.gtx","MultiGrid":false,"DataSource":"vdatum","LastUpdate":"20260908092331"},"geometry":{"type":"Polygon","coordinates":[[[-74.57209999999998,39.2803],[-71.10210000000001,39.2803],[-71.10210000000001,41.9313],[-74.57209999999998,41.9313],[-74.57209999999998,39.2803]]]}},{"type":"Feature","properties":{"Name":"VDatum_MHW","ID":"RICTbis44_8301","Agency":"NOAA","DataLink":"https://vdatum.noaa.gov/download/data/RICTbis44_8301.zip","DataType":"mhw","Coverage":"rictbis44_8301","ArchiveMember":"RICTbis44_8301/RICTbis44_8301_mhw.gtx","MultiGrid":false,"DataSource":"vdatum","LastUpdate":"20260908092331"},"geometry":{"type":"Polygon","coordinates":[[[-74.57209999999998,39.2803],[-71.10210000000001,39.2803],[-71.10210000000001,41.9313],[-74.57209999999998,41.9313],[-74.57209999999998,39.2803]]]}},{"type":"Feature","properties":{"Name":"VDatum_MLLW","ID":"RICTbis44_8301","Agency":"NOAA","DataLink":"https://vdatum.noaa.gov/download/data/RICTbis44_8301.zip","DataType":"mllw","Coverage":"rictbis44_8301","ArchiveMember":"RICTbis44_8301/RICTbis44_8301_mllw.gtx","MultiGrid":false,"DataSource":"vdatum","LastUpdate":"20260908092331"},"geometry":{"type":"Polygon","coordinates":[[[-74.57209999999998,39.2803],[-71.10210000000001,39.2803],[-71.10210000000001,41.9313],[-74.57209999999998,41.9313],[-74.57209999999998,39.2803]]]}},{"type":"Feature","properties":{"Name":"VDatum_MLW","ID":"RICTbis44_8301","Agency":"NOAA","DataLink":"https://vdatum.noaa.gov/download/data/RICTbis44_8301.zip","DataType":"mlw","Coverage":"rictbis44_8301","ArchiveMember":"RICTbis44_8301/RICTbis44_8301_mlw.gtx","MultiGrid":false,"DataSource":"vdatum","LastUpdate":"20260908092331"},"geometry":{"type":"Polygon","coordinates":[[[-74.57209999999998,39.2803],[-71.10210000000001,39.2803],[-71.10210000000001,41.9313],[-74.57209999999998,41.9313],[-74.57209999999998,39.2803]]]}},{"type":"Feature","properties":{"Name":"VDatum_MTL","ID":"RICTbis44_8301","Agency":"NOAA","DataLink":"https://vdatum.noaa.gov/download/data/RICTbis44_8301.zip","DataType":"mtl","Coverage":"rictbis44_8301","ArchiveMember":"RICTbis44_8301/RICTbis44_8301_mtl.gtx","MultiGrid":false,"DataSource":"vdatum","LastUpdate":"20260908092331"},"geometry":{"type":"Polygon","coordinates":[[[-74.57209999999998,39.2803],[-71.10210000000001,39.2803],[-71.10210000000001,41.9313],[-74.57209999999998,41.9313],[-74.57209999999998,39.2803]]]}},{"type":"Feature","properties":{"Name":"VDatum_TSS","ID":"RICTbis44_8301","Agency":"NOAA","DataLink":"https://vdatum.noaa.gov/download/data/RICTbis44_8301.zip","DataType":"tss","Coverage":"rictbis44_8301","ArchiveMember":"RICTbis44_8301/RICTbis44_8301_tss.gtx","MultiGrid":false,"DataSource":"vdatum","LastUpdate":"20260908092331"},"geometry":{"type":"Polygon","coordinates":[[[-74.57209999999998,39.2803],[-71.10210000000001,39.2803],[-71.10210000000001,41.9313],[-74.57209999999998,41.9313],[-74.57209999999998,39.2803]]]}},{"type":"Feature","properties":{"Name":"VDatum_DTL","ID":"TXLAgulf00_8301","Agency":"NOAA","DataLink":"https://vdatum.noaa.gov/download/data/TXLAgulf00_8301.zip","DataType":"dtl","Coverage":"txlagulf00_8301","ArchiveMember":"TXLAgulf00_8301/TXLAgulf00_8301_svu_dtl.gtx","MultiGrid":false,"DataSource":"vdatum","LastUpdate":"20260908092331"},"geometry":{"type":"Polygon","coordinates":[[[-96.98000000000002,25.7],[-91.118,25.7],[-91.118,29.5],[-96.98000000000002,29.5],[-96.98000000000002,25.7]]]}},{"type":"Feature","properties":{"Name":"VDatum_MHHW","ID":"TXLAgulf00_8301","Agency":"NOAA","DataLink":"https://vdatum.noaa.gov/download/data/TXLAgulf00_8301.zip","DataType":"mhhw","Coverage":"txlagulf00_8301","ArchiveMember":"TXLAgulf00_8301/TXLAgulf00_8301_svu_mhhw.gtx","MultiGrid":false,"DataSource":"vdatum","LastUpdate":"20260908092331"},"geometry":{"type":"Polygon","coordinates":[[[-96.98000000000002,25.7],[-91.118,25.7],[-91.118,29.5],[-96.98000000000002,29.5],[-96.98000000000002,25.7]]]}},{"type":"Feature","properties":{"Name":"VDatum_MHW","ID":"TXLAgulf00_8301","Agency":"NOAA","DataLink":"https://vdatum.noaa.gov/download/data/TXLAgulf00_8301.zip","DataType":"mhw","Coverage":"txlagulf00_8301","ArchiveMember":"TXLAgulf00_8301/TXLAgulf00_8301_svu_mhw.gtx","MultiGrid":false,"DataSource":"vdatum","LastUpdate":"20260908092331"},"geometry":{"type":"Polygon","coordinates":[[[-96.98000000000002,25.7],[-91.118,25.7],[-91.118,29.5],[-96.98000000000002,29.5],[-96.98000000000002,25.7]]]}},{"type":"Feature","properties":{"Name":"VDatum_MLLW","ID":"TXLAgulf00_8301","Agency":"NOAA","DataLink":"https://vdatum.noaa.gov/download/data/TXLAgulf00_8301.zip","DataType":"mllw","Coverage":"txlagulf00_8301","ArchiveMember":"TXLAgulf00_8301/TXLAgulf00_8301_svu_mllw.gtx","MultiGrid":false,"DataSource":"vdatum","LastUpdate":"20260908092331"},"geometry":{"type":"Polygon","coordinates":[[[-96.98000000000002,25.7],[-91.118,25.7],[-91.118,29.5],[-96.98000000000002,29.5],[-96.98000000000002,25.7]]]}},{"type":"Feature","properties":{"Name":"VDatum_MLW","ID":"TXLAgulf00_8301","Agency":"NOAA","DataLink":"https://vdatum.noaa.gov/download/data/TXLAgulf00_8301.zip","DataType":"mlw","Coverage":"txlagulf00_8301","ArchiveMember":"TXLAgulf00_8301/TXLAgulf00_8301_svu_mlw.gtx","MultiGrid":false,"DataSource":"vdatum","LastUpdate":"20260908092331"},"geometry":{"type":"Polygon","coordinates":[[[-96.98000000000002,25.7],[-91.118,25.7],[-91.118,29.5],[-96.98000000000002,29.5],[-96.98000000000002,25.7]]]}},{"type":"Feature","properties":{"Name":"VDatum_MTL","ID":"TXLAgulf00_8301","Agency":"NOAA","DataLink":"https://vdatum.noaa.gov/download/data/TXLAgulf00_8301.zip","DataType":"mtl","Coverage":"txlagulf00_8301","ArchiveMember":"TXLAgulf00_8301/TXLAgulf00_8301_svu_mtl.gtx","MultiGrid":false,"DataSource":"vdatum","LastUpdate":"20260908092331"},"geometry":{"type":"Polygon","coordinates":[[[-96.98000000000002,25.7],[-91.118,25.7],[-91.118,29.5],[-96.98000000000002,29.5],[-96.98000000000002,25.7]]]}},{"type":"Feature","properties":{"Name":"VDatum_TSS","ID":"TXLAgulf00_8301","Agency":"NOAA","DataLink":"https://vdatum.noaa.gov/download/data/TXLAgulf00_8301.zip","DataType":"tss","Coverage":"txlagulf00_8301","ArchiveMember":"TXLAgulf00_8301/TXLAgulf00_8301_tss.gtx","MultiGrid":false,"DataSource":"vdatum","LastUpdate":"20260908092331"},"geometry":{"type":"Polygon","coordinates":[[[-96.98000000000002,25.7],[-91.118,25.7],[-91.118,29.5],[-96.98000000000002,29.5],[-96.98000000000002,25.7]]]}},{"type":"Feature","properties":{"Name":"VDatum_DTL","ID":"TXcentr00_8301","Agency":"NOAA","DataLink":"https://vdatum.noaa.gov/download/data/TXcentr00_8301.zip","DataType":"dtl","Coverage":"txcentr00_8301","ArchiveMember":"TXcentr00_8301/TXcentr00_8301_svu_dtl.gtx","MultiGrid":false,"DataSource":"vdatum","LastUpdate":"20260908092331"},"geometry":{"type":"Polygon","coordinates":[[[-96.86700000000002,28.18],[-94.44,28.18],[-94.44,29.86],[-96.86700000000002,29.86],[-96.86700000000002,28.18]]]}},{"type":"Feature","properties":{"Name":"VDatum_MHHW","ID":"TXcentr00_8301","Agency":"NOAA","DataLink":"https://vdatum.noaa.gov/download/data/TXcentr00_8301.zip","DataType":"mhhw","Coverage":"txcentr00_8301","ArchiveMember":"TXcentr00_8301/TXcentr00_8301_svu_mhhw.gtx","MultiGrid":false,"DataSource":"vdatum","LastUpdate":"20260908092331"},"geometry":{"type":"Polygon","coordinates":[[[-96.86700000000002,28.18],[-94.44,28.18],[-94.44,29.86],[-96.86700000000002,29.86],[-96.86700000000002,28.18]]]}},{"type":"Feature","properties":{"Name":"VDatum_MHW","ID":"TXcentr00_8301","Agency":"NOAA","DataLink":"https://vdatum.noaa.gov/download/data/TXcentr00_8301.zip","DataType":"mhw","Coverage":"txcentr00_8301","ArchiveMember":"TXcentr00_8301/TXcentr00_8301_svu_mhw.gtx","MultiGrid":false,"DataSource":"vdatum","LastUpdate":"20260908092331"},"geometry":{"type":"Polygon","coordinates":[[[-96.86700000000002,28.18],[-94.44,28.18],[-94.44,29.86],[-96.86700000000002,29.86],[-96.86700000000002,28.18]]]}},{"type":"Feature","properties":{"Name":"VDatum_MLLW","ID":"TXcentr00_8301","Agency":"NOAA","DataLink":"https://vdatum.noaa.gov/download/data/TXcentr00_8301.zip","DataType":"mllw","Coverage":"txcentr00_8301","ArchiveMember":"TXcentr00_8301/TXcentr00_8301_svu_mllw.gtx","MultiGrid":false,"DataSource":"vdatum","LastUpdate":"20260908092331"},"geometry":{"type":"Polygon","coordinates":[[[-96.86700000000002,28.18],[-94.44,28.18],[-94.44,29.86],[-96.86700000000002,29.86],[-96.86700000000002,28.18]]]}},{"type":"Feature","properties":{"Name":"VDatum_MLW","ID":"TXcentr00_8301","Agency":"NOAA","DataLink":"https://vdatum.noaa.gov/download/data/TXcentr00_8301.zip","DataType":"mlw","Coverage":"txcentr00_8301","ArchiveMember":"TXcentr00_8301/TXcentr00_8301_svu_mlw.gtx","MultiGrid":false,"DataSource":"vdatum","LastUpdate":"20260908092331"},"geometry":{"type":"Polygon","coordinates":[[[-96.86700000000002,28.18],[-94.44,28.18],[-94.44,29.86],[-96.86700000000002,29.86],[-96.86700000000002,28.18]]]}},{"type":"Feature","properties":{"Name":"VDatum_MTL","ID":"TXcentr00_8301","Agency":"NOAA","DataLink":"https://vdatum.noaa.gov/download/data/TXcentr00_8301.zip","DataType":"mtl","Coverage":"txcentr00_8301","ArchiveMember":"TXcentr00_8301/TXcentr00_8301_svu_mtl.gtx","MultiGrid":false,"DataSource":"vdatum","LastUpdate":"20260908092331"},"geometry":{"type":"Polygon","coordinates":[[[-96.86700000000002,28.18],[-94.44,28.18],[-94.44,29.86],[-96.86700000000002,29.86],[-96.86700000000002,28.18]]]}},{"type":"Feature","properties":{"Name":"VDatum_TSS","ID":"TXcentr00_8301","Agency":"NOAA","DataLink":"https://vdatum.noaa.gov/download/data/TXcentr00_8301.zip","DataType":"tss","Coverage":"txcentr00_8301","ArchiveMember":"TXcentr00_8301/TXcentr00_8301_tss.gtx","MultiGrid":false,"DataSource":"vdatum","LastUpdate":"20260908092331"},"geometry":{"type":"Polygon","coordinates":[[[-96.86700000000002,28.18],[-94.44,28.18],[-94.44,29.86],[-96.86700000000002,29.86],[-96.86700000000002,28.18]]]}},{"type":"Feature","properties":{"Name":"VDatum_DTL","ID":"TXintra00_8301","Agency":"NOAA","DataLink":"https://vdatum.noaa.gov/download/data/TXintra00_8301.zip","DataType":"dtl","Coverage":"txintra00_8301","ArchiveMember":"TXintra00_8301/TXintra00_8301_svu_dtl.gtx","MultiGrid":false,"DataSource":"vdatum","LastUpdate":"20260908092331"},"geometry":{"type":"Polygon","coordinates":[[[-97.80700000000002,25.94],[-96.77499999999998,25.94],[-96.77499999999998,28.277],[-97.80700000000002,28.277],[-97.80700000000002,25.94]]]}},{"type":"Feature","properties":{"Name":"VDatum_MHHW","ID":"TXintra00_8301","Agency":"NOAA","DataLink":"https://vdatum.noaa.gov/download/data/TXintra00_8301.zip","DataType":"mhhw","Coverage":"txintra00_8301","ArchiveMember":"TXintra00_8301/TXintra00_8301_svu_mhhw.gtx","MultiGrid":false,"DataSource":"vdatum","LastUpdate":"20260908092331"},"geometry":{"type":"Polygon","coordinates":[[[-97.80700000000002,25.94],[-96.77499999999998,25.94],[-96.77499999999998,28.277],[-97.80700000000002,28.277],[-97.80700000000002,25.94]]]}},{"type":"Feature","properties":{"Name":"VDatum_MHW","ID":"TXintra00_8301","Agency":"NOAA","DataLink":"https://vdatum.noaa.gov/download/data/TXintra00_8301.zip","DataType":"mhw","Coverage":"txintra00_8301","ArchiveMember":"TXintra00_8301/TXintra00_8301_svu_mhw.gtx","MultiGrid":false,"DataSource":"vdatum","LastUpdate":"20260908092331"},"geometry":{"type":"Polygon","coordinates":[[[-97.80700000000002,25.94],[-96.77499999999998,25.94],[-96.77499999999998,28.277],[-97.80700000000002,28.277],[-97.80700000000002,25.94]]]}},{"type":"Feature","properties":{"Name":"VDatum_MLLW","ID":"TXintra00_8301","Agency":"NOAA","DataLink":"https://vdatum.noaa.gov/download/data/TXintra00_8301.zip","DataType":"mllw","Coverage":"txintra00_8301","ArchiveMember":"TXintra00_8301/TXintra00_8301_svu_mllw.gtx","MultiGrid":false,"DataSource":"vdatum","LastUpdate":"20260908092331"},"geometry":{"type":"Polygon","coordinates":[[[-97.80700000000002,25.94],[-96.77499999999998,25.94],[-96.77499999999998,28.277],[-97.80700000000002,28.277],[-97.80700000000002,25.94]]]}},{"type":"Feature","properties":{"Name":"VDatum_MLW","ID":"TXintra00_8301","Agency":"NOAA","DataLink":"https://vdatum.noaa.gov/download/data/TXintra00_8301.zip","DataType":"mlw","Coverage":"txintra00_8301","ArchiveMember":"TXintra00_8301/TXintra00_8301_svu_mlw.gtx","MultiGrid":false,"DataSource":"vdatum","LastUpdate":"20260908092331"},"geometry":{"type":"Polygon","coordinates":[[[-97.80700000000002,25.94],[-96.77499999999998,25.94],[-96.77499999999998,28.277],[-97.80700000000002,28.277],[-97.80700000000002,25.94]]]}},{"type":"Feature","properties":{"Name":"VDatum_MTL","ID":"TXintra00_8301","Agency":"NOAA","DataLink":"https://vdatum.noaa.gov/download/data/TXintra00_8301.zip","DataType":"mtl","Coverage":"txintra00_8301","ArchiveMember":"TXintra00_8301/txintra00_8301_svu_mtl.gtx","MultiGrid":false,"DataSource":"vdatum","LastUpdate":"20260908092331"},"geometry":{"type":"Polygon","coordinates":[[[-97.80700000000002,25.94],[-96.77499999999998,25.94],[-96.77499999999998,28.277],[-97.80700000000002,28.277],[-97.80700000000002,25.94]]]}},{"type":"Feature","properties":{"Name":"VDatum_TSS","ID":"TXintra00_8301","Agency":"NOAA","DataLink":"https://vdatum.noaa.gov/download/data/TXintra00_8301.zip","DataType":"tss","Coverage":"txintra00_8301","ArchiveMember":"TXintra00_8301/TXintra00_8301_tss.gtx","MultiGrid":false,"DataSource":"vdatum","LastUpdate":"20260908092331"},"geometry":{"type":"Polygon","coordinates":[[[-97.80700000000002,25.94],[-96.77499999999998,25.94],[-96.77499999999998,28.277],[-97.80700000000002,28.277],[-97.80700000000002,25.94]]]}},{"type":"Feature","properties":{"Name":"VDatum_DTL","ID":"TXlaggal01_8301","Agency":"NOAA","DataLink":"https://vdatum.noaa.gov/download/data/TXlaggal01_8301.zip","DataType":"dtl","Coverage":"txlaggal01_8301","ArchiveMember":"vdatum/TXlaggal01_8301/dtl.gtx","MultiGrid":false,"DataSource":"vdatum","LastUpdate":"20260908092331"},"geometry":{"type":"Polygon","coordinates":[[[-96.875,28.149],[-94.43,28.149],[-94.43,29.89],[-96.875,29.89],[-96.875,28.149]]]}},{"type":"Feature","properties":{"Name":"VDatum_MHHW","ID":"TXlaggal01_8301","Agency":"NOAA","DataLink":"https://vdatum.noaa.gov/download/data/TXlaggal01_8301.zip","DataType":"mhhw","Coverage":"txlaggal01_8301","ArchiveMember":"vdatum/TXlaggal01_8301/mhhw.gtx","MultiGrid":false,"DataSource":"vdatum","LastUpdate":"20260908092331"},"geometry":{"type":"Polygon","coordinates":[[[-96.875,28.149],[-94.43,28.149],[-94.43,29.89],[-96.875,29.89],[-96.875,28.149]]]}},{"type":"Feature","properties":{"Name":"VDatum_MHW","ID":"TXlaggal01_8301","Agency":"NOAA","DataLink":"https://vdatum.noaa.gov/download/data/TXlaggal01_8301.zip","DataType":"mhw","Coverage":"txlaggal01_8301","ArchiveMember":"vdatum/TXlaggal01_8301/mhw.gtx","MultiGrid":false,"DataSource":"vdatum","LastUpdate":"20260908092331"},"geometry":{"type":"Polygon","coordinates":[[[-96.875,28.149],[-94.43,28.149],[-94.43,29.89],[-96.875,29.89],[-96.875,28.149]]]}},{"type":"Feature","properties":{"Name":"VDatum_MLLW","ID":"TXlaggal01_8301","Agency":"NOAA","DataLink":"https://vdatum.noaa.gov/download/data/TXlaggal01_8301.zip","DataType":"mllw","Coverage":"txlaggal01_8301","ArchiveMember":"vdatum/TXlaggal01_8301/mllw.gtx","MultiGrid":false,"DataSource":"vdatum","LastUpdate":"20260908092331"},"geometry":{"type":"Polygon","coordinates":[[[-96.875,28.149],[-94.43,28.149],[-94.43,29.89],[-96.875,29.89],[-96.875,28.149]]]}},{"type":"Feature","properties":{"Name":"VDatum_MLW","ID":"TXlaggal01_8301","Agency":"NOAA","DataLink":"https://vdatum.noaa.gov/download/data/TXlaggal01_8301.zip","DataType":"mlw","Coverage":"txlaggal01_8301","ArchiveMember":"vdatum/TXlaggal01_8301/mlw.gtx","MultiGrid":false,"DataSource":"vdatum","LastUpdate":"20260908092331"},"geometry":{"type":"Polygon","coordinates":[[[-96.875,28.149],[-94.43,28.149],[-94.43,29.89],[-96.875,29.89],[-96.875,28.149]]]}},{"type":"Feature","properties":{"Name":"VDatum_MTL","ID":"TXlaggal01_8301","Agency":"NOAA","DataLink":"https://vdatum.noaa.gov/download/data/TXlaggal01_8301.zip","DataType":"mtl","Coverage":"txlaggal01_8301","ArchiveMember":"vdatum/TXlaggal01_8301/mtl.gtx","MultiGrid":false,"DataSource":"vdatum","LastUpdate":"20260908092331"},"geometry":{"type":"Polygon","coordinates":[[[-96.875,28.149],[-94.43,28.149],[-94.43,29.89],[-96.875,29.89],[-96.875,28.149]]]}},{"type":"Feature","properties":{"Name":"VDatum_TSS","ID":"TXlaggal01_8301","Agency":"NOAA","DataLink":"https://vdatum.noaa.gov/download/data/TXlaggal01_8301.zip","DataType":"tss","Coverage":"txlaggal01_8301","ArchiveMember":"vdatum/TXlaggal01_8301/tss.gtx","MultiGrid":false,"DataSource":"vdatum","LastUpdate":"20260908092331"},"geometry":{"type":"Polygon","coordinates":[[[-96.875,28.149],[-94.43,28.149],[-94.43,29.89],[-96.875,29.89],[-96.875,28.149]]]}},{"type":"Feature","properties":{"Name":"VDatum_DTL","ID":"TXlagmat01_8301","Agency":"NOAA","DataLink":"https://vdatum.noaa.gov/download/data/TXlagmat01_8301.zip","DataType":"dtl","Coverage":"txlagmat01_8301","ArchiveMember":"vdatum/TXlagmat01_8301/dtl.gtx","MultiGrid":false,"DataSource":"vdatum","LastUpdate":"20260908092331"},"geometry":{"type":"Polygon","coordinates":[[[-97.75999999999999,25.93],[-96.73899999999998,25.93],[-96.73899999999998,28.288],[-97.75999999999999,28.288],[-97.75999999999999,25.93]]]}},{"type":"Feature","properties":{"Name":"VDatum_MHHW","ID":"TXlagmat01_8301","Agency":"NOAA","DataLink":"https://vdatum.noaa.gov/download/data/TXlagmat01_8301.zip","DataType":"mhhw","Coverage":"txlagmat01_8301","ArchiveMember":"vdatum/TXlagmat01_8301/mhhw.gtx","MultiGrid":false,"DataSource":"vdatum","LastUpdate":"20260908092331"},"geometry":{"type":"Polygon","coordinates":[[[-97.75999999999999,25.93],[-96.73899999999998,25.93],[-96.73899999999998,28.288],[-97.75999999999999,28.288],[-97.75999999999999,25.93]]]}},{"type":"Feature","properties":{"Name":"VDatum_MHW","ID":"TXlagmat01_8301","Agency":"NOAA","DataLink":"https://vdatum.noaa.gov/download/data/TXlagmat01_8301.zip","DataType":"mhw","Coverage":"txlagmat01_8301","ArchiveMember":"vdatum/TXlagmat01_8301/mhw.gtx","MultiGrid":false,"DataSource":"vdatum","LastUpdate":"20260908092331"},"geometry":{"type":"Polygon","coordinates":[[[-97.75999999999999,25.93],[-96.73899999999998,25.93],[-96.73899999999998,28.288],[-97.75999999999999,28.288],[-97.75999999999999,25.93]]]}},{"type":"Feature","properties":{"Name":"VDatum_MLLW","ID":"TXlagmat01_8301","Agency":"NOAA","DataLink":"https://vdatum.noaa.gov/download/data/TXlagmat01_8301.zip","DataType":"mllw","Coverage":"txlagmat01_8301","ArchiveMember":"vdatum/TXlagmat01_8301/mllw.gtx","MultiGrid":false,"DataSource":"vdatum","LastUpdate":"20260908092331"},"geometry":{"type":"Polygon","coordinates":[[[-97.75999999999999,25.93],[-96.73899999999998,25.93],[-96.73899999999998,28.288],[-97.75999999999999,28.288],[-97.75999999999999,25.93]]]}},{"type":"Feature","properties":{"Name":"VDatum_MLW","ID":"TXlagmat01_8301","Agency":"NOAA","DataLink":"https://vdatum.noaa.gov/download/data/TXlagmat01_8301.zip","DataType":"mlw","Coverage":"txlagmat01_8301","ArchiveMember":"vdatum/TXlagmat01_8301/mlw.gtx","MultiGrid":false,"DataSource":"vdatum","LastUpdate":"20260908092331"},"geometry":{"type":"Polygon","coordinates":[[[-97.75999999999999,25.93],[-96.73899999999998,25.93],[-96.73899999999998,28.288],[-97.75999999999999,28.288],[-97.75999999999999,25.93]]]}},{"type":"Feature","properties":{"Name":"VDatum_MTL","ID":"TXlagmat01_8301","Agency":"NOAA","DataLink":"https://vdatum.noaa.gov/download/data/TXlagmat01_8301.zip","DataType":"mtl","Coverage":"txlagmat01_8301","ArchiveMember":"vdatum/TXlagmat01_8301/mtl.gtx","MultiGrid":false,"DataSource":"vdatum","LastUpdate":"20260908092331"},"geometry":{"type":"Polygon","coordinates":[[[-97.75999999999999,25.93],[-96.73899999999998,25.93],[-96.73899999999998,28.288],[-97.75999999999999,28.288],[-97.75999999999999,25.93]]]}},{"type":"Feature","properties":{"Name":"VDatum_TSS","ID":"TXlagmat01_8301","Agency":"NOAA","DataLink":"https://vdatum.noaa.gov/download/data/TXlagmat01_8301.zip","DataType":"tss","Coverage":"txlagmat01_8301","ArchiveMember":"vdatum/TXlagmat01_8301/tss.gtx","MultiGrid":false,"DataSource":"vdatum","LastUpdate":"20260908092331"},"geometry":{"type":"Polygon","coordinates":[[[-97.75999999999999,25.93],[-96.73899999999998,25.93],[-96.73899999999998,28.288],[-97.75999999999999,28.288],[-97.75999999999999,25.93]]]}},{"type":"Feature","properties":{"Name":"VDatum_DTL","ID":"TXoffshr00_8301","Agency":"NOAA","DataLink":"https://vdatum.noaa.gov/download/data/TXoffshr00_8301.zip","DataType":"dtl","Coverage":"txoffshr00_8301","ArchiveMember":"TXoffshr00_8301/TXoffshr00_8301_svu_dtl.gtx","MultiGrid":false,"DataSource":"vdatum","LastUpdate":"20260908092331"},"geometry":{"type":"Polygon","coordinates":[[[-97.394,25.94],[-95.35199999999998,25.94],[-95.35199999999998,28.806],[-97.394,28.806],[-97.394,25.94]]]}},{"type":"Feature","properties":{"Name":"VDatum_MHHW","ID":"TXoffshr00_8301","Agency":"NOAA","DataLink":"https://vdatum.noaa.gov/download/data/TXoffshr00_8301.zip","DataType":"mhhw","Coverage":"txoffshr00_8301","ArchiveMember":"TXoffshr00_8301/TXoffshr00_8301_svu_mhhw.gtx","MultiGrid":false,"DataSource":"vdatum","LastUpdate":"20260908092331"},"geometry":{"type":"Polygon","coordinates":[[[-97.394,25.94],[-95.35199999999998,25.94],[-95.35199999999998,28.806],[-97.394,28.806],[-97.394,25.94]]]}},{"type":"Feature","properties":{"Name":"VDatum_MHW","ID":"TXoffshr00_8301","Agency":"NOAA","DataLink":"https://vdatum.noaa.gov/download/data/TXoffshr00_8301.zip","DataType":"mhw","Coverage":"txoffshr00_8301","ArchiveMember":"TXoffshr00_8301/TXoffshr00_8301_svu_mhw.gtx","MultiGrid":false,"DataSource":"vdatum","LastUpdate":"20260908092331"},"geometry":{"type":"Polygon","coordinates":[[[-97.394,25.94],[-95.35199999999998,25.94],[-95.35199999999998,28.806],[-97.394,28.806],[-97.394,25.94]]]}},{"type":"Feature","properties":{"Name":"VDatum_MLLW","ID":"TXoffshr00_8301","Agency":"NOAA","DataLink":"https://vdatum.noaa.gov/download/data/TXoffshr00_8301.zip","DataType":"mllw","Coverage":"txoffshr00_8301","ArchiveMember":"TXoffshr00_8301/TXoffshr00_8301_svu_mllw.gtx","MultiGrid":false,"DataSource":"vdatum","LastUpdate":"20260908092331"},"geometry":{"type":"Polygon","coordinates":[[[-97.394,25.94],[-95.35199999999998,25.94],[-95.35199999999998,28.806],[-97.394,28.806],[-97.394,25.94]]]}},{"type":"Feature","properties":{"Name":"VDatum_MLW","ID":"TXoffshr00_8301","Agency":"NOAA","DataLink":"https://vdatum.noaa.gov/download/data/TXoffshr00_8301.zip","DataType":"mlw","Coverage":"txoffshr00_8301","ArchiveMember":"TXoffshr00_8301/TXoffshr00_8301_svu_mlw.gtx","MultiGrid":false,"DataSource":"vdatum","LastUpdate":"20260908092331"},"geometry":{"type":"Polygon","coordinates":[[[-97.394,25.94],[-95.35199999999998,25.94],[-95.35199999999998,28.806],[-97.394,28.806],[-97.394,25.94]]]}},{"type":"Feature","properties":{"Name":"VDatum_MTL","ID":"TXoffshr00_8301","Agency":"NOAA","DataLink":"https://vdatum.noaa.gov/download/data/TXoffshr00_8301.zip","DataType":"mtl","Coverage":"txoffshr00_8301","ArchiveMember":"TXoffshr00_8301/TXoffshr00_8301_svu_mtl.gtx","MultiGrid":false,"DataSource":"vdatum","LastUpdate":"20260908092331"},"geometry":{"type":"Polygon","coordinates":[[[-97.394,25.94],[-95.35199999999998,25.94],[-95.35199999999998,28.806],[-97.394,28.806],[-97.394,25.94]]]}},{"type":"Feature","properties":{"Name":"VDatum_TSS","ID":"TXoffshr00_8301","Agency":"NOAA","DataLink":"https://vdatum.noaa.gov/download/data/TXoffshr00_8301.zip","DataType":"tss","Coverage":"txoffshr00_8301","ArchiveMember":"TXoffshr00_8301/TXoffshr00_8301_tss.gtx","MultiGrid":false,"DataSource":"vdatum","LastUpdate":"20260908092331"},"geometry":{"type":"Polygon","coordinates":[[[-97.394,25.94],[-95.35199999999998,25.94],[-95.35199999999998,28.806],[-97.394,28.806],[-97.394,25.94]]]}},{"type":"Feature","properties":{"Name":"VDatum_DTL","ID":"TXshlgal01_8301","Agency":"NOAA","DataLink":"https://vdatum.noaa.gov/download/data/TXshlgal01_8301.zip","DataType":"dtl","Coverage":"txshlgal01_8301","ArchiveMember":"vdatum/TXshlgal01_8301/dtl.gtx","MultiGrid":false,"DataSource":"vdatum","LastUpdate":"20260908092331"},"geometry":{"type":"Polygon","coordinates":[[[-96.76499999999999,27.5],[-94.43,27.5],[-94.43,29.55],[-96.76499999999999,29.55],[-96.76499999999999,27.5]]]}},{"type":"Feature","properties":{"Name":"VDatum_MHHW","ID":"TXshlgal01_8301","Agency":"NOAA","DataLink":"https://vdatum.noaa.gov/download/data/TXshlgal01_8301.zip","DataType":"mhhw","Coverage":"txshlgal01_8301","ArchiveMember":"vdatum/TXshlgal01_8301/mhhw.gtx","MultiGrid":false,"DataSource":"vdatum","LastUpdate":"20260908092331"},"geometry":{"type":"Polygon","coordinates":[[[-96.76499999999999,27.5],[-94.43,27.5],[-94.43,29.55],[-96.76499999999999,29.55],[-96.76499999999999,27.5]]]}},{"type":"Feature","properties":{"Name":"VDatum_MHW","ID":"TXshlgal01_8301","Agency":"NOAA","DataLink":"https://vdatum.noaa.gov/download/data/TXshlgal01_8301.zip","DataType":"mhw","Coverage":"txshlgal01_8301","ArchiveMember":"vdatum/TXshlgal01_8301/mhw.gtx","MultiGrid":false,"DataSource":"vdatum","LastUpdate":"20260908092331"},"geometry":{"type":"Polygon","coordinates":[[[-96.76499999999999,27.5],[-94.43,27.5],[-94.43,29.55],[-96.76499999999999,29.55],[-96.76499999999999,27.5]]]}},{"type":"Feature","properties":{"Name":"VDatum_MLLW","ID":"TXshlgal01_8301","Agency":"NOAA","DataLink":"https://vdatum.noaa.gov/download/data/TXshlgal01_8301.zip","DataType":"mllw","Coverage":"txshlgal01_8301","ArchiveMember":"vdatum/TXshlgal01_8301/mllw.gtx","MultiGrid":false,"DataSource":"vdatum","LastUpdate":"20260908092331"},"geometry":{"type":"Polygon","coordinates":[[[-96.76499999999999,27.5],[-94.43,27.5],[-94.43,29.55],[-96.76499999999999,29.55],[-96.76499999999999,27.5]]]}},{"type":"Feature","properties":{"Name":"VDatum_MLW","ID":"TXshlgal01_8301","Agency":"NOAA","DataLink":"https://vdatum.noaa.gov/download/data/TXshlgal01_8301.zip","DataType":"mlw","Coverage":"txshlgal01_8301","ArchiveMember":"vdatum/TXshlgal01_8301/mlw.gtx","MultiGrid":false,"DataSource":"vdatum","LastUpdate":"20260908092331"},"geometry":{"type":"Polygon","coordinates":[[[-96.76499999999999,27.5],[-94.43,27.5],[-94.43,29.55],[-96.76499999999999,29.55],[-96.76499999999999,27.5]]]}},{"type":"Feature","properties":{"Name":"VDatum_MTL","ID":"TXshlgal01_8301","Agency":"NOAA","DataLink":"https://vdatum.noaa.gov/download/data/TXshlgal01_8301.zip","DataType":"mtl","Coverage":"txshlgal01_8301","ArchiveMember":"vdatum/TXshlgal01_8301/mtl.gtx","MultiGrid":false,"DataSource":"vdatum","LastUpdate":"20260908092331"},"geometry":{"type":"Polygon","coordinates":[[[-96.76499999999999,27.5],[-94.43,27.5],[-94.43,29.55],[-96.76499999999999,29.55],[-96.76499999999999,27.5]]]}},{"type":"Feature","properties":{"Name":"VDatum_TSS","ID":"TXshlgal01_8301","Agency":"NOAA","DataLink":"https://vdatum.noaa.gov/download/data/TXshlgal01_8301.zip","DataType":"tss","Coverage":"txshlgal01_8301","ArchiveMember":"vdatum/TXshlgal01_8301/tss.gtx","MultiGrid":false,"DataSource":"vdatum","LastUpdate":"20260908092331"},"geometry":{"type":"Polygon","coordinates":[[[-96.76499999999999,27.5],[-94.43,27.5],[-94.43,29.55],[-96.76499999999999,29.55],[-96.76499999999999,27.5]]]}},{"type":"Feature","properties":{"Name":"VDatum_DTL","ID":"TXshlmat01_8301","Agency":"NOAA","DataLink":"https://vdatum.noaa.gov/download/data/TXshlmat01_8301.zip","DataType":"dtl","Coverage":"txshlmat01_8301","ArchiveMember":"vdatum/TXshlmat01_8301/dtl.gtx","MultiGrid":false,"DataSource":"vdatum","LastUpdate":"20260908092331"},"geometry":{"type":"Polygon","coordinates":[[[-97.39999999999998,25.77],[-96.125,25.77],[-96.125,28.167],[-97.39999999999998,28.167],[-97.39999999999998,25.77]]]}},{"type":"Feature","properties":{"Name":"VDatum_MHHW","ID":"TXshlmat01_8301","Agency":"NOAA","DataLink":"https://vdatum.noaa.gov/download/data/TXshlmat01_8301.zip","DataType":"mhhw","Coverage":"txshlmat01_8301","ArchiveMember":"vdatum/TXshlmat01_8301/mhhw.gtx","MultiGrid":false,"DataSource":"vdatum","LastUpdate":"20260908092331"},"geometry":{"type":"Polygon","coordinates":[[[-97.39999999999998,25.77],[-96.125,25.77],[-96.125,28.167],[-97.39999999999998,28.167],[-97.39999999999998,25.77]]]}},{"type":"Feature","properties":{"Name":"VDatum_MHW","ID":"TXshlmat01_8301","Agency":"NOAA","DataLink":"https://vdatum.noaa.gov/download/data/TXshlmat01_8301.zip","DataType":"mhw","Coverage":"txshlmat01_8301","ArchiveMember":"vdatum/TXshlmat01_8301/mhw.gtx","MultiGrid":false,"DataSource":"vdatum","LastUpdate":"20260908092331"},"geometry":{"type":"Polygon","coordinates":[[[-97.39999999999998,25.77],[-96.125,25.77],[-96.125,28.167],[-97.39999999999998,28.167],[-97.39999999999998,25.77]]]}},{"type":"Feature","properties":{"Name":"VDatum_MLLW","ID":"TXshlmat01_8301","Agency":"NOAA","DataLink":"https://vdatum.noaa.gov/download/data/TXshlmat01_8301.zip","DataType":"mllw","Coverage":"txshlmat01_8301","ArchiveMember":"vdatum/TXshlmat01_8301/mllw.gtx","MultiGrid":false,"DataSource":"vdatum","LastUpdate":"20260908092331"},"geometry":{"type":"Polygon","coordinates":[[[-97.39999999999998,25.77],[-96.125,25.77],[-96.125,28.167],[-97.39999999999998,28.167],[-97.39999999999998,25.77]]]}},{"type":"Feature","properties":{"Name":"VDatum_MLW","ID":"TXshlmat01_8301","Agency":"NOAA","DataLink":"https://vdatum.noaa.gov/download/data/TXshlmat01_8301.zip","DataType":"mlw","Coverage":"txshlmat01_8301","ArchiveMember":"vdatum/TXshlmat01_8301/mlw.gtx","MultiGrid":false,"DataSource":"vdatum","LastUpdate":"20260908092331"},"geometry":{"type":"Polygon","coordinates":[[[-97.39999999999998,25.77],[-96.125,25.77],[-96.125,28.167],[-97.39999999999998,28.167],[-97.39999999999998,25.77]]]}},{"type":"Feature","properties":{"Name":"VDatum_MTL","ID":"TXshlmat01_8301","Agency":"NOAA","DataLink":"https://vdatum.noaa.gov/download/data/TXshlmat01_8301.zip","DataType":"mtl","Coverage":"txshlmat01_8301","ArchiveMember":"vdatum/TXshlmat01_8301/mtl.gtx","MultiGrid":false,"DataSource":"vdatum","LastUpdate":"20260908092331"},"geometry":{"type":"Polygon","coordinates":[[[-97.39999999999998,25.77],[-96.125,25.77],[-96.125,28.167],[-97.39999999999998,28.167],[-97.39999999999998,25.77]]]}},{"type":"Feature","properties":{"Name":"VDatum_TSS","ID":"TXshlmat01_8301","Agency":"NOAA","DataLink":"https://vdatum.noaa.gov/download/data/TXshlmat01_8301.zip","DataType":"tss","Coverage":"txshlmat01_8301","ArchiveMember":"vdatum/TXshlmat01_8301/tss.gtx","MultiGrid":false,"DataSource":"vdatum","LastUpdate":"20260908092331"},"geometry":{"type":"Polygon","coordinates":[[[-97.39999999999998,25.77],[-96.125,25.77],[-96.125,28.167],[-97.39999999999998,28.167],[-97.39999999999998,25.77]]]}},{"type":"Feature","properties":{"Name":"VDatum_DTL","ID":"VAswchb11_8301","Agency":"NOAA","DataLink":"https://vdatum.noaa.gov/download/data/VAswchb11_8301.zip","DataType":"dtl","Coverage":"vaswchb11_8301","ArchiveMember":"VAswchb11_8301/VAswchb11_8301_dtl.gtx","MultiGrid":false,"DataSource":"vdatum","LastUpdate":"20260908092331"},"geometry":{"type":"Polygon","coordinates":[[[-77.44200000000001,36.728],[-76.1268,36.728],[-76.1268,38.2328],[-77.44200000000001,38.2328],[-77.44200000000001,36.728]]]}},{"type":"Feature","properties":{"Name":"VDatum_MHHW","ID":"VAswchb11_8301","Agency":"NOAA","DataLink":"https://vdatum.noaa.gov/download/data/VAswchb11_8301.zip","DataType":"mhhw","Coverage":"vaswchb11_8301","ArchiveMember":"VAswchb11_8301/VAswchb11_8301_mhhw.gtx","MultiGrid":false,"DataSource":"vdatum","LastUpdate":"20260908092331"},"geometry":{"type":"Polygon","coordinates":[[[-77.44200000000001,36.728],[-76.1268,36.728],[-76.1268,38.2328],[-77.44200000000001,38.2328],[-77.44200000000001,36.728]]]}},{"type":"Feature","properties":{"Name":"VDatum_MHW","ID":"VAswchb11_8301","Agency":"NOAA","DataLink":"https://vdatum.noaa.gov/download/data/VAswchb11_8301.zip","DataType":"mhw","Coverage":"vaswchb11_8301","ArchiveMember":"VAswchb11_8301/VAswchb11_8301_mhw.gtx","MultiGrid":false,"DataSource":"vdatum","LastUpdate":"20260908092331"},"geometry":{"type":"Polygon","coordinates":[[[-77.44200000000001,36.728],[-76.1268,36.728],[-76.1268,38.2328],[-77.44200000000001,38.2328],[-77.44200000000001,36.728]]]}},{"type":"Feature","properties":{"Name":"VDatum_MLLW","ID":"VAswchb11_8301","Agency":"NOAA","DataLink":"https://vdatum.noaa.gov/download/data/VAswchb11_8301.zip","DataType":"mllw","Coverage":"vaswchb11_8301","ArchiveMember":"VAswchb11_8301/VAswchb11_8301_mllw.gtx","MultiGrid":false,"DataSource":"vdatum","LastUpdate":"20260908092331"},"geometry":{"type":"Polygon","coordinates":[[[-77.44200000000001,36.728],[-76.1268,36.728],[-76.1268,38.2328],[-77.44200000000001,38.2328],[-77.44200000000001,36.728]]]}},{"type":"Feature","properties":{"Name":"VDatum_MLW","ID":"VAswchb11_8301","Agency":"NOAA","DataLink":"https://vdatum.noaa.gov/download/data/VAswchb11_8301.zip","DataType":"mlw","Coverage":"vaswchb11_8301","ArchiveMember":"VAswchb11_8301/VAswchb11_8301_mlw.gtx","MultiGrid":false,"DataSource":"vdatum","LastUpdate":"20260908092331"},"geometry":{"type":"Polygon","coordinates":[[[-77.44200000000001,36.728],[-76.1268,36.728],[-76.1268,38.2328],[-77.44200000000001,38.2328],[-77.44200000000001,36.728]]]}},{"type":"Feature","properties":{"Name":"VDatum_MTL","ID":"VAswchb11_8301","Agency":"NOAA","DataLink":"https://vdatum.noaa.gov/download/data/VAswchb11_8301.zip","DataType":"mtl","Coverage":"vaswchb11_8301","ArchiveMember":"VAswchb11_8301/VAswchb11_8301_mtl.gtx","MultiGrid":false,"DataSource":"vdatum","LastUpdate":"20260908092331"},"geometry":{"type":"Polygon","coordinates":[[[-77.44200000000001,36.728],[-76.1268,36.728],[-76.1268,38.2328],[-77.44200000000001,38.2328],[-77.44200000000001,36.728]]]}},{"type":"Feature","properties":{"Name":"VDatum_TSS","ID":"VAswchb11_8301","Agency":"NOAA","DataLink":"https://vdatum.noaa.gov/download/data/VAswchb11_8301.zip","DataType":"tss","Coverage":"vaswchb11_8301","ArchiveMember":"VAswchb11_8301/VAswchb11_8301_tss.gtx","MultiGrid":false,"DataSource":"vdatum","LastUpdate":"20260908092331"},"geometry":{"type":"Polygon","coordinates":[[[-77.44200000000001,36.728],[-76.1268,36.728],[-76.1268,38.2328],[-77.44200000000001,38.2328],[-77.44200000000001,36.728]]]}},{"type":"Feature","properties":{"Name":"VDatum_DTL","ID":"WAcoast00_8301","Agency":"NOAA","DataLink":"https://vdatum.noaa.gov/download/data/WAcoast00_8301.zip","DataType":"dtl","Coverage":"wacoast00_8301","ArchiveMember":"WAcoast00_8301/WAcoast00_8301_dtl.gtx","MultiGrid":false,"DataSource":"vdatum","LastUpdate":"20260908092331"},"geometry":{"type":"Polygon","coordinates":[[[-126.377543,45.232],[-121.53754300000003,45.232],[-121.53754300000003,48.176],[-126.377543,48.176],[-126.377543,45.232]]]}},{"type":"Feature","properties":{"Name":"VDatum_MHHW","ID":"WAcoast00_8301","Agency":"NOAA","DataLink":"https://vdatum.noaa.gov/download/data/WAcoast00_8301.zip","DataType":"mhhw","Coverage":"wacoast00_8301","ArchiveMember":"WAcoast00_8301/WAcoast00_8301_mhhw.gtx","MultiGrid":false,"DataSource":"vdatum","LastUpdate":"20260908092331"},"geometry":{"type":"Polygon","coordinates":[[[-126.377543,45.232],[-121.53754300000003,45.232],[-121.53754300000003,48.176],[-126.377543,48.176],[-126.377543,45.232]]]}},{"type":"Feature","properties":{"Name":"VDatum_MHW","ID":"WAcoast00_8301","Agency":"NOAA","DataLink":"https://vdatum.noaa.gov/download/data/WAcoast00_8301.zip","DataType":"mhw","Coverage":"wacoast00_8301","ArchiveMember":"WAcoast00_8301/WAcoast00_8301_mhw.gtx","MultiGrid":false,"DataSource":"vdatum","LastUpdate":"20260908092331"},"geometry":{"type":"Polygon","coordinates":[[[-126.377543,45.232],[-121.53754300000003,45.232],[-121.53754300000003,48.176],[-126.377543,48.176],[-126.377543,45.232]]]}},{"type":"Feature","properties":{"Name":"VDatum_MLLW","ID":"WAcoast00_8301","Agency":"NOAA","DataLink":"https://vdatum.noaa.gov/download/data/WAcoast00_8301.zip","DataType":"mllw","Coverage":"wacoast00_8301","ArchiveMember":"WAcoast00_8301/WAcoast00_8301_mllw.gtx","MultiGrid":false,"DataSource":"vdatum","LastUpdate":"20260908092331"},"geometry":{"type":"Polygon","coordinates":[[[-126.377543,45.232],[-121.53754300000003,45.232],[-121.53754300000003,48.176],[-126.377543,48.176],[-126.377543,45.232]]]}},{"type":"Feature","properties":{"Name":"VDatum_MLW","ID":"WAcoast00_8301","Agency":"NOAA","DataLink":"https://vdatum.noaa.gov/download/data/WAcoast00_8301.zip","DataType":"mlw","Coverage":"wacoast00_8301","ArchiveMember":"WAcoast00_8301/WAcoast00_8301_mlw.gtx","MultiGrid":false,"DataSource":"vdatum","LastUpdate":"20260908092331"},"geometry":{"type":"Polygon","coordinates":[[[-126.377543,45.232],[-121.53754300000003,45.232],[-121.53754300000003,48.176],[-126.377543,48.176],[-126.377543,45.232]]]}},{"type":"Feature","properties":{"Name":"VDatum_MTL","ID":"WAcoast00_8301","Agency":"NOAA","DataLink":"https://vdatum.noaa.gov/download/data/WAcoast00_8301.zip","DataType":"mtl","Coverage":"wacoast00_8301","ArchiveMember":"WAcoast00_8301/WAcoast00_8301_mtl.gtx","MultiGrid":false,"DataSource":"vdatum","LastUpdate":"20260908092331"},"geometry":{"type":"Polygon","coordinates":[[[-126.377543,45.232],[-121.53754300000003,45.232],[-121.53754300000003,48.176],[-126.377543,48.176],[-126.377543,45.232]]]}},{"type":"Feature","properties":{"Name":"VDatum_TSS","ID":"WAcoast00_8301","Agency":"NOAA","DataLink":"https://vdatum.noaa.gov/download/data/WAcoast00_8301.zip","DataType":"tss","Coverage":"wacoast00_8301","ArchiveMember":"WAcoast00_8301/WAcoast00_8301_tss.gtx","MultiGrid":false,"DataSource":"vdatum","LastUpdate":"20260908092331"},"geometry":{"type":"Polygon","coordinates":[[[-126.377543,45.232],[-121.53754300000003,45.232],[-121.53754300000003,48.176],[-126.377543,48.176],[-126.377543,45.232]]]}},{"type":"Feature","properties":{"Name":"VDatum_DTL","ID":"WAjdfin00_8301","Agency":"NOAA","DataLink":"https://vdatum.noaa.gov/download/data/WAjdfin00_8301.zip","DataType":"dtl","Coverage":"wajdfin00_8301","ArchiveMember":"WAjdfin00_8301/WAjdfin00_8301_dtl.gtx","MultiGrid":false,"DataSource":"vdatum","LastUpdate":"20260908092331"},"geometry":{"type":"Polygon","coordinates":[[[-122.79257000000001,48.0191],[-122.14157,48.0191],[-122.14157,48.9971],[-122.79257000000001,48.9971],[-122.79257000000001,48.0191]]]}},{"type":"Feature","properties":{"Name":"VDatum_MHHW","ID":"WAjdfin00_8301","Agency":"NOAA","DataLink":"https://vdatum.noaa.gov/download/data/WAjdfin00_8301.zip","DataType":"mhhw","Coverage":"wajdfin00_8301","ArchiveMember":"WAjdfin00_8301/WAjdfin00_8301_mhhw.gtx","MultiGrid":false,"DataSource":"vdatum","LastUpdate":"20260908092331"},"geometry":{"type":"Polygon","coordinates":[[[-122.79257000000001,48.0191],[-122.14157,48.0191],[-122.14157,48.9971],[-122.79257000000001,48.9971],[-122.79257000000001,48.0191]]]}},{"type":"Feature","properties":{"Name":"VDatum_MHW","ID":"WAjdfin00_8301","Agency":"NOAA","DataLink":"https://vdatum.noaa.gov/download/data/WAjdfin00_8301.zip","DataType":"mhw","Coverage":"wajdfin00_8301","ArchiveMember":"WAjdfin00_8301/WAjdfin00_8301_mhw.gtx","MultiGrid":false,"DataSource":"vdatum","LastUpdate":"20260908092331"},"geometry":{"type":"Polygon","coordinates":[[[-122.79257000000001,48.0191],[-122.14157,48.0191],[-122.14157,48.9971],[-122.79257000000001,48.9971],[-122.79257000000001,48.0191]]]}},{"type":"Feature","properties":{"Name":"VDatum_MLLW","ID":"WAjdfin00_8301","Agency":"NOAA","DataLink":"https://vdatum.noaa.gov/download/data/WAjdfin00_8301.zip","DataType":"mllw","Coverage":"wajdfin00_8301","ArchiveMember":"WAjdfin00_8301/WAjdfin00_8301_mllw.gtx","MultiGrid":false,"DataSource":"vdatum","LastUpdate":"20260908092331"},"geometry":{"type":"Polygon","coordinates":[[[-122.79257000000001,48.0191],[-122.14157,48.0191],[-122.14157,48.9971],[-122.79257000000001,48.9971],[-122.79257000000001,48.0191]]]}},{"type":"Feature","properties":{"Name":"VDatum_MLW","ID":"WAjdfin00_8301","Agency":"NOAA","DataLink":"https://vdatum.noaa.gov/download/data/WAjdfin00_8301.zip","DataType":"mlw","Coverage":"wajdfin00_8301","ArchiveMember":"WAjdfin00_8301/WAjdfin00_8301_mlw.gtx","MultiGrid":false,"DataSource":"vdatum","LastUpdate":"20260908092331"},"geometry":{"type":"Polygon","coordinates":[[[-122.79257000000001,48.0191],[-122.14157,48.0191],[-122.14157,48.9971],[-122.79257000000001,48.9971],[-122.79257000000001,48.0191]]]}},{"type":"Feature","properties":{"Name":"VDatum_MTL","ID":"WAjdfin00_8301","Agency":"NOAA","DataLink":"https://vdatum.noaa.gov/download/data/WAjdfin00_8301.zip","DataType":"mtl","Coverage":"wajdfin00_8301","ArchiveMember":"WAjdfin00_8301/WAjdfin00_8301_mtl.gtx","MultiGrid":false,"DataSource":"vdatum","LastUpdate":"20260908092331"},"geometry":{"type":"Polygon","coordinates":[[[-122.79257000000001,48.0191],[-122.14157,48.0191],[-122.14157,48.9971],[-122.79257000000001,48.9971],[-122.79257000000001,48.0191]]]}},{"type":"Feature","properties":{"Name":"VDatum_TSS","ID":"WAjdfin00_8301","Agency":"NOAA","DataLink":"https://vdatum.noaa.gov/download/data/WAjdfin00_8301.zip","DataType":"tss","Coverage":"wajdfin00_8301","ArchiveMember":"WAjdfin00_8301/WAjdfin00_8301_tss.gtx","MultiGrid":false,"DataSource":"vdatum","LastUpdate":"20260908092331"},"geometry":{"type":"Polygon","coordinates":[[[-122.79257000000001,48.0191],[-122.14157,48.0191],[-122.14157,48.9971],[-122.79257000000001,48.9971],[-122.79257000000001,48.0191]]]}},{"type":"Feature","properties":{"Name":"VDatum_DTL","ID":"WAjdfuca03_8301","Agency":"NOAA","DataLink":"https://vdatum.noaa.gov/download/data/WAjdfuca03_8301.zip","DataType":"dtl","Coverage":"wajdfuca03_8301","ArchiveMember":"vdatum/WAjdfuca03_8301/dtl.gtx","MultiGrid":false,"DataSource":"vdatum","LastUpdate":"20260908092331"},"geometry":{"type":"Polygon","coordinates":[[[-126.28833299999997,47.989667],[-122.34833300000003,47.989667],[-122.34833300000003,49.002917],[-126.28833299999997,49.002917],[-126.28833299999997,47.989667]]]}},{"type":"Feature","properties":{"Name":"VDatum_MHHW","ID":"WAjdfuca03_8301","Agency":"NOAA","DataLink":"https://vdatum.noaa.gov/download/data/WAjdfuca03_8301.zip","DataType":"mhhw","Coverage":"wajdfuca03_8301","ArchiveMember":"vdatum/WAjdfuca03_8301/mhhw.gtx","MultiGrid":false,"DataSource":"vdatum","LastUpdate":"20260908092331"},"geometry":{"type":"Polygon","coordinates":[[[-126.28833299999997,47.989667],[-122.34833300000003,47.989667],[-122.34833300000003,49.002917],[-126.28833299999997,49.002917],[-126.28833299999997,47.989667]]]}},{"type":"Feature","properties":{"Name":"VDatum_MHW","ID":"WAjdfuca03_8301","Agency":"NOAA","DataLink":"https://vdatum.noaa.gov/download/data/WAjdfuca03_8301.zip","DataType":"mhw","Coverage":"wajdfuca03_8301","ArchiveMember":"vdatum/WAjdfuca03_8301/mhw.gtx","MultiGrid":false,"DataSource":"vdatum","LastUpdate":"20260908092331"},"geometry":{"type":"Polygon","coordinates":[[[-126.28833299999997,47.989667],[-122.34833300000003,47.989667],[-122.34833300000003,49.002917],[-126.28833299999997,49.002917],[-126.28833299999997,47.989667]]]}},{"type":"Feature","properties":{"Name":"VDatum_MLLW","ID":"WAjdfuca03_8301","Agency":"NOAA","DataLink":"https://vdatum.noaa.gov/download/data/WAjdfuca03_8301.zip","DataType":"mllw","Coverage":"wajdfuca03_8301","ArchiveMember":"vdatum/WAjdfuca03_8301/mllw.gtx","MultiGrid":false,"DataSource":"vdatum","LastUpdate":"20260908092331"},"geometry":{"type":"Polygon","coordinates":[[[-126.28833299999997,47.989667],[-122.34833300000003,47.989667],[-122.34833300000003,49.002917],[-126.28833299999997,49.002917],[-126.28833299999997,47.989667]]]}},{"type":"Feature","properties":{"Name":"VDatum_MLW","ID":"WAjdfuca03_8301","Agency":"NOAA","DataLink":"https://vdatum.noaa.gov/download/data/WAjdfuca03_8301.zip","DataType":"mlw","Coverage":"wajdfuca03_8301","ArchiveMember":"vdatum/WAjdfuca03_8301/mlw.gtx","MultiGrid":false,"DataSource":"vdatum","LastUpdate":"20260908092331"},"geometry":{"type":"Polygon","coordinates":[[[-126.28833299999997,47.989667],[-122.34833300000003,47.989667],[-122.34833300000003,49.002917],[-126.28833299999997,49.002917],[-126.28833299999997,47.989667]]]}},{"type":"Feature","properties":{"Name":"VDatum_MTL","ID":"WAjdfuca03_8301","Agency":"NOAA","DataLink":"https://vdatum.noaa.gov/download/data/WAjdfuca03_8301.zip","DataType":"mtl","Coverage":"wajdfuca03_8301","ArchiveMember":"vdatum/WAjdfuca03_8301/mtl.gtx","MultiGrid":false,"DataSource":"vdatum","LastUpdate":"20260908092331"},"geometry":{"type":"Polygon","coordinates":[[[-126.28833299999997,47.989667],[-122.34833300000003,47.989667],[-122.34833300000003,49.002917],[-126.28833299999997,49.002917],[-126.28833299999997,47.989667]]]}},{"type":"Feature","properties":{"Name":"VDatum_TSS","ID":"WAjdfuca03_8301","Agency":"NOAA","DataLink":"https://vdatum.noaa.gov/download/data/WAjdfuca03_8301.zip","DataType":"tss","Coverage":"wajdfuca03_8301","ArchiveMember":"vdatum/WAjdfuca03_8301/tss.gtx","MultiGrid":false,"DataSource":"vdatum","LastUpdate":"20260908092331"},"geometry":{"type":"Polygon","coordinates":[[[-126.28833299999997,47.989667],[-122.34833300000003,47.989667],[-122.34833300000003,49.002917],[-126.28833299999997,49.002917],[-126.28833299999997,47.989667]]]}},{"type":"Feature","properties":{"Name":"VDatum_DTL","ID":"WAjdfuca14_8301","Agency":"NOAA","DataLink":"https://vdatum.noaa.gov/download/data/WAjdfuca14_8301.zip","DataType":"dtl","Coverage":"wajdfuca14_8301","ArchiveMember":"WAjdfuca14_8301/WAjdfuca14_8301_dtl.gtx","MultiGrid":false,"DataSource":"vdatum","LastUpdate":"20260908092331"},"geometry":{"type":"Polygon","coordinates":[[[-126.344,47.9457],[-122.17700000000002,47.9457],[-122.17700000000002,49.1467],[-126.344,49.1467],[-126.344,47.9457]]]}},{"type":"Feature","properties":{"Name":"VDatum_MHHW","ID":"WAjdfuca14_8301","Agency":"NOAA","DataLink":"https://vdatum.noaa.gov/download/data/WAjdfuca14_8301.zip","DataType":"mhhw","Coverage":"wajdfuca14_8301","ArchiveMember":"WAjdfuca14_8301/WAjdfuca14_8301_mhhw.gtx","MultiGrid":false,"DataSource":"vdatum","LastUpdate":"20260908092331"},"geometry":{"type":"Polygon","coordinates":[[[-126.344,47.9457],[-122.17700000000002,47.9457],[-122.17700000000002,49.1467],[-126.344,49.1467],[-126.344,47.9457]]]}},{"type":"Feature","properties":{"Name":"VDatum_MHW","ID":"WAjdfuca14_8301","Agency":"NOAA","DataLink":"https://vdatum.noaa.gov/download/data/WAjdfuca14_8301.zip","DataType":"mhw","Coverage":"wajdfuca14_8301","ArchiveMember":"WAjdfuca14_8301/WAjdfuca14_8301_mhw.gtx","MultiGrid":false,"DataSource":"vdatum","LastUpdate":"20260908092331"},"geometry":{"type":"Polygon","coordinates":[[[-126.344,47.9457],[-122.17700000000002,47.9457],[-122.17700000000002,49.1467],[-126.344,49.1467],[-126.344,47.9457]]]}},{"type":"Feature","properties":{"Name":"VDatum_MLLW","ID":"WAjdfuca14_8301","Agency":"NOAA","DataLink":"https://vdatum.noaa.gov/download/data/WAjdfuca14_8301.zip","DataType":"mllw","Coverage":"wajdfuca14_8301","ArchiveMember":"WAjdfuca14_8301/WAjdfuca14_8301_mllw.gtx","MultiGrid":false,"DataSource":"vdatum","LastUpdate":"20260908092331"},"geometry":{"type":"Polygon","coordinates":[[[-126.344,47.9457],[-122.17700000000002,47.9457],[-122.17700000000002,49.1467],[-126.344,49.1467],[-126.344,47.9457]]]}},{"type":"Feature","properties":{"Name":"VDatum_MLW","ID":"WAjdfuca14_8301","Agency":"NOAA","DataLink":"https://vdatum.noaa.gov/download/data/WAjdfuca14_8301.zip","DataType":"mlw","Coverage":"wajdfuca14_8301","ArchiveMember":"WAjdfuca14_8301/WAjdfuca14_8301_mlw.gtx","MultiGrid":false,"DataSource":"vdatum","LastUpdate":"20260908092331"},"geometry":{"type":"Polygon","coordinates":[[[-126.344,47.9457],[-122.17700000000002,47.9457],[-122.17700000000002,49.1467],[-126.344,49.1467],[-126.344,47.9457]]]}},{"type":"Feature","properties":{"Name":"VDatum_MTL","ID":"WAjdfuca14_8301","Agency":"NOAA","DataLink":"https://vdatum.noaa.gov/download/data/WAjdfuca14_8301.zip","DataType":"mtl","Coverage":"wajdfuca14_8301","ArchiveMember":"WAjdfuca14_8301/WAjdfuca14_8301_mtl.gtx","MultiGrid":false,"DataSource":"vdatum","LastUpdate":"20260908092331"},"geometry":{"type":"Polygon","coordinates":[[[-126.344,47.9457],[-122.17700000000002,47.9457],[-122.17700000000002,49.1467],[-126.344,49.1467],[-126.344,47.9457]]]}},{"type":"Feature","properties":{"Name":"VDatum_TSS","ID":"WAjdfuca14_8301","Agency":"NOAA","DataLink":"https://vdatum.noaa.gov/download/data/WAjdfuca14_8301.zip","DataType":"tss","Coverage":"wajdfuca14_8301","ArchiveMember":"WAjdfuca14_8301/WAjdfuca14_8301_tss.gtx","MultiGrid":false,"DataSource":"vdatum","LastUpdate":"20260908092331"},"geometry":{"type":"Polygon","coordinates":[[[-126.344,47.9457],[-122.17700000000002,47.9457],[-122.17700000000002,49.1467],[-126.344,49.1467],[-126.344,47.9457]]]}},{"type":"Feature","properties":{"Name":"VDatum_DTL","ID":"WApugets02_8301","Agency":"NOAA","DataLink":"https://vdatum.noaa.gov/download/data/WApugets02_8301.zip","DataType":"dtl","Coverage":"wapugets02_8301","ArchiveMember":"vdatum/WApugets02_8301/dtl.gtx","MultiGrid":false,"DataSource":"vdatum","LastUpdate":"20260908092331"},"geometry":{"type":"Polygon","coordinates":[[[-123.183333,47.016667],[-122.16583300000002,47.016667],[-122.16583300000002,48.183917],[-123.183333,48.183917],[-123.183333,47.016667]]]}},{"type":"Feature","properties":{"Name":"VDatum_MHHW","ID":"WApugets02_8301","Agency":"NOAA","DataLink":"https://vdatum.noaa.gov/download/data/WApugets02_8301.zip","DataType":"mhhw","Coverage":"wapugets02_8301","ArchiveMember":"vdatum/WApugets02_8301/mhhw.gtx","MultiGrid":false,"DataSource":"vdatum","LastUpdate":"20260908092331"},"geometry":{"type":"Polygon","coordinates":[[[-123.183333,47.016667],[-122.16583300000002,47.016667],[-122.16583300000002,48.183917],[-123.183333,48.183917],[-123.183333,47.016667]]]}},{"type":"Feature","properties":{"Name":"VDatum_MHW","ID":"WApugets02_8301","Agency":"NOAA","DataLink":"https://vdatum.noaa.gov/download/data/WApugets02_8301.zip","DataType":"mhw","Coverage":"wapugets02_8301","ArchiveMember":"vdatum/WApugets02_8301/mhw.gtx","MultiGrid":false,"DataSource":"vdatum","LastUpdate":"20260908092331"},"geometry":{"type":"Polygon","coordinates":[[[-123.183333,47.016667],[-122.16583300000002,47.016667],[-122.16583300000002,48.183917],[-123.183333,48.183917],[-123.183333,47.016667]]]}},{"type":"Feature","properties":{"Name":"VDatum_MLLW","ID":"WApugets02_8301","Agency":"NOAA","DataLink":"https://vdatum.noaa.gov/download/data/WApugets02_8301.zip","DataType":"mllw","Coverage":"wapugets02_8301","ArchiveMember":"vdatum/WApugets02_8301/mllw.gtx","MultiGrid":false,"DataSource":"vdatum","LastUpdate":"20260908092331"},"geometry":{"type":"Polygon","coordinates":[[[-123.183333,47.016667],[-122.16583300000002,47.016667],[-122.16583300000002,48.183917],[-123.183333,48.183917],[-123.183333,47.016667]]]}},{"type":"Feature","properties":{"Name":"VDatum_MLW","ID":"WApugets02_8301","Agency":"NOAA","DataLink":"https://vdatum.noaa.gov/download/data/WApugets02_8301.zip","DataType":"mlw","Coverage":"wapugets02_8301","ArchiveMember":"vdatum/WApugets02_8301/mlw.gtx","MultiGrid":false,"DataSource":"vdatum","LastUpdate":"20260908092331"},"geometry":{"type":"Polygon","coordinates":[[[-123.183333,47.016667],[-122.16583300000002,47.016667],[-122.16583300000002,48.183917],[-123.183333,48.183917],[-123.183333,47.016667]]]}},{"type":"Feature","properties":{"Name":"VDatum_MTL","ID":"WApugets02_8301","Agency":"NOAA","DataLink":"https://vdatum.noaa.gov/download/data/WApugets02_8301.zip","DataType":"mtl","Coverage":"wapugets02_8301","ArchiveMember":"vdatum/WApugets02_8301/mtl.gtx","MultiGrid":false,"DataSource":"vdatum","LastUpdate":"20260908092331"},"geometry":{"type":"Polygon","coordinates":[[[-123.183333,47.016667],[-122.16583300000002,47.016667],[-122.16583300000002,48.183917],[-123.183333,48.183917],[-123.183333,47.016667]]]}},{"type":"Feature","properties":{"Name":"VDatum_TSS","ID":"WApugets02_8301","Agency":"NOAA","DataLink":"https://vdatum.noaa.gov/download/data/WApugets02_8301.zip","DataType":"tss","Coverage":"wapugets02_8301","ArchiveMember":"vdatum/WApugets02_8301/tss.gtx","MultiGrid":false,"DataSource":"vdatum","LastUpdate":"20260908092331"},"geometry":{"type":"Polygon","coordinates":[[[-123.183333,47.016667],[-122.16583300000002,47.016667],[-122.16583300000002,48.183917],[-123.183333,48.183917],[-123.183333,47.016667]]]}},{"type":"Feature","properties":{"Name":"VDatum_DTL","ID":"WApugets13_8301","Agency":"NOAA","DataLink":"https://vdatum.noaa.gov/download/data/WApugets13_8301.zip","DataType":"dtl","Coverage":"wapugets13_8301","ArchiveMember":"WApugets13_8301/WApugets13_8301_dtl.gtx","MultiGrid":false,"DataSource":"vdatum","LastUpdate":"20260908092331"},"geometry":{"type":"Polygon","coordinates":[[[-123.18430000000001,47.0157],[-122.1773,47.0157],[-122.1773,48.0197],[-123.18430000000001,48.0197],[-123.18430000000001,47.0157]]]}},{"type":"Feature","properties":{"Name":"VDatum_MHHW","ID":"WApugets13_8301","Agency":"NOAA","DataLink":"https://vdatum.noaa.gov/download/data/WApugets13_8301.zip","DataType":"mhhw","Coverage":"wapugets13_8301","ArchiveMember":"WApugets13_8301/WApugets13_8301_mhhw.gtx","MultiGrid":false,"DataSource":"vdatum","LastUpdate":"20260908092331"},"geometry":{"type":"Polygon","coordinates":[[[-123.18430000000001,47.0157],[-122.1773,47.0157],[-122.1773,48.0197],[-123.18430000000001,48.0197],[-123.18430000000001,47.0157]]]}},{"type":"Feature","properties":{"Name":"VDatum_MHW","ID":"WApugets13_8301","Agency":"NOAA","DataLink":"https://vdatum.noaa.gov/download/data/WApugets13_8301.zip","DataType":"mhw","Coverage":"wapugets13_8301","ArchiveMember":"WApugets13_8301/WApugets13_8301_mhw.gtx","MultiGrid":false,"DataSource":"vdatum","LastUpdate":"20260908092331"},"geometry":{"type":"Polygon","coordinates":[[[-123.18430000000001,47.0157],[-122.1773,47.0157],[-122.1773,48.0197],[-123.18430000000001,48.0197],[-123.18430000000001,47.0157]]]}},{"type":"Feature","properties":{"Name":"VDatum_MLLW","ID":"WApugets13_8301","Agency":"NOAA","DataLink":"https://vdatum.noaa.gov/download/data/WApugets13_8301.zip","DataType":"mllw","Coverage":"wapugets13_8301","ArchiveMember":"WApugets13_8301/WApugets13_8301_mllw.gtx","MultiGrid":false,"DataSource":"vdatum","LastUpdate":"20260908092331"},"geometry":{"type":"Polygon","coordinates":[[[-123.18430000000001,47.0157],[-122.1773,47.0157],[-122.1773,48.0197],[-123.18430000000001,48.0197],[-123.18430000000001,47.0157]]]}},{"type":"Feature","properties":{"Name":"VDatum_MLW","ID":"WApugets13_8301","Agency":"NOAA","DataLink":"https://vdatum.noaa.gov/download/data/WApugets13_8301.zip","DataType":"mlw","Coverage":"wapugets13_8301","ArchiveMember":"WApugets13_8301/WApugets13_8301_mlw.gtx","MultiGrid":false,"DataSource":"vdatum","LastUpdate":"20260908092331"},"geometry":{"type":"Polygon","coordinates":[[[-123.18430000000001,47.0157],[-122.1773,47.0157],[-122.1773,48.0197],[-123.18430000000001,48.0197],[-123.18430000000001,47.0157]]]}},{"type":"Feature","properties":{"Name":"VDatum_MTL","ID":"WApugets13_8301","Agency":"NOAA","DataLink":"https://vdatum.noaa.gov/download/data/WApugets13_8301.zip","DataType":"mtl","Coverage":"wapugets13_8301","ArchiveMember":"WApugets13_8301/WApugets13_8301_mtl.gtx","MultiGrid":false,"DataSource":"vdatum","LastUpdate":"20260908092331"},"geometry":{"type":"Polygon","coordinates":[[[-123.18430000000001,47.0157],[-122.1773,47.0157],[-122.1773,48.0197],[-123.18430000000001,48.0197],[-123.18430000000001,47.0157]]]}},{"type":"Feature","properties":{"Name":"VDatum_TSS","ID":"WApugets13_8301","Agency":"NOAA","DataLink":"https://vdatum.noaa.gov/download/data/WApugets13_8301.zip","DataType":"tss","Coverage":"wapugets13_8301","ArchiveMember":"WApugets13_8301/WApugets13_8301_tss.gtx","MultiGrid":false,"DataSource":"vdatum","LastUpdate":"20260908092331"},"geometry":{"type":"Polygon","coordinates":[[[-123.18430000000001,47.0157],[-122.1773,47.0157],[-122.1773,48.0197],[-123.18430000000001,48.0197],[-123.18430000000001,47.0157]]]}},{"type":"Feature","properties":{"Name":"VDatum_DTL","ID":"WCoffsh00_8301","Agency":"NOAA","DataLink":"https://vdatum.noaa.gov/download/data/WCoffsh00_8301.zip","DataType":"dtl","Coverage":"wcoffsh00_8301","ArchiveMember":"WCoffsh00_8301/WCoffsh00_8301_dtl.gtx","MultiGrid":false,"DataSource":"vdatum","LastUpdate":"20260908092331"},"geometry":{"type":"Polygon","coordinates":[[[-132.385,30.755],[-119.73000000000002,30.755],[-119.73000000000002,50.915],[-132.385,50.915],[-132.385,30.755]]]}},{"type":"Feature","properties":{"Name":"VDatum_MHHW","ID":"WCoffsh00_8301","Agency":"NOAA","DataLink":"https://vdatum.noaa.gov/download/data/WCoffsh00_8301.zip","DataType":"mhhw","Coverage":"wcoffsh00_8301","ArchiveMember":"WCoffsh00_8301/WCoffsh00_8301_mhhw.gtx","MultiGrid":false,"DataSource":"vdatum","LastUpdate":"20260908092331"},"geometry":{"type":"Polygon","coordinates":[[[-132.385,30.755],[-119.73000000000002,30.755],[-119.73000000000002,50.915],[-132.385,50.915],[-132.385,30.755]]]}},{"type":"Feature","properties":{"Name":"VDatum_MHW","ID":"WCoffsh00_8301","Agency":"NOAA","DataLink":"https://vdatum.noaa.gov/download/data/WCoffsh00_8301.zip","DataType":"mhw","Coverage":"wcoffsh00_8301","ArchiveMember":"WCoffsh00_8301/WCoffsh00_8301_mhw.gtx","MultiGrid":false,"DataSource":"vdatum","LastUpdate":"20260908092331"},"geometry":{"type":"Polygon","coordinates":[[[-132.385,30.755],[-119.73000000000002,30.755],[-119.73000000000002,50.915],[-132.385,50.915],[-132.385,30.755]]]}},{"type":"Feature","properties":{"Name":"VDatum_MLLW","ID":"WCoffsh00_8301","Agency":"NOAA","DataLink":"https://vdatum.noaa.gov/download/data/WCoffsh00_8301.zip","DataType":"mllw","Coverage":"wcoffsh00_8301","ArchiveMember":"WCoffsh00_8301/WCoffsh00_8301_mllw.gtx","MultiGrid":false,"DataSource":"vdatum","LastUpdate":"20260908092331"},"geometry":{"type":"Polygon","coordinates":[[[-132.385,30.755],[-119.73000000000002,30.755],[-119.73000000000002,50.915],[-132.385,50.915],[-132.385,30.755]]]}},{"type":"Feature","properties":{"Name":"VDatum_MLW","ID":"WCoffsh00_8301","Agency":"NOAA","DataLink":"https://vdatum.noaa.gov/download/data/WCoffsh00_8301.zip","DataType":"mlw","Coverage":"wcoffsh00_8301","ArchiveMember":"WCoffsh00_8301/WCoffsh00_8301_mlw.gtx","MultiGrid":false,"DataSource":"vdatum","LastUpdate":"20260908092331"},"geometry":{"type":"Polygon","coordinates":[[[-132.385,30.755],[-119.73000000000002,30.755],[-119.73000000000002,50.915],[-132.385,50.915],[-132.385,30.755]]]}},{"type":"Feature","properties":{"Name":"VDatum_MTL","ID":"WCoffsh00_8301","Agency":"NOAA","DataLink":"https://vdatum.noaa.gov/download/data/WCoffsh00_8301.zip","DataType":"mtl","Coverage":"wcoffsh00_8301","ArchiveMember":"WCoffsh00_8301/WCoffsh00_8301_mtl.gtx","MultiGrid":false,"DataSource":"vdatum","LastUpdate":"20260908092331"},"geometry":{"type":"Polygon","coordinates":[[[-132.385,30.755],[-119.73000000000002,30.755],[-119.73000000000002,50.915],[-132.385,50.915],[-132.385,30.755]]]}},{"type":"Feature","properties":{"Name":"VDatum_TSS","ID":"WCoffsh00_8301","Agency":"NOAA","DataLink":"https://vdatum.noaa.gov/download/data/WCoffsh00_8301.zip","DataType":"tss","Coverage":"wcoffsh00_8301","ArchiveMember":"WCoffsh00_8301/WCoffsh00_8301_tss.gtx","MultiGrid":false,"DataSource":"vdatum","LastUpdate":"20260908092331"},"geometry":{"type":"Polygon","coordinates":[[[-132.385,30.755],[-119.73000000000002,30.755],[-119.73000000000002,50.915],[-132.385,50.915],[-132.385,30.755]]]}},{"type":"Feature","properties":{"Name":"VDatum_XGEOID16B","ID":"xgeoid16b:ak","Agency":"NOAA","DataLink":"https://vdatum.noaa.gov/download/data/vdatum_XGEOID16B.zip","DataType":"xgeoid16b","Coverage":"ak","ArchiveMember":"vdatum/core/xgeoid16b/ak.gtx","Resolution":0.0166667,"MultiGrid":true,"DataSource":"vdatum","LastUpdate":"20260908092331"},"geometry":{"type":"Polygon","coordinates":[[[172.0,49.0],[-126.0,49.0],[-126.0,72.0],[172.0,72.0],[172.0,49.0]]]}},{"type":"Feature","properties":{"Name":"VDatum_XGEOID16B","ID":"xgeoid16b:conus","Agency":"NOAA","DataLink":"https://vdatum.noaa.gov/download/data/vdatum_XGEOID16B.zip","DataType":"xgeoid16b","Coverage":"conus","ArchiveMember":"vdatum/core/xgeoid16b/conus.gtx","Resolution":0.0166667,"MultiGrid":true,"DataSource":"vdatum","LastUpdate":"20260908092331"},"geometry":{"type":"Polygon","coordinates":[[[-130.0,24.0],[-60.0,24.0],[-60.0,58.0],[-130.0,58.0],[-130.0,24.0]]]}},{"type":"Feature","properties":{"Name":"VDatum_XGEOID16B","ID":"xgeoid16b:hi","Agency":"NOAA","DataLink":"https://vdatum.noaa.gov/download/data/vdatum_XGEOID16B.zip","DataType":"xgeoid16b","Coverage":"hi","ArchiveMember":"vdatum/core/xgeoid16b/hi.gtx","Resolution":0.0166667,"MultiGrid":true,"DataSource":"vdatum","LastUpdate":"20260908092331"},"geometry":{"type":"Polygon","coordinates":[[[-161.0,18.0],[-154.0,18.0],[-154.0,24.0],[-161.0,24.0],[-161.0,18.0]]]}},{"type":"Feature","properties":{"Name":"VDatum_XGEOID16B","ID":"xgeoid16b:prvi","Agency":"NOAA","DataLink":"https://vdatum.noaa.gov/download/data/vdatum_XGEOID16B.zip","DataType":"xgeoid16b","Coverage":"prvi","ArchiveMember":"vdatum/core/xgeoid16b/prvi.gtx","Resolution":0.0166667,"MultiGrid":true,"DataSource":"vdatum","LastUpdate":"20260908092331"},"geometry":{"type":"Polygon","coordinates":[[[-69.0,15.0],[-64.0,15.0],[-64.0,21.0],[-69.0,21.0],[-69.0,15.0]]]}},{"type":"Feature","properties":{"Name":"VDatum_XGEOID17B","ID":"xgeoid17b:ak_17b","Agency":"NOAA","DataLink":"https://vdatum.noaa.gov/download/data/vdatum_XGEOID17B.zip","DataType":"xgeoid17b","Coverage":"ak_17b","ArchiveMember":"vdatum/core/xgeoid17b/AK_17B.gtx","Resolution":0.0166667,"MultiGrid":true,"DataSource":"vdatum","LastUpdate":"20260908092331"},"geometry":{"type": "MultiPolygon","coordinates": [[[[172.0, 49.0],[180.0, 49.0],[180.0, 72.0],[172.0, 72.0],[172.0, 49.0]]],[[[-180.0, 49.0],[-126.0, 49.0],[-126.0, 72.0],[-180.0, 72.0],[-180.0, 49.0]]]]}},{"type":"Feature","properties":{"Name":"VDatum_XGEOID17B","ID":"xgeoid17b:conus_17b","Agency":"NOAA","DataLink":"https://vdatum.noaa.gov/download/data/vdatum_XGEOID17B.zip","DataType":"xgeoid17b","Coverage":"conus_17b","ArchiveMember":"vdatum/core/xgeoid17b/CONUS_17B.gtx","Resolution":0.0166667,"MultiGrid":true,"DataSource":"vdatum","LastUpdate":"20260908092331"},"geometry":{"type":"Polygon","coordinates":[[[-130.0,24.0],[-60.0,24.0],[-60.0,58.0],[-130.0,58.0],[-130.0,24.0]]]}},{"type":"Feature","properties":{"Name":"VDatum_XGEOID17B","ID":"xgeoid17b:prvi_17b","Agency":"NOAA","DataLink":"https://vdatum.noaa.gov/download/data/vdatum_XGEOID17B.zip","DataType":"xgeoid17b","Coverage":"prvi_17b","ArchiveMember":"vdatum/core/xgeoid17b/PRVI_17B.gtx","Resolution":0.0166667,"MultiGrid":true,"DataSource":"vdatum","LastUpdate":"20260908092331"},"geometry":{"type":"Polygon","coordinates":[[[-69.0,15.0],[-64.0,15.0],[-64.0,21.0],[-69.0,21.0],[-69.0,15.0]]]}},{"type":"Feature","properties":{"Name":"VDatum_XGEOID18B","ID":"xgeoid18b:ak_18b","Agency":"NOAA","DataLink":"https://vdatum.noaa.gov/download/data/vdatum_XGEOID18B.zip","DataType":"xgeoid18b","Coverage":"ak_18b","ArchiveMember":"vdatum/core/xgeoid18b/AK_18B.gtx","Resolution":0.0166666667,"MultiGrid":true,"DataSource":"vdatum","LastUpdate":"20260908092331"},"geometry":{"type":"Polygon","coordinates":[[[172.0,60.0],[-156.0,60.0],[-156.0,72.0],[172.0,72.0],[172.0,60.0]]]}},{"type":"Feature","properties":{"Name":"VDatum_XGEOID18B","ID":"xgeoid18b:as_18b","Agency":"NOAA","DataLink":"https://vdatum.noaa.gov/download/data/vdatum_XGEOID18B.zip","DataType":"xgeoid18b","Coverage":"as_18b","ArchiveMember":"vdatum/core/xgeoid18b/AS_18B.gtx","Resolution":0.0166666667,"MultiGrid":true,"DataSource":"vdatum","LastUpdate":"20260908092331"},"geometry":{"type":"Polygon","coordinates":[[[-174.0,-16.0],[-166.9999999986,-16.0],[-166.9999999986,-9.9999999988],[-174.0,-9.9999999988],[-174.0,-16.0]]]}},{"type":"Feature","properties":{"Name":"VDatum_XGEOID18B","ID":"xgeoid18b:conus_18b","Agency":"NOAA","DataLink":"https://vdatum.noaa.gov/download/data/vdatum_XGEOID18B.zip","DataType":"xgeoid18b","Coverage":"conus_18b","ArchiveMember":"vdatum/core/xgeoid18b/CONUS_18B.gtx","Resolution":0.0166666667,"MultiGrid":true,"DataSource":"vdatum","LastUpdate":"20260908092331"},"geometry":{"type":"Polygon","coordinates":[[[-130.0,24.0],[-60.0,24.0],[-60.0,58.0],[-130.0,58.0],[-130.0,24.0]]]}},{"type":"Feature","properties":{"Name":"VDatum_XGEOID18B","ID":"xgeoid18b:gu_18b","Agency":"NOAA","DataLink":"https://vdatum.noaa.gov/download/data/vdatum_XGEOID18B.zip","DataType":"xgeoid18b","Coverage":"gu_18b","ArchiveMember":"vdatum/core/xgeoid18b/GU_18B.gtx","Resolution":0.0166666667,"MultiGrid":true,"DataSource":"vdatum","LastUpdate":"20260908092331"},"geometry":{"type":"Polygon","coordinates":[[[143.0,11.0],[148.0000000001,11.0],[148.0000000001,22.0000000002],[143.0,22.0000000002],[143.0,11.0]]]}},{"type":"Feature","properties":{"Name":"VDatum_XGEOID18B","ID":"xgeoid18b:prvi_18b","Agency":"NOAA","DataLink":"https://vdatum.noaa.gov/download/data/vdatum_XGEOID18B.zip","DataType":"xgeoid18b","Coverage":"prvi_18b","ArchiveMember":"vdatum/core/xgeoid18b/PRVI_18B.gtx","Resolution":0.0166666667,"MultiGrid":true,"DataSource":"vdatum","LastUpdate":"20260908092331"},"geometry":{"type":"Polygon","coordinates":[[[-69.0,13.0],[-64.0,13.0],[-64.0,21.0],[-69.0,21.0],[-69.0,13.0]]]}},{"type":"Feature","properties":{"Name":"VDatum_XGEOID19B","ID":"xgeoid19b:conuspac.pc","Agency":"NOAA","DataLink":"https://vdatum.noaa.gov/download/data/vdatum_XGEOID19B.zip","DataType":"xgeoid19b","Coverage":"conuspac.pc","ArchiveMember":"vdatum/core/xgeoid19b/CONUSPAC.pc.gtx","Resolution":0.0166666667,"MultiGrid":true,"DataSource":"vdatum","LastUpdate":"20260908092331"},"geometry":{"type":"Polygon","coordinates":[[[170.0,0.0],[-10.0,0.0],[-10.0,85.0],[170.0,85.0],[170.0,0.0]]]}},{"type":"Feature","properties":{"Name":"VDatum_XGEOID20B","ID":"xgeoid20b:as","Agency":"NOAA","DataLink":"https://vdatum.noaa.gov/download/data/vdatum_XGEOID20B.zip","DataType":"xgeoid20b","Coverage":"as","ArchiveMember":"xgeoid20b/vdatum/core/xgeoid20b/as.gtx","Resolution":0.0166666667,"MultiGrid":true,"DataSource":"vdatum","LastUpdate":"20260908092331"},"geometry":{"type":"Polygon","coordinates":[[[-174.0,-16.0],[-166.9999999986,-16.0],[-166.9999999986,-9.9999999988],[-174.0,-9.9999999988],[-174.0,-16.0]]]}},{"type":"Feature","properties":{"Name":"VDatum_XGEOID20B","ID":"xgeoid20b:conuspac","Agency":"NOAA","DataLink":"https://vdatum.noaa.gov/download/data/vdatum_XGEOID20B.zip","DataType":"xgeoid20b","Coverage":"conuspac","ArchiveMember":"xgeoid20b/vdatum/core/xgeoid20b/conuspac.gtx","Resolution":0.0166666667,"MultiGrid":true,"DataSource":"vdatum","LastUpdate":"20260908092331"},"geometry":{"type":"Polygon","coordinates":[[[-180.0,0.0],[-10.0,0.0],[-10.0,85.0],[-180.0,85.0],[-180.0,0.0]]]}},{"type":"Feature","properties":{"Name":"VDatum_XGEOID20B","ID":"xgeoid20b:gu","Agency":"NOAA","DataLink":"https://vdatum.noaa.gov/download/data/vdatum_XGEOID20B.zip","DataType":"xgeoid20b","Coverage":"gu","ArchiveMember":"xgeoid20b/vdatum/core/xgeoid20b/gu.gtx","Resolution":0.0166666667,"MultiGrid":true,"DataSource":"vdatum","LastUpdate":"20260908092331"},"geometry":{"type":"Polygon","coordinates":[[[143.0,11.0],[148.0000000001,11.0],[148.0000000001,22.0000000002],[143.0,22.0000000002],[143.0,11.0]]]}},{"type":"Feature","properties":{"Name":"VDatum_XGEOID20B","ID":"xgeoid20b:vconuspac","Agency":"NOAA","DataLink":"https://vdatum.noaa.gov/download/data/vdatum_XGEOID20B.zip","DataType":"xgeoid20b","Coverage":"vconuspac","ArchiveMember":"xgeoid20b/vdatum/core/xgeoid20b/vconuspac.gtx","Resolution":0.0833333333,"MultiGrid":true,"DataSource":"vdatum","LastUpdate":"20260908092331"},"geometry":{"type":"Polygon","coordinates":[[[-180,-90.0],[-0.08333333330006099,-90.0],[-0.08333333330006099,89.9166666667],[-180,89.9166666667],[-180,-90.0]]]}}]}
